#include <touchgfx/hal/Types.hpp>

FONT_GLYPH_LOCATION_FLASH_PRAGMA
KEEP extern const uint8_t unicodes_Poppins_Light_60_2bpp_0[] FONT_GLYPH_LOCATION_FLASH_ATTRIBUTE = {
    // Unicode: [0x0020, space]
    // (Has no glyph data)
    // Unicode: [0x0021, exclam]
    0xFC, 0x0B, 0xFF, 0xC2, 0xBF, 0xF0, 0x2F, 0xFC, 0x0B, 0xFE, 0x82, 0xBF, 0xE0, 0x2F, 0xF8, 0x0B,
    0xFE, 0x82, 0xBF, 0xE0, 0x1F, 0xF8, 0x07, 0xFE, 0x81, 0x7F, 0xE0, 0x1F, 0xF8, 0x07, 0xFE, 0x81,
    0x7F, 0xE0, 0x1F, 0xF8, 0x07, 0xFD, 0x41, 0x7F, 0xD0, 0x1F, 0xF4, 0x07, 0xFD, 0x41, 0x7F, 0xD0,
    0x0F, 0xF4, 0x03, 0xFD, 0x40, 0x3F, 0x00, 0x00, 0x00, 0x00, 0x00, 0x00, 0x00, 0x00, 0x00, 0x00,
    0x00, 0x55, 0xD1, 0xFF, 0xF5, 0x7F, 0xFD, 0x5F, 0xFF, 0xD7, 0xFF, 0x01,
    // Unicode: [0x0022, quotedbl]
    0xA9, 0x41, 0x6A, 0xFD, 0x41, 0xBF, 0xFD, 0x41, 0xBF, 0xFD, 0x41, 0xBF, 0xFD, 0x01, 0xBF, 0xFD,
    0x01, 0x7F, 0xFD, 0x01, 0x7F, 0xFD, 0x01, 0x7F, 0xFC, 0x00, 0x7F, 0xFC, 0x00, 0x7F, 0xFC, 0x00,
    0x7E, 0xFC, 0x00, 0x7E,
    // Unicode: [0x0023, numbersign]
    0x00, 0x00, 0x00, 0x00, 0xFF, 0x00, 0x00, 0x00, 0xF8, 0x07, 0x00, 0x00, 0x00, 0x00, 0x40, 0xBF,
    0x00, 0x00, 0x00, 0xFC, 0x03, 0x00, 0x00, 0x00, 0x00, 0x40, 0xBF, 0x00, 0x00, 0x00, 0xFC, 0x03,
    0x00, 0x00, 0x00, 0x00, 0x80, 0x7F, 0x00, 0x00, 0x00, 0xFD, 0x02, 0x00, 0x00, 0x00, 0x00, 0xC0,
    0x3F, 0x00, 0x00, 0x00, 0xFE, 0x02, 0x00, 0x00, 0x00, 0x00, 0xC0, 0x3F, 0x00, 0x00, 0x00, 0xFE,
    0x01, 0x00, 0x00, 0x00, 0x00, 0xD0, 0x2F, 0x00, 0x00, 0x00, 0xFF, 0x00, 0x00, 0x00, 0x00, 0x00,
    0xE0, 0x1F, 0x00, 0x00, 0x40, 0xFF, 0x00, 0x00, 0x00, 0x00, 0x00, 0xE0, 0x1F, 0x00, 0x00, 0x40,
    0xBF, 0x00, 0x00, 0x00, 0x00, 0x00, 0xF0, 0x0F, 0x00, 0x00, 0x80, 0x7F, 0x00, 0x00, 0x00, 0x00,
    0x00, 0xF0, 0x0B, 0x00, 0x00, 0x80, 0x7F, 0x00, 0x00, 0x00, 0x00, 0x00, 0xF4, 0x0B, 0x00, 0x00,
    0xC0, 0x3F, 0x00, 0x00, 0x00, 0x00, 0x00, 0xF8, 0x07, 0x00, 0x00, 0xD0, 0x2F, 0x00, 0x00, 0x80,
    0xFF, 0xFF, 0xFF, 0xFF, 0xFF, 0xFF, 0xFF, 0xFF, 0xFF, 0x7F, 0x80, 0xFF, 0xFF, 0xFF, 0xFF, 0xFF,
    0xFF, 0xFF, 0xFF, 0xFF, 0x7F, 0x80, 0xFF, 0xFF, 0xFF, 0xFF, 0xFF, 0xFF, 0xFF, 0xFF, 0xFF, 0x7F,
    0x80, 0xAA, 0xAA, 0xFF, 0xAB, 0xAA, 0xAA, 0xFE, 0xAF, 0xAA, 0x6A, 0x00, 0x00, 0x00, 0xFE, 0x01,
    0x00, 0x00, 0xF4, 0x0B, 0x00, 0x00, 0x00, 0x00, 0x00, 0xFF, 0x00, 0x00, 0x00, 0xF8, 0x07, 0x00,
    0x00, 0x00, 0x00, 0x00, 0xFF, 0x00, 0x00, 0x00, 0xF8, 0x07, 0x00, 0x00, 0x00, 0x00, 0x40, 0xBF,
    0x00, 0x00, 0x00, 0xFC, 0x03, 0x00, 0x00, 0x00, 0x00, 0x80, 0x7F, 0x00, 0x00, 0x00, 0xFD, 0x02,
    0x00, 0x00, 0x00, 0x00, 0x80, 0x7F, 0x00, 0x00, 0x00, 0xFD, 0x02, 0x00, 0x00, 0x00, 0x00, 0xC0,
    0x3F, 0x00, 0x00, 0x00, 0xFE, 0x01, 0x00, 0x00, 0x00, 0x00, 0xD0, 0x2F, 0x00, 0x00, 0x00, 0xFF,
    0x00, 0x00, 0x00, 0x00, 0x00, 0xD0, 0x2F, 0x00, 0x00, 0x00, 0xFF, 0x00, 0x00, 0x00, 0x00, 0x00,
    0xE0, 0x1F, 0x00, 0x00, 0x40, 0xBF, 0x00, 0x00, 0x00, 0xAA, 0xAA, 0xFA, 0xBF, 0xAA, 0xAA, 0xEA,
    0xFF, 0xAA, 0xAA, 0x01, 0xFF, 0xFF, 0xFF, 0xFF, 0xFF, 0xFF, 0xFF, 0xFF, 0xFF, 0xFF, 0x01, 0xFF,
    0xFF, 0xFF, 0xFF, 0xFF, 0xFF, 0xFF, 0xFF, 0xFF, 0xFF, 0x01, 0xFF, 0xFF, 0xFF, 0xFF, 0xFF, 0xFF,
    0xFF, 0xFF, 0xFF, 0xFF, 0x01, 0x00, 0x00, 0xF8, 0x07, 0x00, 0x00, 0xD0, 0x2F, 0x00, 0x00, 0x00,
    0x00, 0x00, 0xFC, 0x03, 0x00, 0x00, 0xE0, 0x1F, 0x00, 0x00, 0x00, 0x00, 0x00, 0xFC, 0x02, 0x00,
    0x00, 0xE0, 0x1F, 0x00, 0x00, 0x00, 0x00, 0x00, 0xFD, 0x02, 0x00, 0x00, 0xF0, 0x0F, 0x00, 0x00,
    0x00, 0x00, 0x00, 0xFE, 0x01, 0x00, 0x00, 0xF4, 0x0B, 0x00, 0x00, 0x00, 0x00, 0x00, 0xFE, 0x01,
    0x00, 0x00, 0xF4, 0x0B, 0x00, 0x00, 0x00, 0x00, 0x00, 0xFF, 0x00, 0x00, 0x00, 0xF8, 0x07, 0x00,
    0x00, 0x00, 0x00, 0x40, 0xBF, 0x00, 0x00, 0x00, 0xFC, 0x07, 0x00, 0x00, 0x00, 0x00, 0x40, 0xBF,
    0x00, 0x00, 0x00, 0xFC, 0x03, 0x00, 0x00, 0x00, 0x00, 0x80, 0x7F, 0x00, 0x00, 0x00, 0xFD, 0x02,
    0x00, 0x00, 0x00, 0x00, 0x80, 0x3F, 0x00, 0x00, 0x00, 0xFD, 0x02, 0x00, 0x00, 0x00, 0x00, 0xC0,
    0x3F, 0x00, 0x00, 0x00, 0xFE, 0x01, 0x00, 0x00, 0x00, 0x00, 0xD0, 0x2F, 0x00, 0x00, 0x00, 0xFF,
    0x00, 0x00, 0x00, 0x00,
    // Unicode: [0x0024, dollar]
    0x00, 0x00, 0x00, 0x28, 0x00, 0x00, 0x00, 0x00, 0x00, 0x00, 0x28, 0x00, 0x00, 0x00, 0x00, 0x00,
    0x00, 0x28, 0x00, 0x00, 0x00, 0x00, 0x00, 0x00, 0x28, 0x00, 0x00, 0x00, 0x00, 0x00, 0x00, 0x28,
    0x00, 0x00, 0x00, 0x00, 0x00, 0x00, 0x28, 0x00, 0x00, 0x00, 0x00, 0x00, 0xE9, 0xFF, 0x1A, 0x00,
    0x00, 0x00, 0xE4, 0xFF, 0xFF, 0xFF, 0x01, 0x00, 0x00, 0xFE, 0xFF, 0xFF, 0xFF, 0x1F, 0x00, 0xC0,
    0xFF, 0x6B, 0xBD, 0xFE, 0x7F, 0x00, 0xE0, 0xBF, 0x01, 0x28, 0xE0, 0xFF, 0x01, 0xF8, 0x2F, 0x00,
    0x28, 0x40, 0xFF, 0x07, 0xFC, 0x0B, 0x00, 0x28, 0x00, 0xFD, 0x0B, 0xFD, 0x07, 0x00, 0x28, 0x00,
    0xF4, 0x1F, 0xFE, 0x03, 0x00, 0x28, 0x00, 0xF0, 0x2F, 0xFE, 0x02, 0x00, 0x28, 0x00, 0xE0, 0x3F,
    0xFE, 0x02, 0x00, 0x28, 0x00, 0x00, 0x00, 0xFE, 0x02, 0x00, 0x28, 0x00, 0x00, 0x00, 0xFE, 0x03,
    0x00, 0x28, 0x00, 0x00, 0x00, 0xFD, 0x07, 0x00, 0x28, 0x00, 0x00, 0x00, 0xFC, 0x0B, 0x00, 0x28,
    0x00, 0x00, 0x00, 0xF8, 0x2F, 0x00, 0x28, 0x00, 0x00, 0x00, 0xF0, 0xFF, 0x01, 0x28, 0x00, 0x00,
    0x00, 0xD0, 0xFF, 0x1F, 0x28, 0x00, 0x00, 0x00, 0x40, 0xFF, 0xFF, 0x2E, 0x00, 0x00, 0x00, 0x00,
    0xF8, 0xFF, 0xBF, 0x01, 0x00, 0x00, 0x00, 0x40, 0xFE, 0xFF, 0x6F, 0x00, 0x00, 0x00, 0x00, 0x90,
    0xFF, 0xFF, 0x1B, 0x00, 0x00, 0x00, 0x00, 0xFC, 0xFF, 0xBF, 0x00, 0x00, 0x00, 0x00, 0x28, 0xF9,
    0xFF, 0x02, 0x00, 0x00, 0x00, 0x28, 0x90, 0xFF, 0x0B, 0x00, 0x00, 0x00, 0x28, 0x00, 0xFD, 0x1F,
    0x00, 0x00, 0x00, 0x28, 0x00, 0xF4, 0x3F, 0x00, 0x00, 0x00, 0x28, 0x00, 0xD0, 0x7F, 0x00, 0x00,
    0x00, 0x28, 0x00, 0xC0, 0xBF, 0x00, 0x00, 0x00, 0x28, 0x00, 0x80, 0xFF, 0x54, 0x00, 0x00, 0x28,
    0x00, 0x80, 0xFF, 0xFE, 0x03, 0x00, 0x28, 0x00, 0x80, 0xFF, 0xFD, 0x03, 0x00, 0x28, 0x00, 0x80,
    0xFF, 0xFC, 0x0B, 0x00, 0x28, 0x00, 0xC0, 0xBF, 0xF8, 0x1F, 0x00, 0x28, 0x00, 0xD0, 0x7F, 0xF4,
    0x3F, 0x00, 0x28, 0x00, 0xE0, 0x3F, 0xD0, 0xFF, 0x01, 0x28, 0x00, 0xF8, 0x2F, 0x80, 0xFF, 0x0B,
    0x28, 0x40, 0xFE, 0x0B, 0x00, 0xFE, 0xBF, 0x7E, 0xF9, 0xFF, 0x03, 0x00, 0xF4, 0xFF, 0xFF, 0xFF,
    0xBF, 0x00, 0x00, 0x40, 0xFF, 0xFF, 0xFF, 0x1B, 0x00, 0x00, 0x00, 0x94, 0xFE, 0x6F, 0x01, 0x00,
    0x00, 0x00, 0x00, 0x28, 0x00, 0x00, 0x00, 0x00, 0x00, 0x00, 0x28, 0x00, 0x00, 0x00, 0x00, 0x00,
    0x00, 0x28, 0x00, 0x00, 0x00, 0x00, 0x00, 0x00, 0x28, 0x00, 0x00, 0x00, 0x00, 0x00, 0x00, 0x28,
    0x00, 0x00, 0x00,
    // Unicode: [0x0025, percent]
    0x00, 0xE8, 0xAF, 0x01, 0x00, 0x00, 0xD0, 0x2F, 0x00, 0xFE, 0xFF, 0x2F, 0x00, 0x00, 0xC0, 0x7F,
    0x00, 0xFE, 0xAB, 0xFF, 0x02, 0x00, 0x80, 0xBF, 0x00, 0xFE, 0x02, 0xE0, 0x2F, 0x00, 0x40, 0xFF,
    0x00, 0xFD, 0x01, 0x00, 0xFD, 0x01, 0x00, 0xFE, 0x01, 0xF8, 0x02, 0x00, 0xE0, 0x0B, 0x00, 0xFD,
    0x02, 0xE0, 0x07, 0x00, 0x40, 0x2F, 0x00, 0xFC, 0x07, 0xC0, 0x1F, 0x00, 0x00, 0xFC, 0x00, 0xF8,
    0x0B, 0x00, 0x7F, 0x00, 0x00, 0xF0, 0x03, 0xF4, 0x0F, 0x00, 0xF8, 0x01, 0x00, 0xD0, 0x0B, 0xE0,
    0x1F, 0x00, 0xD0, 0x0B, 0x00, 0x80, 0x2F, 0xD0, 0x3F, 0x00, 0x00, 0xBF, 0x00, 0x80, 0x3F, 0xC0,
    0x7F, 0x00, 0x00, 0xF4, 0x1B, 0x90, 0xBF, 0x80, 0xBF, 0x00, 0x00, 0x80, 0xFF, 0xFF, 0xBF, 0x00,
    0xFF, 0x00, 0x00, 0x00, 0xF4, 0xFF, 0x7F, 0x00, 0xFE, 0x02, 0x00, 0x00, 0x00, 0xA9, 0x1A, 0x00,
    0xFD, 0x03, 0x00, 0x00, 0x00, 0x00, 0x00, 0x00, 0xFC, 0x07, 0x00, 0x00, 0x00, 0x00, 0x00, 0x00,
    0xF4, 0x0B, 0x00, 0x00, 0x00, 0x00, 0x00, 0x00, 0xF0, 0x1F, 0x00, 0x00, 0x00, 0x00, 0x00, 0x00,
    0xE0, 0x2F, 0x00, 0x00, 0x00, 0x00, 0x00, 0x00, 0xD0, 0x3F, 0x00, 0x00, 0x00, 0x00, 0x00, 0x00,
    0x80, 0x7F, 0x00, 0x00, 0x00, 0x00, 0x00, 0x00, 0x40, 0xFF, 0x00, 0x00, 0x00, 0x00, 0x00, 0x00,
    0x00, 0xFF, 0x01, 0x00, 0x00, 0x00, 0x00, 0x00, 0x00, 0xFE, 0x02, 0x00, 0x00, 0x00, 0x00, 0x00,
    0x00, 0xFC, 0x03, 0x90, 0xBF, 0x06, 0x00, 0x00, 0x00, 0xF8, 0x0B, 0xF4, 0xFF, 0xBF, 0x00, 0x00,
    0x00, 0xF4, 0x0F, 0xF4, 0xBF, 0xFE, 0x0B, 0x00, 0x00, 0xF0, 0x1F, 0xF4, 0x1B, 0x80, 0xBF, 0x00,
    0x00, 0xD0, 0x2F, 0xE0, 0x0B, 0x00, 0xF4, 0x07, 0x00, 0xC0, 0x7F, 0xD0, 0x0F, 0x00, 0x80, 0x2F,
    0x00, 0x80, 0xBF, 0x40, 0x2F, 0x00, 0x00, 0xFD, 0x00, 0x40, 0xFF, 0x00, 0xBE, 0x00, 0x00, 0xF0,
    0x03, 0x00, 0xFE, 0x01, 0xF8, 0x01, 0x00, 0xC0, 0x0F, 0x00, 0xFD, 0x02, 0xE0, 0x0B, 0x00, 0x00,
    0x3F, 0x00, 0xFC, 0x07, 0x40, 0x2F, 0x00, 0x00, 0xFD, 0x00, 0xF8, 0x0B, 0x00, 0xFC, 0x00, 0x00,
    0xF8, 0x02, 0xF4, 0x0F, 0x00, 0xE0, 0x0B, 0x00, 0xF4, 0x07, 0xE0, 0x1F, 0x00, 0x40, 0xBF, 0x01,
    0xF4, 0x0B, 0xD0, 0x3F, 0x00, 0x00, 0xF4, 0xBF, 0xFE, 0x0B, 0xC0, 0x7F, 0x00, 0x00, 0x40, 0xFF,
    0xFF, 0x0B, 0x80, 0xBF, 0x00, 0x00, 0x00, 0x90, 0xFF, 0x06, 0x00,
    // Unicode: [0x0026, ampersand]
    0x00, 0x00, 0x00, 0x90, 0xFF, 0x5B, 0x00, 0x00, 0x00, 0x00, 0x00, 0x00, 0xD0, 0xFF, 0xFF, 0x2F,
    0x00, 0x00, 0x00, 0x00, 0x00, 0x80, 0xFF, 0xFF, 0xFF, 0x1F, 0x00, 0x00, 0x00, 0x00, 0x00, 0xFE,
    0xAF, 0xEA, 0xFF, 0x07, 0x00, 0x00, 0x00, 0x00, 0xF8, 0x6F, 0x00, 0xD0, 0xFF, 0x00, 0x00, 0x00,
    0x00, 0xC0, 0xBF, 0x00, 0x00, 0xF4, 0x1F, 0x00, 0x00, 0x00, 0x00, 0xFD, 0x03, 0x00, 0x00, 0xFD,
    0x02, 0x00, 0x00, 0x00, 0xE0, 0x2F, 0x00, 0x00, 0xC0, 0x3F, 0x00, 0x00, 0x00, 0x00, 0xFE, 0x01,
    0x00, 0x00, 0xF8, 0x07, 0x00, 0x00, 0x00, 0xE0, 0x1F, 0x00, 0x00, 0x80, 0x7F, 0x00, 0x00, 0x00,
    0x00, 0xFE, 0x01, 0x00, 0x00, 0xF4, 0x0B, 0x00, 0x00, 0x00, 0xD0, 0x1F, 0x00, 0x00, 0x40, 0x6A,
    0x00, 0x00, 0x00, 0x00, 0xFC, 0x03, 0x00, 0x00, 0x00, 0x00, 0x00, 0x00, 0x00, 0x80, 0x7F, 0x00,
    0x00, 0x00, 0x00, 0x00, 0x00, 0x00, 0x00, 0xF0, 0x0F, 0x00, 0x00, 0x00, 0x00, 0x00, 0x00, 0x00,
    0x00, 0xFD, 0x02, 0x00, 0x00, 0x00, 0x00, 0x00, 0x00, 0x00, 0x40, 0xBF, 0x00, 0x00, 0x00, 0x00,
    0x00, 0x00, 0x00, 0x00, 0xD0, 0x2F, 0x00, 0x00, 0x00, 0x00, 0x00, 0x00, 0x40, 0xFE, 0xFF, 0x07,
    0x00, 0x00, 0x00, 0x00, 0x00, 0x80, 0xFF, 0xFF, 0xFF, 0x01, 0x00, 0x00, 0x00, 0x00, 0x40, 0xFF,
    0xFF, 0xFF, 0x7F, 0x00, 0x00, 0x00, 0x00, 0x00, 0xFC, 0xBF, 0x95, 0xFE, 0x1F, 0x00, 0x00, 0x00,
    0x00, 0xE0, 0x7F, 0x00, 0x40, 0xFE, 0x03, 0x00, 0x00, 0x00, 0x40, 0xFF, 0x01, 0x00, 0x40, 0xBF,
    0x00, 0x00, 0x00, 0x00, 0xFC, 0x07, 0x00, 0x00, 0xD0, 0x2F, 0x00, 0x00, 0x00, 0xD0, 0x2F, 0x00,
    0x00, 0x00, 0xF8, 0x0B, 0x00, 0x00, 0x00, 0xFE, 0x01, 0x00, 0x00, 0x00, 0xFF, 0x02, 0x00, 0x00,
    0xE0, 0x0F, 0x00, 0x00, 0x00, 0xE0, 0x7F, 0x00, 0x00, 0x00, 0xFE, 0x00, 0x00, 0x00, 0x00, 0xFD,
    0x1F, 0x00, 0x00, 0xE0, 0x0F, 0x00, 0x00, 0x00, 0xC0, 0xFF, 0x07, 0x00, 0x00, 0xFE, 0x00, 0x00,
    0x00, 0x00, 0xBC, 0xFF, 0x00, 0x00, 0xE0, 0x0F, 0x00, 0x00, 0x00, 0xD0, 0xD7, 0x3F, 0x00, 0x00,
    0xFE, 0x01, 0x00, 0x00, 0x00, 0x7D, 0xF8, 0x0B, 0x00, 0xD0, 0x2F, 0x00, 0x00, 0x00, 0xE0, 0x07,
    0xFE, 0x02, 0x00, 0xFC, 0x07, 0x00, 0x00, 0x40, 0x3F, 0x80, 0xBF, 0x00, 0x80, 0xFF, 0x00, 0x00,
    0x00, 0xFC, 0x02, 0xF0, 0x2F, 0x00, 0xF0, 0x7F, 0x00, 0x00, 0xE0, 0x1F, 0x00, 0xFC, 0x07, 0x00,
    0xFD, 0x6F, 0x00, 0xD0, 0xBF, 0x00, 0x40, 0xFF, 0x01, 0x40, 0xFF, 0xBF, 0xEA, 0xFF, 0x02, 0x00,
    0xD0, 0x7F, 0x00, 0xD0, 0xFF, 0xFF, 0xFF, 0x0B, 0x00, 0x00, 0xF4, 0x0F, 0x00, 0xE0, 0xFF, 0xFF,
    0x1F, 0x00, 0x00, 0x00, 0xFD, 0x03, 0x00, 0x90, 0xFF, 0x1B, 0x00, 0x00, 0x00, 0x80, 0xBF,
    // Unicode: [0x0027, quotesingle]
    0xA9, 0xF5, 0xDB, 0x6F, 0xBF, 0xFD, 0xF6, 0xCB, 0x1F, 0x7F, 0xFC, 0xF1, 0xC7, 0x1F, 0x7E,
    // Unicode: [0x0028, parenleft]
    0x00, 0x00, 0x00, 0x80, 0xBF, 0x00, 0x00, 0x00, 0xF4, 0x2F, 0x00, 0x00, 0x00, 0xFD, 0x07, 0x00,
    0x00, 0x40, 0xFF, 0x01, 0x00, 0x00, 0xC0, 0x7F, 0x00, 0x00, 0x00, 0xF0, 0x2F, 0x00, 0x00, 0x00,
    0xF8, 0x0B, 0x00, 0x00, 0x00, 0xFE, 0x02, 0x00, 0x00, 0x40, 0xFF, 0x00, 0x00, 0x00, 0xC0, 0x7F,
    0x00, 0x00, 0x00, 0xE0, 0x2F, 0x00, 0x00, 0x00, 0xF0, 0x0F, 0x00, 0x00, 0x00, 0xF8, 0x0B, 0x00,
    0x00, 0x00, 0xFD, 0x03, 0x00, 0x00, 0x00, 0xFE, 0x01, 0x00, 0x00, 0x40, 0xFF, 0x00, 0x00, 0x00,
    0x80, 0xBF, 0x00, 0x00, 0x00, 0xC0, 0x7F, 0x00, 0x00, 0x00, 0xD0, 0x2F, 0x00, 0x00, 0x00, 0xE0,
    0x1F, 0x00, 0x00, 0x00, 0xF0, 0x0F, 0x00, 0x00, 0x00, 0xF4, 0x0B, 0x00, 0x00, 0x00, 0xF8, 0x0B,
    0x00, 0x00, 0x00, 0xFC, 0x07, 0x00, 0x00, 0x00, 0xFC, 0x03, 0x00, 0x00, 0x00, 0xFD, 0x03, 0x00,
    0x00, 0x00, 0xFD, 0x02, 0x00, 0x00, 0x00, 0xFE, 0x02, 0x00, 0x00, 0x00, 0xFE, 0x01, 0x00, 0x00,
    0x00, 0xFE, 0x01, 0x00, 0x00, 0x00, 0xFF, 0x01, 0x00, 0x00, 0x00, 0xFF, 0x01, 0x00, 0x00, 0x00,
    0xFF, 0x00, 0x00, 0x00, 0x00, 0xFF, 0x00, 0x00, 0x00, 0x00, 0xFF, 0x00, 0x00, 0x00, 0x00, 0xFF,
    0x00, 0x00, 0x00, 0x00, 0xFF, 0x00, 0x00, 0x00, 0x00, 0xFF, 0x00, 0x00, 0x00, 0x00, 0xFF, 0x01,
    0x00, 0x00, 0x00, 0xFF, 0x01, 0x00, 0x00, 0x00, 0xFE, 0x01, 0x00, 0x00, 0x00, 0xFE, 0x01, 0x00,
    0x00, 0x00, 0xFE, 0x02, 0x00, 0x00, 0x00, 0xFD, 0x02, 0x00, 0x00, 0x00, 0xFD, 0x03, 0x00, 0x00,
    0x00, 0xFC, 0x03, 0x00, 0x00, 0x00, 0xFC, 0x07, 0x00, 0x00, 0x00, 0xF8, 0x0B, 0x00, 0x00, 0x00,
    0xF4, 0x0F, 0x00, 0x00, 0x00, 0xF0, 0x0F, 0x00, 0x00, 0x00, 0xE0, 0x1F, 0x00, 0x00, 0x00, 0xD0,
    0x2F, 0x00, 0x00, 0x00, 0xC0, 0x7F, 0x00, 0x00, 0x00, 0x80, 0xBF, 0x00, 0x00, 0x00, 0x40, 0xFF,
    0x00, 0x00, 0x00, 0x00, 0xFE, 0x01, 0x00, 0x00, 0x00, 0xFD, 0x03, 0x00, 0x00, 0x00, 0xF8, 0x0B,
    0x00, 0x00, 0x00, 0xF0, 0x0F, 0x00, 0x00, 0x00, 0xE0, 0x2F, 0x00, 0x00, 0x00, 0xC0, 0x7F, 0x00,
    0x00, 0x00, 0x40, 0xFF, 0x00, 0x00, 0x00, 0x00, 0xFD, 0x02, 0x00, 0x00, 0x00, 0xF8, 0x0B, 0x00,
    0x00, 0x00, 0xF0, 0x2F, 0x00, 0x00, 0x00, 0xC0, 0x7F, 0x00, 0x00, 0x00, 0x40, 0xFF, 0x01, 0x00,
    0x00, 0x00, 0xFD, 0x0B, 0x00, 0x00, 0x00, 0xF0, 0x2F, 0x00, 0x00, 0x00, 0x80, 0xBF,
    // Unicode: [0x0029, parenright]
    0xFF, 0x01, 0x00, 0x00, 0x00, 0xFD, 0x0B, 0x00, 0x00, 0x00, 0xF0, 0x2F, 0x00, 0x00, 0x00, 0x80,
    0xBF, 0x00, 0x00, 0x00, 0x00, 0xFF, 0x02, 0x00, 0x00, 0x00, 0xFC, 0x07, 0x00, 0x00, 0x00, 0xF4,
    0x1F, 0x00, 0x00, 0x00, 0xD0, 0x3F, 0x00, 0x00, 0x00, 0x80, 0xBF, 0x00, 0x00, 0x00, 0x00, 0xFE,
    0x01, 0x00, 0x00, 0x00, 0xFD, 0x03, 0x00, 0x00, 0x00, 0xF8, 0x0B, 0x00, 0x00, 0x00, 0xF0, 0x1F,
    0x00, 0x00, 0x00, 0xD0, 0x2F, 0x00, 0x00, 0x00, 0xC0, 0x7F, 0x00, 0x00, 0x00, 0x40, 0xBF, 0x00,
    0x00, 0x00, 0x00, 0xFF, 0x01, 0x00, 0x00, 0x00, 0xFE, 0x02, 0x00, 0x00, 0x00, 0xFD, 0x03, 0x00,
    0x00, 0x00, 0xFC, 0x07, 0x00, 0x00, 0x00, 0xF8, 0x0B, 0x00, 0x00, 0x00, 0xF4, 0x0F, 0x00, 0x00,
    0x00, 0xF0, 0x0F, 0x00, 0x00, 0x00, 0xE0, 0x1F, 0x00, 0x00, 0x00, 0xE0, 0x2F, 0x00, 0x00, 0x00,
    0xD0, 0x2F, 0x00, 0x00, 0x00, 0xD0, 0x3F, 0x00, 0x00, 0x00, 0xC0, 0x3F, 0x00, 0x00, 0x00, 0xC0,
    0x7F, 0x00, 0x00, 0x00, 0x80, 0x7F, 0x00, 0x00, 0x00, 0x80, 0x7F, 0x00, 0x00, 0x00, 0x80, 0xBF,
    0x00, 0x00, 0x00, 0x80, 0xBF, 0x00, 0x00, 0x00, 0x80, 0xBF, 0x00, 0x00, 0x00, 0x40, 0xBF, 0x00,
    0x00, 0x00, 0x40, 0xBF, 0x00, 0x00, 0x00, 0x80, 0xBF, 0x00, 0x00, 0x00, 0x80, 0xBF, 0x00, 0x00,
    0x00, 0x80, 0xBF, 0x00, 0x00, 0x00, 0x80, 0x7F, 0x00, 0x00, 0x00, 0x80, 0x7F, 0x00, 0x00, 0x00,
    0xC0, 0x7F, 0x00, 0x00, 0x00, 0xC0, 0x3F, 0x00, 0x00, 0x00, 0xD0, 0x3F, 0x00, 0x00, 0x00, 0xD0,
    0x2F, 0x00, 0x00, 0x00, 0xE0, 0x2F, 0x00, 0x00, 0x00, 0xE0, 0x1F, 0x00, 0x00, 0x00, 0xF0, 0x0F,
    0x00, 0x00, 0x00, 0xF4, 0x0F, 0x00, 0x00, 0x00, 0xF8, 0x0B, 0x00, 0x00, 0x00, 0xFC, 0x07, 0x00,
    0x00, 0x00, 0xFD, 0x03, 0x00, 0x00, 0x00, 0xFE, 0x02, 0x00, 0x00, 0x00, 0xFF, 0x01, 0x00, 0x00,
    0x40, 0xBF, 0x00, 0x00, 0x00, 0xC0, 0x7F, 0x00, 0x00, 0x00, 0xD0, 0x2F, 0x00, 0x00, 0x00, 0xF0,
    0x1F, 0x00, 0x00, 0x00, 0xF4, 0x0B, 0x00, 0x00, 0x00, 0xFC, 0x03, 0x00, 0x00, 0x00, 0xFE, 0x01,
    0x00, 0x00, 0x40, 0xBF, 0x00, 0x00, 0x00, 0xD0, 0x3F, 0x00, 0x00, 0x00, 0xF0, 0x1F, 0x00, 0x00,
    0x00, 0xF8, 0x0B, 0x00, 0x00, 0x00, 0xFE, 0x02, 0x00, 0x00, 0x80, 0xBF, 0x00, 0x00, 0x00, 0xE0,
    0x2F, 0x00, 0x00, 0x00, 0xFC, 0x0B, 0x00, 0x00, 0x00, 0xFF, 0x01, 0x00, 0x00, 0x00,
    // Unicode: [0x002A, asterisk]
    0x00, 0x00, 0x54, 0x01, 0x00, 0x00, 0x00, 0xC0, 0x7F, 0x00, 0x00, 0x00, 0x00, 0xFC, 0x03, 0x00,
    0x00, 0x00, 0x80, 0x3F, 0x00, 0x00, 0x10, 0x00, 0xF8, 0x03, 0x00, 0x40, 0x0B, 0x80, 0x2F, 0x00,
    0x0D, 0xF8, 0x02, 0xF4, 0x02, 0xF8, 0xD2, 0xFF, 0x41, 0x2F, 0xF4, 0x7F, 0xFD, 0xBF, 0xF4, 0xE1,
    0xFF, 0x07, 0xF9, 0x7F, 0x9F, 0xFF, 0x06, 0x00, 0xF9, 0xFF, 0xFF, 0x02, 0x00, 0x00, 0xE4, 0xBF,
    0x01, 0x00, 0x00, 0x90, 0xFF, 0x1F, 0x00, 0x00, 0x90, 0xFF, 0xFF, 0x6F, 0x00, 0xE4, 0xFF, 0xF6,
    0xF9, 0xBF, 0xE1, 0xFF, 0x47, 0x1F, 0xFD, 0xBF, 0xFD, 0x1F, 0xF4, 0x02, 0xFE, 0x83, 0x2F, 0x40,
    0x2F, 0x40, 0x2F, 0x70, 0x00, 0xF8, 0x02, 0x90, 0x00, 0x00, 0x80, 0x3F, 0x00, 0x00, 0x00, 0x00,
    0xF8, 0x03, 0x00, 0x00, 0x00, 0xC0, 0x7F, 0x00, 0x00, 0x00, 0x00, 0xFC, 0x07, 0x00, 0x00,
    // Unicode: [0x002B, plus]
    0x00, 0x00, 0x00, 0x54, 0x05, 0x00, 0x00, 0x00, 0x00, 0x00, 0x00, 0xFE, 0x01, 0x00, 0x00, 0x00,
    0x00, 0x00, 0x80, 0x7F, 0x00, 0x00, 0x00, 0x00, 0x00, 0x00, 0xE0, 0x1F, 0x00, 0x00, 0x00, 0x00,
    0x00, 0x00, 0xF8, 0x07, 0x00, 0x00, 0x00, 0x00, 0x00, 0x00, 0xFE, 0x01, 0x00, 0x00, 0x00, 0x00,
    0x00, 0x80, 0x7F, 0x00, 0x00, 0x00, 0x00, 0x00, 0x00, 0xE0, 0x1F, 0x00, 0x00, 0x00, 0x00, 0x00,
    0x00, 0xF8, 0x07, 0x00, 0x00, 0x00, 0x00, 0x00, 0x00, 0xFE, 0x01, 0x00, 0x00, 0x00, 0x00, 0x00,
    0x80, 0x7F, 0x00, 0x00, 0x00, 0x00, 0x00, 0x00, 0xE0, 0x1F, 0x00, 0x00, 0x00, 0x00, 0x00, 0x00,
    0xF8, 0x07, 0x00, 0x00, 0x00, 0x00, 0x00, 0x00, 0xFE, 0x01, 0x00, 0x00, 0xF0, 0xFF, 0xFF, 0xFF,
    0xFF, 0xFF, 0xFF, 0xFF, 0xFE, 0xFF, 0xFF, 0xFF, 0xFF, 0xFF, 0xFF, 0xBF, 0xFF, 0xFF, 0xFF, 0xFF,
    0xFF, 0xFF, 0xFF, 0xAF, 0xAA, 0xAA, 0xAA, 0xFF, 0xAB, 0xAA, 0xAA, 0x0A, 0x00, 0x00, 0x80, 0x7F,
    0x00, 0x00, 0x00, 0x00, 0x00, 0x00, 0xE0, 0x1F, 0x00, 0x00, 0x00, 0x00, 0x00, 0x00, 0xF8, 0x07,
    0x00, 0x00, 0x00, 0x00, 0x00, 0x00, 0xFE, 0x01, 0x00, 0x00, 0x00, 0x00, 0x00, 0x80, 0x7F, 0x00,
    0x00, 0x00, 0x00, 0x00, 0x00, 0xE0, 0x1F, 0x00, 0x00, 0x00, 0x00, 0x00, 0x00, 0xF8, 0x07, 0x00,
    0x00, 0x00, 0x00, 0x00, 0x00, 0xFE, 0x01, 0x00, 0x00, 0x00, 0x00, 0x00, 0x80, 0x7F, 0x00, 0x00,
    0x00, 0x00, 0x00, 0x00, 0xE0, 0x1F, 0x00, 0x00, 0x00, 0x00, 0x00, 0x00, 0xF8, 0x07, 0x00, 0x00,
    0x00, 0x00, 0x00, 0x00, 0xFE, 0x01, 0x00, 0x00, 0x00, 0x00, 0x00, 0x80, 0x7F, 0x00, 0x00, 0x00,
    0x00,
    // Unicode: [0x002C, comma]
    0xA9, 0xF1, 0x3F, 0xFF, 0xF7, 0x7F, 0xFF, 0x57, 0x7D, 0xD0, 0x07, 0x3E, 0xF4, 0xF2, 0x0B, 0x1B,
    0x00,
    // Unicode: [0x002D, hyphen]
    0xA8, 0xAA, 0xAA, 0xAA, 0xAA, 0xAA, 0xFD, 0xFF, 0xFF, 0xFF, 0xFF, 0xFF, 0xFD, 0xFF, 0xFF, 0xFF,
    0xFF, 0xFF, 0xFD, 0xFF, 0xFF, 0xFF, 0xFF, 0xFF,
    // Unicode: [0x002E, period]
    0x54, 0x45, 0xFF, 0xD7, 0xFF, 0xF5, 0x7F, 0xFD, 0x5F, 0xFF, 0x07,
    // Unicode: [0x002F, slash]
    0x00, 0x00, 0x00, 0x00, 0xFF, 0x01, 0x00, 0x00, 0x00, 0xFC, 0x03, 0x00, 0x00, 0x00, 0xF4, 0x0B,
    0x00, 0x00, 0x00, 0xE0, 0x2F, 0x00, 0x00, 0x00, 0xC0, 0x7F, 0x00, 0x00, 0x00, 0x00, 0xFF, 0x00,
    0x00, 0x00, 0x00, 0xFD, 0x02, 0x00, 0x00, 0x00, 0xF8, 0x0B, 0x00, 0x00, 0x00, 0xF0, 0x1F, 0x00,
    0x00, 0x00, 0xC0, 0x3F, 0x00, 0x00, 0x00, 0x40, 0xBF, 0x00, 0x00, 0x00, 0x00, 0xFE, 0x02, 0x00,
    0x00, 0x00, 0xFC, 0x07, 0x00, 0x00, 0x00, 0xF0, 0x0F, 0x00, 0x00, 0x00, 0xD0, 0x2F, 0x00, 0x00,
    0x00, 0x80, 0xBF, 0x00, 0x00, 0x00, 0x00, 0xFE, 0x01, 0x00, 0x00, 0x00, 0xFC, 0x03, 0x00, 0x00,
    0x00, 0xF4, 0x0B, 0x00, 0x00, 0x00, 0xE0, 0x2F, 0x00, 0x00, 0x00, 0x80, 0x7F, 0x00, 0x00, 0x00,
    0x00, 0xFF, 0x00, 0x00, 0x00, 0x00, 0xFD, 0x02, 0x00, 0x00, 0x00, 0xF8, 0x0B, 0x00, 0x00, 0x00,
    0xE0, 0x1F, 0x00, 0x00, 0x00, 0xC0, 0x3F, 0x00, 0x00, 0x00, 0x40, 0xBF, 0x00, 0x00, 0x00, 0x00,
    0xFE, 0x02, 0x00, 0x00, 0x00, 0xF8, 0x07, 0x00, 0x00, 0x00, 0xF0, 0x0F, 0x00, 0x00, 0x00, 0xD0,
    0x2F, 0x00, 0x00, 0x00, 0x80, 0xBF, 0x00, 0x00, 0x00, 0x00, 0xFE, 0x01, 0x00, 0x00, 0x00, 0xFC,
    0x03, 0x00, 0x00, 0x00, 0xF4, 0x0B, 0x00, 0x00, 0x00, 0xE0, 0x2F, 0x00, 0x00, 0x00, 0x80, 0x7F,
    0x00, 0x00, 0x00, 0x00, 0xFF, 0x00, 0x00, 0x00, 0x00, 0xFD, 0x02, 0x00, 0x00, 0x00, 0xF8, 0x0B,
    0x00, 0x00, 0x00, 0xE0, 0x1F, 0x00, 0x00, 0x00, 0xC0, 0x3F, 0x00, 0x00, 0x00, 0x40, 0xBF, 0x00,
    0x00, 0x00, 0x00, 0xFE, 0x02, 0x00, 0x00, 0x00, 0xF8, 0x07, 0x00, 0x00, 0x00, 0xF0, 0x0F, 0x00,
    0x00, 0x00, 0xD0, 0x2F, 0x00, 0x00, 0x00, 0x80, 0xBF, 0x00, 0x00, 0x00, 0x00, 0xFE, 0x01, 0x00,
    0x00, 0x00, 0xFC, 0x03, 0x00, 0x00, 0x00, 0xF4, 0x0B, 0x00, 0x00, 0x00, 0xE0, 0x2F, 0x00, 0x00,
    0x00, 0x80, 0x7F, 0x00, 0x00, 0x00, 0x00, 0xFF, 0x00, 0x00, 0x00, 0x00, 0xFD, 0x02, 0x00, 0x00,
    0x00, 0xF8, 0x0B, 0x00, 0x00, 0x00, 0xE0, 0x1F, 0x00, 0x00, 0x00, 0xC0, 0x3F, 0x00, 0x00, 0x00,
    0x40, 0xBF, 0x00, 0x00, 0x00, 0x00, 0xFE, 0x02, 0x00, 0x00, 0x00, 0xF8, 0x07, 0x00, 0x00, 0x00,
    0xF0, 0x0F, 0x00, 0x00, 0x00, 0xD0, 0x2F, 0x00, 0x00, 0x00, 0x80, 0xBF, 0x00, 0x00, 0x00, 0x00,
    0xFE, 0x01, 0x00, 0x00, 0x00, 0xFC, 0x03, 0x00, 0x00, 0x00, 0x00,
    // Unicode: [0x0030, zero]
    0x00, 0x00, 0xA4, 0xFF, 0x6B, 0x00, 0x00, 0x00, 0x00, 0xF8, 0xFF, 0xFF, 0xBF, 0x00, 0x00, 0x00,
    0xF4, 0xFF, 0xFF, 0xFF, 0x7F, 0x00, 0x00, 0xD0, 0xFF, 0xFF, 0xFF, 0xFF, 0x1F, 0x00, 0x00, 0xFF,
    0x6F, 0x00, 0xE4, 0xFF, 0x07, 0x00, 0xF8, 0x2F, 0x00, 0x00, 0xE0, 0xFF, 0x00, 0xD0, 0xBF, 0x00,
    0x00, 0x00, 0xF8, 0x1F, 0x00, 0xFE, 0x03, 0x00, 0x00, 0x00, 0xFE, 0x03, 0xF0, 0x1F, 0x00, 0x00,
    0x00, 0xC0, 0x7F, 0x40, 0xBF, 0x00, 0x00, 0x00, 0x00, 0xF8, 0x0B, 0xF8, 0x07, 0x00, 0x00, 0x00,
    0x40, 0xFF, 0xC0, 0x3F, 0x00, 0x00, 0x00, 0x00, 0xF0, 0x1F, 0xFD, 0x03, 0x00, 0x00, 0x00, 0x00,
    0xFE, 0xD1, 0x2F, 0x00, 0x00, 0x00, 0x00, 0xE0, 0x2F, 0xFE, 0x02, 0x00, 0x00, 0x00, 0x00, 0xFD,
    0xE2, 0x1F, 0x00, 0x00, 0x00, 0x00, 0xD0, 0x3F, 0xFE, 0x01, 0x00, 0x00, 0x00, 0x00, 0xFD, 0xF3,
    0x1F, 0x00, 0x00, 0x00, 0x00, 0xC0, 0x3F, 0xFF, 0x01, 0x00, 0x00, 0x00, 0x00, 0xFC, 0xF3, 0x1F,
    0x00, 0x00, 0x00, 0x00, 0xC0, 0x3F, 0xFF, 0x00, 0x00, 0x00, 0x00, 0x00, 0xFC, 0xF7, 0x0F, 0x00,
    0x00, 0x00, 0x00, 0xC0, 0x7F, 0xFF, 0x01, 0x00, 0x00, 0x00, 0x00, 0xFC, 0xF3, 0x1F, 0x00, 0x00,
    0x00, 0x00, 0xC0, 0x3F, 0xFF, 0x01, 0x00, 0x00, 0x00, 0x00, 0xFC, 0xE3, 0x1F, 0x00, 0x00, 0x00,
    0x00, 0xD0, 0x3F, 0xFE, 0x01, 0x00, 0x00, 0x00, 0x00, 0xFD, 0xE3, 0x2F, 0x00, 0x00, 0x00, 0x00,
    0xD0, 0x2F, 0xFD, 0x02, 0x00, 0x00, 0x00, 0x00, 0xFE, 0xD2, 0x3F, 0x00, 0x00, 0x00, 0x00, 0xE0,
    0x1F, 0xFC, 0x03, 0x00, 0x00, 0x00, 0x00, 0xFF, 0x81, 0x7F, 0x00, 0x00, 0x00, 0x00, 0xF4, 0x0F,
    0xF4, 0x0B, 0x00, 0x00, 0x00, 0x80, 0xBF, 0x00, 0xFF, 0x01, 0x00, 0x00, 0x00, 0xFC, 0x07, 0xE0,
    0x2F, 0x00, 0x00, 0x00, 0xE0, 0x3F, 0x00, 0xFD, 0x0B, 0x00, 0x00, 0x80, 0xFF, 0x01, 0x80, 0xFF,
    0x02, 0x00, 0x00, 0xFE, 0x0F, 0x00, 0xF0, 0xFF, 0x06, 0x40, 0xFE, 0x7F, 0x00, 0x00, 0xFD, 0xFF,
    0xFF, 0xFF, 0xFF, 0x01, 0x00, 0x40, 0xFF, 0xFF, 0xFF, 0xFF, 0x07, 0x00, 0x00, 0x80, 0xFF, 0xFF,
    0xFF, 0x0B, 0x00, 0x00, 0x00, 0x40, 0xFA, 0xBF, 0x06, 0x00, 0x00,
    // Unicode: [0x0031, one]
    0xFE, 0xFF, 0xBF, 0xFF, 0xFF, 0xEF, 0xFF, 0xFF, 0xFB, 0xFF, 0xFF, 0x00, 0xD0, 0x3F, 0x00, 0xF4,
    0x0F, 0x00, 0xFD, 0x03, 0x40, 0xFF, 0x00, 0xD0, 0x3F, 0x00, 0xF4, 0x0F, 0x00, 0xFD, 0x03, 0x40,
    0xFF, 0x00, 0xD0, 0x3F, 0x00, 0xF4, 0x0F, 0x00, 0xFD, 0x03, 0x40, 0xFF, 0x00, 0xD0, 0x3F, 0x00,
    0xF4, 0x0F, 0x00, 0xFD, 0x03, 0x40, 0xFF, 0x00, 0xD0, 0x3F, 0x00, 0xF4, 0x0F, 0x00, 0xFD, 0x03,
    0x40, 0xFF, 0x00, 0xD0, 0x3F, 0x00, 0xF4, 0x0F, 0x00, 0xFD, 0x03, 0x40, 0xFF, 0x00, 0xD0, 0x3F,
    0x00, 0xF4, 0x0F, 0x00, 0xFD, 0x03, 0x40, 0xFF, 0x00, 0xD0, 0x3F, 0x00, 0xF4, 0x0F, 0x00, 0xFD,
    0x03, 0x40, 0xFF, 0x00, 0xD0, 0x3F, 0x00, 0xF4, 0x0F, 0x00, 0xFD, 0x03, 0x40, 0xFF, 0x00, 0xD0,
    0x3F, 0x00, 0xF4, 0x0F,
    // Unicode: [0x0032, two]
    0x00, 0x00, 0x90, 0xFE, 0x6F, 0x00, 0x00, 0x00, 0x00, 0xF8, 0xFF, 0xFF, 0x6F, 0x00, 0x00, 0x00,
    0xFD, 0xFF, 0xFF, 0xFF, 0x0B, 0x00, 0x00, 0xFE, 0xBF, 0xAA, 0xFF, 0xBF, 0x00, 0x00, 0xFE, 0x1F,
    0x00, 0x80, 0xFF, 0x0B, 0x00, 0xFD, 0x0B, 0x00, 0x00, 0xF0, 0x7F, 0x00, 0xFC, 0x0B, 0x00, 0x00,
    0x00, 0xFF, 0x02, 0xF4, 0x0F, 0x00, 0x00, 0x00, 0xF8, 0x0F, 0xF0, 0x1F, 0x00, 0x00, 0x00, 0xC0,
    0x7F, 0xD0, 0x3F, 0x00, 0x00, 0x00, 0x00, 0xFE, 0x82, 0xBF, 0x00, 0x00, 0x00, 0x00, 0xF8, 0x0B,
    0xFE, 0x01, 0x00, 0x00, 0x00, 0xE0, 0x2F, 0xFC, 0x07, 0x00, 0x00, 0x00, 0x40, 0xBF, 0xF0, 0x0F,
    0x00, 0x00, 0x00, 0x00, 0xFE, 0x42, 0x15, 0x00, 0x00, 0x00, 0x00, 0xF8, 0x0B, 0x00, 0x00, 0x00,
    0x00, 0x00, 0xF0, 0x1F, 0x00, 0x00, 0x00, 0x00, 0x00, 0xD0, 0x3F, 0x00, 0x00, 0x00, 0x00, 0x00,
    0x80, 0xBF, 0x00, 0x00, 0x00, 0x00, 0x00, 0x00, 0xFF, 0x01, 0x00, 0x00, 0x00, 0x00, 0x00, 0xFE,
    0x02, 0x00, 0x00, 0x00, 0x00, 0x00, 0xFD, 0x07, 0x00, 0x00, 0x00, 0x00, 0x00, 0xF8, 0x0B, 0x00,
    0x00, 0x00, 0x00, 0x00, 0xF8, 0x0F, 0x00, 0x00, 0x00, 0x00, 0x00, 0xF4, 0x1F, 0x00, 0x00, 0x00,
    0x00, 0x00, 0xF4, 0x2F, 0x00, 0x00, 0x00, 0x00, 0x00, 0xF4, 0x2F, 0x00, 0x00, 0x00, 0x00, 0x00,
    0xF0, 0x3F, 0x00, 0x00, 0x00, 0x00, 0x00, 0xF0, 0x3F, 0x00, 0x00, 0x00, 0x00, 0x00, 0xF4, 0x3F,
    0x00, 0x00, 0x00, 0x00, 0x00, 0xF4, 0x7F, 0x00, 0x00, 0x00, 0x00, 0x00, 0xF4, 0x3F, 0x00, 0x00,
    0x00, 0x00, 0x00, 0xF4, 0x2F, 0x00, 0x00, 0x00, 0x00, 0x00, 0xF8, 0x2F, 0x00, 0x00, 0x00, 0x00,
    0x00, 0xF8, 0x2F, 0x00, 0x00, 0x00, 0x00, 0x00, 0xFD, 0x1F, 0x00, 0x00, 0x00, 0x00, 0x00, 0xFE,
    0x0B, 0x00, 0x00, 0x00, 0x00, 0x40, 0xFF, 0x07, 0x00, 0x00, 0x00, 0x00, 0x40, 0xFF, 0x02, 0x00,
    0x00, 0x00, 0x00, 0x90, 0xFF, 0x57, 0x55, 0x55, 0x55, 0x55, 0x95, 0xFF, 0xFF, 0xFF, 0xFF, 0xFF,
    0xFF, 0xFF, 0xFE, 0xFF, 0xFF, 0xFF, 0xFF, 0xFF, 0xFF, 0xFB, 0xFF, 0xFF, 0xFF, 0xFF, 0xFF, 0xFF,
    0x0F,
    // Unicode: [0x0033, three]
    0x00, 0x00, 0x94, 0xFF, 0x6F, 0x01, 0x00, 0x00, 0x00, 0xFE, 0xFF, 0xFF, 0x6F, 0x00, 0x00, 0x40,
    0xFF, 0xFF, 0xFF, 0xFF, 0x0B, 0x00, 0x80, 0xFF, 0xBF, 0xAA, 0xFE, 0xFF, 0x00, 0x80, 0xFF, 0x1B,
    0x00, 0x40, 0xFF, 0x0B, 0x40, 0xFF, 0x07, 0x00, 0x00, 0xE0, 0x7F, 0x00, 0xFF, 0x07, 0x00, 0x00,
    0x00, 0xFF, 0x03, 0xFD, 0x07, 0x00, 0x00, 0x00, 0xF4, 0x1F, 0xF8, 0x0B, 0x00, 0x00, 0x00, 0xC0,
    0x7F, 0xF0, 0x1F, 0x00, 0x00, 0x00, 0x00, 0xFE, 0xC2, 0x3F, 0x00, 0x00, 0x00, 0x00, 0xF8, 0x0B,
    0xAA, 0x00, 0x00, 0x00, 0x00, 0xE0, 0x1F, 0x00, 0x00, 0x00, 0x00, 0x00, 0xC0, 0x7F, 0x00, 0x00,
    0x00, 0x00, 0x00, 0x40, 0xFF, 0x00, 0x00, 0x00, 0x00, 0x00, 0x00, 0xFE, 0x02, 0x00, 0x00, 0x00,
    0x00, 0x00, 0xFE, 0x03, 0x00, 0x00, 0x00, 0x00, 0x40, 0xFF, 0x07, 0x00, 0x00, 0x00, 0x40, 0xE5,
    0xFF, 0x02, 0x00, 0x00, 0x00, 0xFF, 0xFF, 0xBF, 0x01, 0x00, 0x00, 0x00, 0xFC, 0xFF, 0x17, 0x00,
    0x00, 0x00, 0x00, 0xF0, 0xFF, 0xBF, 0x01, 0x00, 0x00, 0x00, 0x80, 0xAA, 0xFF, 0xBF, 0x00, 0x00,
    0x00, 0x00, 0x00, 0x40, 0xFE, 0x1F, 0x00, 0x00, 0x00, 0x00, 0x00, 0x80, 0xFF, 0x02, 0x00, 0x00,
    0x00, 0x00, 0x00, 0xF4, 0x1F, 0x00, 0x00, 0x00, 0x00, 0x00, 0x40, 0xFF, 0x00, 0x00, 0x00, 0x00,
    0x00, 0x00, 0xF8, 0x0B, 0x00, 0x00, 0x00, 0x00, 0x00, 0xD0, 0x3F, 0x00, 0x00, 0x00, 0x00, 0x00,
    0x00, 0xFF, 0xFC, 0x07, 0x00, 0x00, 0x00, 0x00, 0xFC, 0xE7, 0x1F, 0x00, 0x00, 0x00, 0x00, 0xE0,
    0x9F, 0xBF, 0x00, 0x00, 0x00, 0x00, 0xC0, 0x7F, 0xFD, 0x03, 0x00, 0x00, 0x00, 0x00, 0xFF, 0xF0,
    0x2F, 0x00, 0x00, 0x00, 0x00, 0xFD, 0x83, 0xFF, 0x01, 0x00, 0x00, 0x00, 0xFC, 0x0B, 0xFC, 0x1F,
    0x00, 0x00, 0x00, 0xF8, 0x1F, 0xD0, 0xFF, 0x01, 0x00, 0x00, 0xF8, 0x2F, 0x00, 0xFD, 0x7F, 0x00,
    0x00, 0xFD, 0x3F, 0x00, 0xD0, 0xFF, 0xBF, 0xEA, 0xFF, 0x7F, 0x00, 0x00, 0xFD, 0xFF, 0xFF, 0xFF,
    0x7F, 0x00, 0x00, 0x40, 0xFF, 0xFF, 0xFF, 0x1F, 0x00, 0x00, 0x00, 0x50, 0xFA, 0xBF, 0x05, 0x00,
    0x00,
    // Unicode: [0x0034, four]
    0x00, 0x00, 0x00, 0x00, 0x00, 0xF0, 0x3F, 0x00, 0x00, 0x00, 0x00, 0x00, 0x00, 0x80, 0xFF, 0x03,
    0x00, 0x00, 0x00, 0x00, 0x00, 0x00, 0xFE, 0x3F, 0x00, 0x00, 0x00, 0x00, 0x00, 0x00, 0xF4, 0xFF,
    0x03, 0x00, 0x00, 0x00, 0x00, 0x00, 0xD0, 0xFF, 0x3F, 0x00, 0x00, 0x00, 0x00, 0x00, 0x00, 0xFF,
    0xFE, 0x03, 0x00, 0x00, 0x00, 0x00, 0x00, 0xF8, 0xCB, 0x3F, 0x00, 0x00, 0x00, 0x00, 0x00, 0xE0,
    0x3F, 0xFC, 0x03, 0x00, 0x00, 0x00, 0x00, 0x40, 0xFF, 0xC1, 0x3F, 0x00, 0x00, 0x00, 0x00, 0x00,
    0xFC, 0x07, 0xFC, 0x03, 0x00, 0x00, 0x00, 0x00, 0xE0, 0x2F, 0xC0, 0x3F, 0x00, 0x00, 0x00, 0x00,
    0x80, 0xFF, 0x00, 0xFC, 0x03, 0x00, 0x00, 0x00, 0x00, 0xFD, 0x03, 0xC0, 0x3F, 0x00, 0x00, 0x00,
    0x00, 0xF4, 0x1F, 0x00, 0xFC, 0x03, 0x00, 0x00, 0x00, 0xC0, 0x7F, 0x00, 0xC0, 0x3F, 0x00, 0x00,
    0x00, 0x00, 0xFE, 0x02, 0x00, 0xFC, 0x03, 0x00, 0x00, 0x00, 0xF8, 0x0F, 0x00, 0xC0, 0x3F, 0x00,
    0x00, 0x00, 0xD0, 0x7F, 0x00, 0x00, 0xFC, 0x03, 0x00, 0x00, 0x00, 0xFF, 0x01, 0x00, 0xC0, 0x3F,
    0x00, 0x00, 0x00, 0xFC, 0x0B, 0x00, 0x00, 0xFC, 0x03, 0x00, 0x00, 0xE0, 0x2F, 0x00, 0x00, 0xC0,
    0x3F, 0x00, 0x00, 0x40, 0xFF, 0x00, 0x00, 0x00, 0xFC, 0x03, 0x00, 0x00, 0xFD, 0x07, 0x00, 0x00,
    0xC0, 0x3F, 0x00, 0x00, 0xF0, 0x1F, 0x00, 0x00, 0x00, 0xFC, 0x03, 0x00, 0x80, 0xBF, 0x00, 0x00,
    0x00, 0xC0, 0x3F, 0x00, 0x00, 0xFE, 0x02, 0x00, 0x00, 0x00, 0xFC, 0x03, 0x00, 0xF4, 0x0F, 0x00,
    0x00, 0x00, 0xC0, 0x3F, 0x00, 0xD0, 0x7F, 0x00, 0x00, 0x00, 0x00, 0xFC, 0x03, 0x00, 0xFF, 0xAB,
    0xAA, 0xAA, 0xAA, 0xEA, 0xBF, 0xAA, 0xF6, 0xFF, 0xFF, 0xFF, 0xFF, 0xFF, 0xFF, 0xFF, 0x7F, 0xFF,
    0xFF, 0xFF, 0xFF, 0xFF, 0xFF, 0xFF, 0xFF, 0xF7, 0xFF, 0xFF, 0xFF, 0xFF, 0xFF, 0xFF, 0xFF, 0x7F,
    0x00, 0x00, 0x00, 0x00, 0x00, 0xD0, 0x3F, 0x00, 0x00, 0x00, 0x00, 0x00, 0x00, 0x00, 0xFD, 0x03,
    0x00, 0x00, 0x00, 0x00, 0x00, 0x00, 0xD0, 0x3F, 0x00, 0x00, 0x00, 0x00, 0x00, 0x00, 0x00, 0xFD,
    0x03, 0x00, 0x00, 0x00, 0x00, 0x00, 0x00, 0xD0, 0x3F, 0x00, 0x00, 0x00, 0x00, 0x00, 0x00, 0x00,
    0xFD, 0x03, 0x00, 0x00, 0x00, 0x00, 0x00, 0x00, 0xD0, 0x3F, 0x00, 0x00, 0x00, 0x00, 0x00, 0x00,
    0x00, 0xFD, 0x03, 0x00, 0x00, 0x00, 0x00, 0x00, 0x00, 0xD0, 0x3F, 0x00, 0x00, 0x00, 0x00, 0x00,
    0x00, 0x00, 0xFD, 0x03, 0x00,
    // Unicode: [0x0035, five]
    0xFE, 0xFF, 0xFF, 0xFF, 0xFF, 0xFF, 0x2F, 0xF8, 0xFF, 0xFF, 0xFF, 0xFF, 0xFF, 0xBF, 0xE0, 0xFF,
    0xFF, 0xFF, 0xFF, 0xFF, 0xFF, 0x82, 0xBF, 0xAA, 0xAA, 0xAA, 0xAA, 0xAA, 0x06, 0xFE, 0x01, 0x00,
    0x00, 0x00, 0x00, 0x00, 0xF8, 0x07, 0x00, 0x00, 0x00, 0x00, 0x00, 0xE0, 0x1F, 0x00, 0x00, 0x00,
    0x00, 0x00, 0x80, 0x7F, 0x00, 0x00, 0x00, 0x00, 0x00, 0x00, 0xFE, 0x01, 0x00, 0x00, 0x00, 0x00,
    0x00, 0xF8, 0x07, 0x00, 0x00, 0x00, 0x00, 0x00, 0xE0, 0x1F, 0x00, 0x00, 0x00, 0x00, 0x00, 0x80,
    0x7F, 0x00, 0x00, 0x00, 0x00, 0x00, 0x00, 0xFE, 0x01, 0x00, 0x00, 0x00, 0x00, 0x00, 0xF8, 0x07,
    0x00, 0x50, 0x15, 0x00, 0x00, 0xE0, 0x1F, 0x40, 0xFE, 0xFF, 0x6F, 0x00, 0x80, 0x7F, 0xD0, 0xFF,
    0xFF, 0xFF, 0x1B, 0x00, 0xFE, 0xE1, 0xFF, 0xFF, 0xFF, 0xFF, 0x01, 0xF8, 0xF7, 0xBF, 0x01, 0x90,
    0xFF, 0x1F, 0xE0, 0xFF, 0x1F, 0x00, 0x00, 0xE0, 0xFF, 0x81, 0xFF, 0x0B, 0x00, 0x00, 0x00, 0xFD,
    0x0B, 0xFE, 0x0B, 0x00, 0x00, 0x00, 0xD0, 0x7F, 0xF8, 0x0F, 0x00, 0x00, 0x00, 0x00, 0xFE, 0x52,
    0x15, 0x00, 0x00, 0x00, 0x00, 0xF4, 0x0F, 0x00, 0x00, 0x00, 0x00, 0x00, 0xC0, 0x7F, 0x00, 0x00,
    0x00, 0x00, 0x00, 0x00, 0xFE, 0x02, 0x00, 0x00, 0x00, 0x00, 0x00, 0xF4, 0x0B, 0x00, 0x00, 0x00,
    0x00, 0x00, 0xD0, 0x2F, 0x00, 0x00, 0x00, 0x00, 0x00, 0x40, 0xBF, 0x00, 0x00, 0x00, 0x00, 0x00,
    0x00, 0xFD, 0x56, 0x01, 0x00, 0x00, 0x00, 0x00, 0xF8, 0xFB, 0x1F, 0x00, 0x00, 0x00, 0x00, 0xE0,
    0xAF, 0xBF, 0x00, 0x00, 0x00, 0x00, 0xC0, 0x7F, 0xFE, 0x03, 0x00, 0x00, 0x00, 0x40, 0xFF, 0xF0,
    0x1F, 0x00, 0x00, 0x00, 0x00, 0xFE, 0x82, 0xFF, 0x00, 0x00, 0x00, 0x00, 0xFD, 0x07, 0xFD, 0x0F,
    0x00, 0x00, 0x00, 0xFD, 0x0B, 0xE0, 0xFF, 0x01, 0x00, 0x00, 0xFD, 0x1F, 0x00, 0xFE, 0x6F, 0x00,
    0x40, 0xFE, 0x1F, 0x00, 0xE0, 0xFF, 0xBF, 0xFA, 0xFF, 0x2F, 0x00, 0x00, 0xFD, 0xFF, 0xFF, 0xFF,
    0x1F, 0x00, 0x00, 0x80, 0xFF, 0xFF, 0xFF, 0x0B, 0x00, 0x00, 0x00, 0x90, 0xFE, 0xAF, 0x01, 0x00,
    0x00,
    // Unicode: [0x0036, six]
    0x00, 0x00, 0x90, 0xFE, 0x6F, 0x01, 0x00, 0x00, 0x00, 0xE4, 0xFF, 0xFF, 0xBF, 0x01, 0x00, 0x00,
    0xE0, 0xFF, 0xFF, 0xFF, 0xBF, 0x00, 0x00, 0x80, 0xFF, 0xAF, 0xA6, 0xFF, 0x2F, 0x00, 0x00, 0xFE,
    0x1F, 0x00, 0x40, 0xFE, 0x0B, 0x00, 0xF4, 0x2F, 0x00, 0x00, 0x80, 0xFF, 0x01, 0xC0, 0x7F, 0x00,
    0x00, 0x00, 0xE0, 0x3F, 0x00, 0xFE, 0x02, 0x00, 0x00, 0x00, 0xFC, 0x07, 0xF0, 0x0F, 0x00, 0x00,
    0x00, 0x40, 0xBF, 0x40, 0x7F, 0x00, 0x00, 0x00, 0x00, 0xF0, 0x0F, 0xF8, 0x03, 0x00, 0x00, 0x00,
    0x00, 0xFF, 0xC0, 0x2F, 0x00, 0x00, 0x00, 0x00, 0x00, 0x00, 0xFD, 0x01, 0x00, 0x00, 0x00, 0x00,
    0x00, 0xD0, 0x1F, 0x00, 0x00, 0x55, 0x00, 0x00, 0x00, 0xFE, 0x00, 0x90, 0xFF, 0xFF, 0x06, 0x00,
    0xE0, 0x0F, 0xD0, 0xFF, 0xFF, 0xFF, 0x0B, 0x00, 0xFE, 0x80, 0xFF, 0xFF, 0xFF, 0xFF, 0x03, 0xF0,
    0x0B, 0xFE, 0x1B, 0x40, 0xF9, 0xFF, 0x01, 0xBF, 0xF8, 0x07, 0x00, 0x00, 0xF8, 0x3F, 0xF0, 0xDB,
    0x0B, 0x00, 0x00, 0x00, 0xFD, 0x0B, 0xBF, 0x2E, 0x00, 0x00, 0x00, 0x40, 0xFF, 0xF1, 0xFB, 0x00,
    0x00, 0x00, 0x00, 0xE0, 0x2F, 0xFF, 0x07, 0x00, 0x00, 0x00, 0x00, 0xFD, 0xF3, 0x3F, 0x00, 0x00,
    0x00, 0x00, 0xC0, 0x7F, 0xFF, 0x02, 0x00, 0x00, 0x00, 0x00, 0xF8, 0xF7, 0x1F, 0x00, 0x00, 0x00,
    0x00, 0x40, 0xBF, 0xFE, 0x01, 0x00, 0x00, 0x00, 0x00, 0xF4, 0xEB, 0x1F, 0x00, 0x00, 0x00, 0x00,
    0x40, 0xBF, 0xFD, 0x01, 0x00, 0x00, 0x00, 0x00, 0xF4, 0xDB, 0x2F, 0x00, 0x00, 0x00, 0x00, 0x40,
    0xBF, 0xFC, 0x02, 0x00, 0x00, 0x00, 0x00, 0xF4, 0x8B, 0x3F, 0x00, 0x00, 0x00, 0x00, 0x80, 0x7F,
    0xF4, 0x07, 0x00, 0x00, 0x00, 0x00, 0xFC, 0x47, 0xFF, 0x00, 0x00, 0x00, 0x00, 0xE0, 0x3F, 0xE0,
    0x2F, 0x00, 0x00, 0x00, 0x40, 0xFF, 0x01, 0xFD, 0x0B, 0x00, 0x00, 0x00, 0xFC, 0x0F, 0x80, 0xFF,
    0x02, 0x00, 0x00, 0xF4, 0x7F, 0x00, 0xF0, 0xFF, 0x06, 0x00, 0xE4, 0xFF, 0x02, 0x00, 0xFD, 0xFF,
    0xAB, 0xFA, 0xFF, 0x0B, 0x00, 0x00, 0xFE, 0xFF, 0xFF, 0xFF, 0x1F, 0x00, 0x00, 0x40, 0xFE, 0xFF,
    0xFF, 0x2F, 0x00, 0x00, 0x00, 0x00, 0xE9, 0xFF, 0x1A, 0x00, 0x00,
    // Unicode: [0x0037, seven]
    0xFE, 0xFF, 0xFF, 0xFF, 0xFF, 0xFF, 0xBF, 0xFE, 0xFF, 0xFF, 0xFF, 0xFF, 0xFF, 0xBF, 0xFE, 0xFF,
    0xFF, 0xFF, 0xFF, 0xFF, 0xBF, 0xAA, 0xAA, 0xAA, 0xAA, 0xAA, 0xEA, 0xBF, 0x00, 0x00, 0x00, 0x00,
    0x00, 0xC0, 0x7F, 0x00, 0x00, 0x00, 0x00, 0x00, 0xD0, 0x2F, 0x00, 0x00, 0x00, 0x00, 0x00, 0xE0,
    0x1F, 0x00, 0x00, 0x00, 0x00, 0x00, 0xF4, 0x0F, 0x00, 0x00, 0x00, 0x00, 0x00, 0xF8, 0x0B, 0x00,
    0x00, 0x00, 0x00, 0x00, 0xFC, 0x03, 0x00, 0x00, 0x00, 0x00, 0x00, 0xFD, 0x02, 0x00, 0x00, 0x00,
    0x00, 0x00, 0xFF, 0x01, 0x00, 0x00, 0x00, 0x00, 0x40, 0xFF, 0x00, 0x00, 0x00, 0x00, 0x00, 0x80,
    0x7F, 0x00, 0x00, 0x00, 0x00, 0x00, 0xD0, 0x3F, 0x00, 0x00, 0x00, 0x00, 0x00, 0xE0, 0x2F, 0x00,
    0x00, 0x00, 0x00, 0x00, 0xF0, 0x1F, 0x00, 0x00, 0x00, 0x00, 0x00, 0xF4, 0x0B, 0x00, 0x00, 0x00,
    0x00, 0x00, 0xFC, 0x07, 0x00, 0x00, 0x00, 0x00, 0x00, 0xFD, 0x03, 0x00, 0x00, 0x00, 0x00, 0x00,
    0xFE, 0x01, 0x00, 0x00, 0x00, 0x00, 0x40, 0xFF, 0x00, 0x00, 0x00, 0x00, 0x00, 0x80, 0xBF, 0x00,
    0x00, 0x00, 0x00, 0x00, 0xC0, 0x7F, 0x00, 0x00, 0x00, 0x00, 0x00, 0xD0, 0x2F, 0x00, 0x00, 0x00,
    0x00, 0x00, 0xF0, 0x1F, 0x00, 0x00, 0x00, 0x00, 0x00, 0xF4, 0x0F, 0x00, 0x00, 0x00, 0x00, 0x00,
    0xF8, 0x0B, 0x00, 0x00, 0x00, 0x00, 0x00, 0xFD, 0x03, 0x00, 0x00, 0x00, 0x00, 0x00, 0xFE, 0x02,
    0x00, 0x00, 0x00, 0x00, 0x00, 0xFF, 0x01, 0x00, 0x00, 0x00, 0x00, 0x40, 0xFF, 0x00, 0x00, 0x00,
    0x00, 0x00, 0xC0, 0x7F, 0x00, 0x00, 0x00, 0x00, 0x00, 0xD0, 0x3F, 0x00, 0x00, 0x00, 0x00, 0x00,
    0xE0, 0x2F, 0x00, 0x00, 0x00, 0x00, 0x00, 0xF4, 0x1F, 0x00, 0x00, 0x00, 0x00, 0x00, 0xF8, 0x0B,
    0x00, 0x00, 0x00, 0x00, 0x00, 0xFC, 0x07, 0x00, 0x00, 0x00, 0x00, 0x00, 0xFD, 0x03, 0x00, 0x00,
    0x00, 0x00, 0x00, 0xFF, 0x02, 0x00, 0x00, 0x00, 0x00, 0x40, 0xFF, 0x00, 0x00, 0x00, 0x00, 0x00,
    0x80, 0xBF, 0x00, 0x00, 0x00, 0x00,
    // Unicode: [0x0038, eight]
    0x00, 0x00, 0x00, 0x55, 0x15, 0x00, 0x00, 0x00, 0x00, 0x40, 0xFE, 0xFF, 0xFF, 0x06, 0x00, 0x00,
    0x00, 0xF9, 0xFF, 0xFF, 0xFF, 0x1F, 0x00, 0x00, 0xE0, 0xFF, 0xFF, 0xFF, 0xFF, 0x2F, 0x00, 0x00,
    0xFE, 0xBF, 0x01, 0x50, 0xFE, 0x3F, 0x00, 0xE0, 0xFF, 0x01, 0x00, 0x00, 0xF9, 0x3F, 0x00, 0xFD,
    0x0B, 0x00, 0x00, 0x00, 0xF8, 0x2F, 0xC0, 0xFF, 0x00, 0x00, 0x00, 0x00, 0xF8, 0x0F, 0xF4, 0x1F,
    0x00, 0x00, 0x00, 0x00, 0xFC, 0x07, 0xFD, 0x03, 0x00, 0x00, 0x00, 0x00, 0xFE, 0x82, 0xBF, 0x00,
    0x00, 0x00, 0x00, 0x40, 0xBF, 0xE0, 0x2F, 0x00, 0x00, 0x00, 0x00, 0xD0, 0x3F, 0xF8, 0x0B, 0x00,
    0x00, 0x00, 0x00, 0xF4, 0x0B, 0xFD, 0x02, 0x00, 0x00, 0x00, 0x00, 0xFD, 0x42, 0xFF, 0x00, 0x00,
    0x00, 0x00, 0x80, 0x7F, 0xC0, 0x7F, 0x00, 0x00, 0x00, 0x00, 0xF0, 0x0F, 0xD0, 0x3F, 0x00, 0x00,
    0x00, 0x00, 0xFE, 0x02, 0xE0, 0x2F, 0x00, 0x00, 0x00, 0xE0, 0x3F, 0x00, 0xE0, 0x7F, 0x00, 0x00,
    0x40, 0xFE, 0x03, 0x00, 0xD0, 0xFF, 0x06, 0x40, 0xF9, 0x2F, 0x00, 0x00, 0x80, 0xFF, 0xFF, 0xFF,
    0xBF, 0x01, 0x00, 0x00, 0x50, 0xFF, 0xFF, 0xFF, 0x1B, 0x00, 0x00, 0x40, 0xFE, 0xFF, 0xFF, 0xFF,
    0x6F, 0x00, 0x00, 0xF8, 0xBF, 0x05, 0x40, 0xF9, 0xBF, 0x00, 0x80, 0xFF, 0x06, 0x00, 0x00, 0xE0,
    0xFF, 0x00, 0xF8, 0x1F, 0x00, 0x00, 0x00, 0xD0, 0xBF, 0x40, 0xFF, 0x01, 0x00, 0x00, 0x00, 0xC0,
    0xBF, 0xE0, 0x2F, 0x00, 0x00, 0x00, 0x00, 0xD0, 0x3F, 0xFD, 0x03, 0x00, 0x00, 0x00, 0x00, 0xE0,
    0x5F, 0xBF, 0x00, 0x00, 0x00, 0x00, 0x00, 0xF4, 0xEB, 0x1F, 0x00, 0x00, 0x00, 0x00, 0x00, 0xFD,
    0xFB, 0x07, 0x00, 0x00, 0x00, 0x00, 0x40, 0xFF, 0xFE, 0x01, 0x00, 0x00, 0x00, 0x00, 0xC0, 0xBF,
    0x7F, 0x00, 0x00, 0x00, 0x00, 0x00, 0xF4, 0xEF, 0x2F, 0x00, 0x00, 0x00, 0x00, 0x00, 0xFD, 0xF7,
    0x0F, 0x00, 0x00, 0x00, 0x00, 0x80, 0xBF, 0xFC, 0x07, 0x00, 0x00, 0x00, 0x00, 0xF4, 0x1F, 0xFE,
    0x03, 0x00, 0x00, 0x00, 0x00, 0xFE, 0x43, 0xFF, 0x02, 0x00, 0x00, 0x00, 0xE0, 0x7F, 0x80, 0xFF,
    0x07, 0x00, 0x00, 0x00, 0xFE, 0x0B, 0x80, 0xFF, 0x1B, 0x00, 0x00, 0xF9, 0xFF, 0x00, 0x80, 0xFF,
    0xBF, 0xAA, 0xFA, 0xFF, 0x0B, 0x00, 0x40, 0xFF, 0xFF, 0xFF, 0xFF, 0x7F, 0x00, 0x00, 0x00, 0xFD,
    0xFF, 0xFF, 0xFF, 0x02, 0x00, 0x00, 0x00, 0x94, 0xFE, 0xAF, 0x05, 0x00, 0x00,
    // Unicode: [0x0039, nine]
    0x00, 0x00, 0xA4, 0xFF, 0x6B, 0x01, 0x00, 0x00, 0x00, 0xE0, 0xFF, 0xFF, 0xFF, 0x07, 0x00, 0x00,
    0x40, 0xFF, 0xFF, 0xFF, 0xFF, 0x1F, 0x00, 0x00, 0xF8, 0xFF, 0xAB, 0xFA, 0xFF, 0x1F, 0x00, 0x80,
    0xFF, 0x1B, 0x00, 0x40, 0xFF, 0x1F, 0x00, 0xF4, 0x7F, 0x00, 0x00, 0x00, 0xFD, 0x0F, 0x00, 0xFF,
    0x03, 0x00, 0x00, 0x00, 0xFD, 0x07, 0xD0, 0x7F, 0x00, 0x00, 0x00, 0x00, 0xFD, 0x03, 0xF8, 0x0B,
    0x00, 0x00, 0x00, 0x00, 0xFE, 0x01, 0xFF, 0x00, 0x00, 0x00, 0x00, 0x00, 0xBF, 0xD0, 0x2F, 0x00,
    0x00, 0x00, 0x00, 0x80, 0x3F, 0xF4, 0x0B, 0x00, 0x00, 0x00, 0x00, 0xD0, 0x1F, 0xFD, 0x02, 0x00,
    0x00, 0x00, 0x00, 0xF4, 0x4B, 0x7F, 0x00, 0x00, 0x00, 0x00, 0x00, 0xFC, 0xD2, 0x2F, 0x00, 0x00,
    0x00, 0x00, 0x00, 0xFF, 0xF4, 0x0B, 0x00, 0x00, 0x00, 0x00, 0xD0, 0x3F, 0xFD, 0x02, 0x00, 0x00,
    0x00, 0x00, 0xF4, 0x0F, 0xFF, 0x00, 0x00, 0x00, 0x00, 0x00, 0xFE, 0x87, 0x7F, 0x00, 0x00, 0x00,
    0x00, 0xC0, 0xFF, 0xD1, 0x3F, 0x00, 0x00, 0x00, 0x00, 0xB8, 0x7F, 0xF0, 0x2F, 0x00, 0x00, 0x00,
    0x80, 0xDF, 0x1F, 0xF4, 0x2F, 0x00, 0x00, 0x00, 0xF8, 0xF5, 0x07, 0xF8, 0x7F, 0x00, 0x00, 0xE0,
    0x2F, 0xFE, 0x01, 0xF8, 0xFF, 0x5A, 0xA5, 0xFF, 0x82, 0x7F, 0x00, 0xF8, 0xFF, 0xFF, 0xFF, 0x2F,
    0xE0, 0x0F, 0x00, 0xE4, 0xFF, 0xFF, 0xBF, 0x00, 0xF8, 0x03, 0x00, 0x40, 0xFA, 0xAF, 0x01, 0x00,
    0xFE, 0x00, 0x00, 0x00, 0x00, 0x00, 0x00, 0xC0, 0x2F, 0x00, 0x00, 0x00, 0x00, 0x00, 0x00, 0xF0,
    0x0B, 0x00, 0x00, 0x00, 0x00, 0x00, 0x00, 0xFD, 0x01, 0xFF, 0x00, 0x00, 0x00, 0x00, 0x80, 0x3F,
    0x80, 0x7F, 0x00, 0x00, 0x00, 0x00, 0xF0, 0x0F, 0xE0, 0x2F, 0x00, 0x00, 0x00, 0x00, 0xFD, 0x02,
    0xF4, 0x0F, 0x00, 0x00, 0x00, 0x80, 0x7F, 0x00, 0xFC, 0x0B, 0x00, 0x00, 0x00, 0xF4, 0x0B, 0x00,
    0xFD, 0x07, 0x00, 0x00, 0x40, 0xFF, 0x01, 0x00, 0xFE, 0x07, 0x00, 0x00, 0xF4, 0x2F, 0x00, 0x00,
    0xFF, 0x0B, 0x00, 0x90, 0xFF, 0x03, 0x00, 0x40, 0xFF, 0xAF, 0xA6, 0xFF, 0x3F, 0x00, 0x00, 0x40,
    0xFF, 0xFF, 0xFF, 0xFF, 0x02, 0x00, 0x00, 0x00, 0xFD, 0xFF, 0xFF, 0x1F, 0x00, 0x00, 0x00, 0x00,
    0xA4, 0xFF, 0x6B, 0x00, 0x00, 0x00,
    // Unicode: [0x003A, colon]
    0x55, 0xE5, 0xFF, 0xFE, 0xEF, 0xFF, 0xFE, 0xEF, 0xFF, 0x00, 0x00, 0x00, 0x00, 0x00, 0x00, 0x00,
    0x00, 0x00, 0x00, 0x00, 0x00, 0x00, 0x00, 0x00, 0x00, 0x00, 0x00, 0x00, 0x00, 0x00, 0x00, 0x00,
    0x00, 0x00, 0x00, 0x00, 0x00, 0x00, 0x00, 0x55, 0xE5, 0xFF, 0xFE, 0xEF, 0xFF, 0xFE, 0xEF, 0xFF,
    // Unicode: [0x003B, semicolon]
    0x55, 0xE5, 0xFF, 0xFE, 0xEF, 0xFF, 0xFE, 0xEF, 0xFF, 0x00, 0x00, 0x00, 0x00, 0x00, 0x00, 0x00,
    0x00, 0x00, 0x00, 0x00, 0x00, 0x00, 0x00, 0x00, 0x00, 0x00, 0x00, 0x00, 0x00, 0x00, 0x00, 0x00,
    0x00, 0x00, 0x00, 0x00, 0x00, 0x00, 0x00, 0x00, 0x00, 0x00, 0x55, 0xE1, 0x7F, 0xFE, 0xEB, 0xBF,
    0xFE, 0x4F, 0xFD, 0xC0, 0x0B, 0x7D, 0xE4, 0xE3, 0x1F, 0x6E, 0x00,
    // Unicode: [0x003C, less]
    0x00, 0x00, 0x00, 0x80, 0xAA, 0x00, 0x00, 0x00, 0xF0, 0x7F, 0x00, 0x00, 0x00, 0xFD, 0x1F, 0x00,
    0x00, 0x40, 0xFF, 0x03, 0x00, 0x00, 0xD0, 0xFF, 0x00, 0x00, 0x00, 0xF4, 0x2F, 0x00, 0x00, 0x00,
    0xFD, 0x0B, 0x00, 0x00, 0x80, 0xFF, 0x02, 0x00, 0x00, 0xE0, 0xBF, 0x00, 0x00, 0x00, 0xF8, 0x2F,
    0x00, 0x00, 0x00, 0xFE, 0x07, 0x00, 0x00, 0xC0, 0xFF, 0x01, 0x00, 0x00, 0xF0, 0x7F, 0x00, 0x00,
    0x00, 0xFD, 0x1F, 0x00, 0x00, 0x00, 0xFE, 0x0B, 0x00, 0x00, 0x00, 0xF8, 0x2F, 0x00, 0x00, 0x00,
    0xD0, 0xBF, 0x00, 0x00, 0x00, 0x40, 0xFF, 0x03, 0x00, 0x00, 0x00, 0xFD, 0x1F, 0x00, 0x00, 0x00,
    0xF4, 0x7F, 0x00, 0x00, 0x00, 0xC0, 0xFF, 0x01, 0x00, 0x00, 0x00, 0xFE, 0x07, 0x00, 0x00, 0x00,
    0xF8, 0x1F, 0x00, 0x00, 0x00, 0xE0, 0xBF, 0x00, 0x00, 0x00, 0x80, 0xFF, 0x02, 0x00, 0x00, 0x00,
    0xFE, 0x0B, 0x00, 0x00, 0x00, 0xF4, 0x2F, 0x00, 0x00, 0x00, 0xD0, 0xFF,
    // Unicode: [0x003D, equal]
    0xFF, 0xFF, 0xFF, 0xFF, 0xFF, 0xFF, 0xFF, 0xEF, 0xFF, 0xFF, 0xFF, 0xFF, 0xFF, 0xFF, 0xFF, 0xFB,
    0xFF, 0xFF, 0xFF, 0xFF, 0xFF, 0xFF, 0xFF, 0xAA, 0xAA, 0xAA, 0xAA, 0xAA, 0xAA, 0xAA, 0xAA, 0x00,
    0x00, 0x00, 0x00, 0x00, 0x00, 0x00, 0x00, 0x00, 0x00, 0x00, 0x00, 0x00, 0x00, 0x00, 0x00, 0x00,
    0x00, 0x00, 0x00, 0x00, 0x00, 0x00, 0x00, 0x00, 0x00, 0x00, 0x00, 0x00, 0x00, 0x00, 0x00, 0x00,
    0x00, 0x00, 0x00, 0x00, 0x00, 0x00, 0x00, 0x00, 0x00, 0x00, 0x00, 0x00, 0x00, 0x00, 0x00, 0x00,
    0x00, 0x00, 0x00, 0x00, 0x00, 0x00, 0x00, 0x00, 0x00, 0x00, 0x00, 0x00, 0x00, 0xAA, 0xAA, 0xAA,
    0xAA, 0xAA, 0xAA, 0xAA, 0xEA, 0xFF, 0xFF, 0xFF, 0xFF, 0xFF, 0xFF, 0xFF, 0xFB, 0xFF, 0xFF, 0xFF,
    0xFF, 0xFF, 0xFF, 0xFF, 0xFE, 0xFF, 0xFF, 0xFF, 0xFF, 0xFF, 0xFF, 0xBF,
    // Unicode: [0x003E, greater]
    0xA9, 0x06, 0x00, 0x00, 0x00, 0xE0, 0xBF, 0x00, 0x00, 0x00, 0x00, 0xFE, 0x0B, 0x00, 0x00, 0x00,
    0xD0, 0xBF, 0x00, 0x00, 0x00, 0x00, 0xFD, 0x0B, 0x00, 0x00, 0x00, 0xD0, 0xFF, 0x00, 0x00, 0x00,
    0x00, 0xFD, 0x1F, 0x00, 0x00, 0x00, 0xD0, 0xFF, 0x01, 0x00, 0x00, 0x00, 0xFC, 0x1F, 0x00, 0x00,
    0x00, 0x80, 0xFF, 0x01, 0x00, 0x00, 0x00, 0xF8, 0x1F, 0x00, 0x00, 0x00, 0x80, 0xFF, 0x02, 0x00,
    0x00, 0x00, 0xF8, 0x2F, 0x00, 0x00, 0x00, 0x80, 0xFF, 0x02, 0x00, 0x00, 0x00, 0xFD, 0x1F, 0x00,
    0x00, 0x00, 0xFD, 0x1F, 0x00, 0x00, 0x00, 0xFD, 0x0F, 0x00, 0x00, 0x00, 0xFD, 0x0B, 0x00, 0x00,
    0x00, 0xFD, 0x0B, 0x00, 0x00, 0x00, 0xFE, 0x0B, 0x00, 0x00, 0x00, 0xFE, 0x0B, 0x00, 0x00, 0x00,
    0xFE, 0x0B, 0x00, 0x00, 0x00, 0xFE, 0x07, 0x00, 0x00, 0x00, 0xFF, 0x07, 0x00, 0x00, 0x40, 0xFF,
    0x07, 0x00, 0x00, 0x40, 0xFF, 0x07, 0x00, 0x00, 0x40, 0xFF, 0x03, 0x00, 0x00, 0x40, 0xFF, 0x02,
    0x00, 0x00, 0x00,
    // Unicode: [0x003F, question]
    0x00, 0x00, 0x50, 0x55, 0x01, 0x00, 0x00, 0x00, 0x90, 0xFF, 0xFF, 0x2F, 0x00, 0x00, 0x40, 0xFE,
    0xFF, 0xFF, 0xBF, 0x00, 0x00, 0xF4, 0xFF, 0xFF, 0xFF, 0xBF, 0x00, 0x40, 0xFF, 0x5F, 0x00, 0xF9,
    0xFF, 0x00, 0xF4, 0x7F, 0x00, 0x00, 0xE0, 0xBF, 0x00, 0xFF, 0x03, 0x00, 0x00, 0xE0, 0x7F, 0xD0,
    0x7F, 0x00, 0x00, 0x00, 0xE0, 0x2F, 0xF8, 0x0B, 0x00, 0x00, 0x00, 0xF4, 0x0F, 0xFF, 0x00, 0x00,
    0x00, 0x00, 0xFC, 0xD7, 0x3F, 0x00, 0x00, 0x00, 0x00, 0xFE, 0xF5, 0x0B, 0x00, 0x00, 0x00, 0x80,
    0xBF, 0x54, 0x00, 0x00, 0x00, 0x00, 0xE0, 0x2F, 0x00, 0x00, 0x00, 0x00, 0x00, 0xF8, 0x0B, 0x00,
    0x00, 0x00, 0x00, 0x00, 0xFE, 0x01, 0x00, 0x00, 0x00, 0x00, 0xC0, 0x7F, 0x00, 0x00, 0x00, 0x00,
    0x00, 0xF4, 0x0F, 0x00, 0x00, 0x00, 0x00, 0x00, 0xFE, 0x02, 0x00, 0x00, 0x00, 0x00, 0xD0, 0x7F,
    0x00, 0x00, 0x00, 0x00, 0x00, 0xFD, 0x0B, 0x00, 0x00, 0x00, 0x00, 0xE4, 0xFF, 0x00, 0x00, 0x00,
    0x00, 0xE4, 0xFF, 0x1F, 0x00, 0x00, 0xF4, 0xFF, 0xFF, 0xBF, 0x00, 0x00, 0x00, 0xFD, 0xFF, 0xFF,
    0x06, 0x00, 0x00, 0x40, 0xFF, 0xBF, 0x06, 0x00, 0x00, 0x00, 0xD0, 0x2F, 0x00, 0x00, 0x00, 0x00,
    0x00, 0xF4, 0x0B, 0x00, 0x00, 0x00, 0x00, 0x00, 0xFD, 0x02, 0x00, 0x00, 0x00, 0x00, 0x40, 0xBF,
    0x00, 0x00, 0x00, 0x00, 0x00, 0xD0, 0x2F, 0x00, 0x00, 0x00, 0x00, 0x00, 0xF4, 0x0B, 0x00, 0x00,
    0x00, 0x00, 0x00, 0xFD, 0x02, 0x00, 0x00, 0x00, 0x00, 0x40, 0xAA, 0x00, 0x00, 0x00, 0x00, 0x00,
    0x00, 0x00, 0x00, 0x00, 0x00, 0x00, 0x00, 0x00, 0x00, 0x00, 0x00, 0x00, 0x00, 0x00, 0x00, 0x00,
    0x00, 0x00, 0x00, 0x00, 0x00, 0x00, 0x00, 0x00, 0x00, 0x00, 0x00, 0x00, 0x00, 0x00, 0x00, 0x00,
    0x00, 0x00, 0x54, 0x15, 0x00, 0x00, 0x00, 0x00, 0x00, 0xFF, 0x0B, 0x00, 0x00, 0x00, 0x00, 0xC0,
    0xFF, 0x02, 0x00, 0x00, 0x00, 0x00, 0xF0, 0xBF, 0x00, 0x00, 0x00, 0x00, 0x00, 0xFC, 0x2F, 0x00,
    0x00, 0x00, 0x00, 0x00, 0xFF, 0x0B, 0x00, 0x00, 0x00,
    // Unicode: [0x0040, at]
    0x00, 0x00, 0x00, 0x00, 0x00, 0x00, 0x94, 0xFE, 0xFF, 0x6A, 0x01, 0x00, 0x00, 0x00, 0x00, 0x00,
    0x00, 0x00, 0x00, 0x00, 0x90, 0xFF, 0xFF, 0xFF, 0xFF, 0xBF, 0x05, 0x00, 0x00, 0x00, 0x00, 0x00,
    0x00, 0x00, 0x00, 0xF8, 0xFF, 0xFF, 0xFF, 0xFF, 0xFF, 0xBF, 0x01, 0x00, 0x00, 0x00, 0x00, 0x00,
    0x00, 0x40, 0xFE, 0xFF, 0xBF, 0xAA, 0xAA, 0xFF, 0xFF, 0x7F, 0x00, 0x00, 0x00, 0x00, 0x00, 0x00,
    0x80, 0xFF, 0xBF, 0x05, 0x00, 0x00, 0x40, 0xFA, 0xFF, 0x1B, 0x00, 0x00, 0x00, 0x00, 0x00, 0xD0,
    0xFF, 0x1B, 0x00, 0x00, 0x00, 0x00, 0x00, 0xFE, 0xFF, 0x01, 0x00, 0x00, 0x00, 0x00, 0xE0, 0xFF,
    0x06, 0x00, 0x00, 0x00, 0x00, 0x00, 0x40, 0xFF, 0x2F, 0x00, 0x00, 0x00, 0x00, 0xE0, 0xBF, 0x01,
    0x00, 0x00, 0x00, 0x00, 0x00, 0x00, 0xE0, 0xFF, 0x02, 0x00, 0x00, 0x00, 0xF4, 0xBF, 0x00, 0x00,
    0x00, 0x00, 0x00, 0x00, 0x00, 0x00, 0xFD, 0x2F, 0x00, 0x00, 0x00, 0xF4, 0x7F, 0x00, 0x00, 0x00,
    0x00, 0x00, 0x00, 0x00, 0x00, 0xD0, 0xFF, 0x01, 0x00, 0x00, 0xF0, 0x3F, 0x00, 0x00, 0x00, 0x00,
    0x00, 0x00, 0x00, 0x00, 0x00, 0xFD, 0x1F, 0x00, 0x00, 0xF0, 0x3F, 0x00, 0x00, 0x00, 0x00, 0x00,
    0x00, 0x00, 0x00, 0x00, 0xD0, 0xBF, 0x00, 0x00, 0xE0, 0x3F, 0x00, 0x00, 0x00, 0x00, 0x00, 0x00,
    0x00, 0x00, 0x00, 0x00, 0xFE, 0x07, 0x00, 0xD0, 0x7F, 0x00, 0x00, 0x00, 0x00, 0x00, 0x00, 0x00,
    0x00, 0x00, 0x00, 0xF0, 0x3F, 0x00, 0xC0, 0x7F, 0x00, 0x00, 0x00, 0x00, 0xE9, 0xFF, 0x1A, 0x00,
    0x00, 0x00, 0x40, 0xFF, 0x01, 0x80, 0xBF, 0x00, 0x00, 0x00, 0x40, 0xFF, 0xFF, 0xFF, 0x0B, 0x00,
    0x00, 0x00, 0xF8, 0x0F, 0x40, 0xFF, 0x01, 0x00, 0x00, 0xD0, 0xFF, 0xFF, 0xFF, 0xFF, 0x01, 0x00,
    0x00, 0xD0, 0x7F, 0x00, 0xFE, 0x02, 0x00, 0x00, 0xE0, 0xFF, 0xBF, 0xFE, 0xFF, 0x1F, 0x00, 0x00,
    0x00, 0xFF, 0x01, 0xFD, 0x03, 0x00, 0x00, 0xF0, 0xFF, 0x06, 0x00, 0xF9, 0xFF, 0x01, 0x00, 0x00,
    0xF8, 0x0B, 0xF8, 0x0B, 0x00, 0x00, 0xF0, 0xBF, 0x00, 0x00, 0x00, 0xFE, 0x1F, 0x00, 0x00, 0xD0,
    0x3F, 0xF0, 0x1F, 0x00, 0x00, 0xE0, 0x7F, 0x00, 0x00, 0x00, 0xE0, 0xBF, 0x00, 0x00, 0x00, 0xFF,
    0xD1, 0x3F, 0x00, 0x00, 0xE0, 0x7F, 0x00, 0x00, 0x00, 0x00, 0xFE, 0x07, 0x00, 0x00, 0xFC, 0x87,
    0xBF, 0x00, 0x00, 0xC0, 0x7F, 0x00, 0x00, 0x00, 0x00, 0xF0, 0x2F, 0x00, 0x00, 0xE0, 0x2F, 0xFF,
    0x01, 0x00, 0x80, 0xBF, 0x00, 0x00, 0x00, 0x00, 0x80, 0xFF, 0x00, 0x00, 0x80, 0xBF, 0xFD, 0x03,
    0x00, 0x00, 0xFF, 0x00, 0x00, 0x00, 0x00, 0x00, 0xFD, 0x03, 0x00, 0x00, 0xFE, 0xF6, 0x0B, 0x00,
    0x00, 0xFE, 0x02, 0x00, 0x00, 0x00, 0x00, 0xF0, 0x1F, 0x00, 0x00, 0xF8, 0xEB, 0x2F, 0x00, 0x00,
    0xFC, 0x03, 0x00, 0x00, 0x00, 0x00, 0xC0, 0x7F, 0x00, 0x00, 0xD0, 0xAF, 0x7F, 0x00, 0x00, 0xF4,
    0x0F, 0x00, 0x00, 0x00, 0x00, 0x00, 0xFF, 0x01, 0x00, 0x80, 0xBF, 0xFF, 0x01, 0x00, 0xD0, 0x2F,
    0x00, 0x00, 0x00, 0x00, 0x00, 0xFC, 0x07, 0x00, 0x00, 0xFE, 0xFE, 0x07, 0x00, 0x80, 0x7F, 0x00,
    0x00, 0x00, 0x00, 0x00, 0xF0, 0x1F, 0x00, 0x00, 0xF8, 0xFB, 0x1F, 0x00, 0x00, 0xFE, 0x01, 0x00,
    0x00, 0x00, 0x00, 0xC0, 0x3F, 0x00, 0x00, 0xE0, 0xEF, 0x3F, 0x00, 0x00, 0xF8, 0x07, 0x00, 0x00,
    0x00, 0x00, 0x00, 0xFF, 0x00, 0x00, 0x80, 0x7F, 0xFF, 0x00, 0x00, 0xE0, 0x1F, 0x00, 0x00, 0x00,
    0x00, 0x00, 0xFD, 0x02, 0x00, 0x00, 0xFF, 0xFD, 0x03, 0x00, 0x80, 0x7F, 0x00, 0x00, 0x00, 0x00,
    0x00, 0xF8, 0x0B, 0x00, 0x00, 0xFD, 0xF3, 0x0F, 0x00, 0x00, 0xFE, 0x01, 0x00, 0x00, 0x00, 0x00,
    0xF0, 0x1F, 0x00, 0x00, 0xF4, 0xCB, 0x7F, 0x00, 0x00, 0xF8, 0x0B, 0x00, 0x00, 0x00, 0x00, 0xD0,
    0x7F, 0x00, 0x00, 0xE0, 0x1F, 0xFF, 0x01, 0x00, 0xD0, 0x3F, 0x00, 0x00, 0x00, 0x00, 0x80, 0xFF,
    0x00, 0x00, 0xC0, 0x3F, 0xF8, 0x07, 0x00, 0x40, 0xFF, 0x01, 0x00, 0x00, 0x00, 0x40, 0xFF, 0x03,
    0x00, 0x80, 0xBF, 0xE0, 0x2F, 0x00, 0x00, 0xFC, 0x0B, 0x00, 0x00, 0x00, 0x00, 0xFF, 0x0B, 0x00,
    0x00, 0xFF, 0x81, 0xBF, 0x00, 0x00, 0xE0, 0x7F, 0x00, 0x00, 0x00, 0x00, 0xAF, 0x2F, 0x00, 0x00,
    0xFE, 0x02, 0xFD, 0x03, 0x00, 0x00, 0xFF, 0x07, 0x00, 0x00, 0x40, 0x7F, 0xBE, 0x00, 0x00, 0xFD,
    0x03, 0xF0, 0x1F, 0x00, 0x00, 0xF4, 0x7F, 0x00, 0x00, 0x40, 0x7F, 0xF8, 0x02, 0x00, 0xFD, 0x07,
    0xC0, 0xBF, 0x00, 0x00, 0x80, 0xFF, 0x1B, 0x00, 0xD0, 0xBF, 0xE0, 0x2F, 0x40, 0xFE, 0x0B, 0x00,
    0xFE, 0x03, 0x00, 0x00, 0xF8, 0xFF, 0xAF, 0xFE, 0xBF, 0x40, 0xFF, 0xEB, 0xFF, 0x0B, 0x00, 0xF4,
    0x1F, 0x00, 0x00, 0x80, 0xFF, 0xFF, 0xFF, 0x7F, 0x00, 0xFC, 0xFF, 0xFF, 0x0B, 0x00, 0xC0, 0xBF,
    0x00, 0x00, 0x00, 0xE4, 0xFF, 0xFF, 0x2F, 0x00, 0xC0, 0xFF, 0xFF, 0x07, 0x00, 0x00, 0xFD, 0x07,
    0x00, 0x00, 0x00, 0xE9, 0xBF, 0x06, 0x00, 0x00, 0xE4, 0xBF, 0x01, 0x00, 0x00, 0xF0, 0x2F, 0x00,
    0x00, 0x00, 0x00, 0x00, 0x00, 0x00, 0x00, 0x00, 0x00, 0x00, 0x00, 0x00, 0x40, 0xFF, 0x02, 0x00,
    0x00, 0x00, 0x00, 0x00, 0x00, 0x00, 0x00, 0x00, 0x00, 0x00, 0x00, 0x00, 0xF8, 0x1F, 0x00, 0x00,
    0x00, 0x00, 0x00, 0x00, 0x00, 0x00, 0x00, 0x00, 0x00, 0x00, 0x00, 0xC0, 0xFF, 0x01, 0x00, 0x00,
    0x00, 0x00, 0x00, 0x00, 0x00, 0x00, 0x00, 0x00, 0x00, 0x00, 0x00, 0xFD, 0x1F, 0x00, 0x00, 0x00,
    0x00, 0x00, 0x00, 0x00, 0x00, 0x00, 0x00, 0x00, 0x00, 0x00, 0xD0, 0xFF, 0x02, 0x00, 0x00, 0x00,
    0x00, 0x00, 0x00, 0x00, 0x00, 0x00, 0x00, 0x00, 0x00, 0x00, 0xFD, 0x6F, 0x00, 0x00, 0x00, 0x00,
    0x00, 0x00, 0x00, 0x00, 0x00, 0x00, 0x00, 0x00, 0x00, 0xD0, 0xFF, 0x0B, 0x00, 0x00, 0x00, 0x00,
    0x00, 0x00, 0x00, 0x00, 0x00, 0x00, 0x00, 0x00, 0x00, 0xFD, 0xFF, 0x06, 0x00, 0x00, 0x00, 0x00,
    0x00, 0x00, 0x00, 0x00, 0x00, 0x00, 0x00, 0x00, 0x80, 0xFF, 0xFF, 0x16, 0x00, 0x00, 0x00, 0x00,
    0x00, 0x00, 0x00, 0x00, 0x00, 0x00, 0x00, 0x00, 0xE0, 0xFF, 0xFF, 0xAF, 0x1A, 0x00, 0x00, 0x00,
    0x00, 0x00, 0x00, 0x00, 0x00, 0x00, 0x00, 0x00, 0xF8, 0xFF, 0xFF, 0xFF, 0x00, 0x00, 0x00, 0x00,
    0x00, 0x00, 0x00, 0x00, 0x00, 0x00, 0x00, 0x00, 0xF9, 0xFF, 0xFF, 0x03, 0x00, 0x00, 0x00, 0x00,
    0x00, 0x00, 0x00, 0x00, 0x00, 0x00, 0x00, 0x00, 0x94, 0xFA, 0x0B, 0x00, 0x00, 0x00, 0x00, 0x00,
    0x00, 0x00, 0x00,
    // Unicode: [0x0041, A]
    0x00, 0x00, 0x00, 0x40, 0xFF, 0x03, 0x00, 0x00, 0x00, 0x00, 0x00, 0x00, 0x80, 0xFF, 0x07, 0x00,
    0x00, 0x00, 0x00, 0x00, 0x00, 0xC0, 0xFF, 0x0B, 0x00, 0x00, 0x00, 0x00, 0x00, 0x00, 0xD0, 0xFF,
    0x0F, 0x00, 0x00, 0x00, 0x00, 0x00, 0x00, 0xE0, 0xFF, 0x1F, 0x00, 0x00, 0x00, 0x00, 0x00, 0x00,
    0xF0, 0xEF, 0x2F, 0x00, 0x00, 0x00, 0x00, 0x00, 0x00, 0xF4, 0xCB, 0x7F, 0x00, 0x00, 0x00, 0x00,
    0x00, 0x00, 0xFC, 0x87, 0xBF, 0x00, 0x00, 0x00, 0x00, 0x00, 0x00, 0xFD, 0x43, 0xFF, 0x00, 0x00,
    0x00, 0x00, 0x00, 0x00, 0xFE, 0x02, 0xFF, 0x01, 0x00, 0x00, 0x00, 0x00, 0x00, 0xFF, 0x01, 0xFE,
    0x02, 0x00, 0x00, 0x00, 0x00, 0x40, 0xFF, 0x00, 0xFD, 0x03, 0x00, 0x00, 0x00, 0x00, 0x80, 0xBF,
    0x00, 0xF8, 0x07, 0x00, 0x00, 0x00, 0x00, 0xC0, 0x7F, 0x00, 0xF4, 0x0F, 0x00, 0x00, 0x00, 0x00,
    0xE0, 0x2F, 0x00, 0xF0, 0x1F, 0x00, 0x00, 0x00, 0x00, 0xF0, 0x1F, 0x00, 0xE0, 0x2F, 0x00, 0x00,
    0x00, 0x00, 0xF4, 0x0F, 0x00, 0xD0, 0x3F, 0x00, 0x00, 0x00, 0x00, 0xF8, 0x0B, 0x00, 0xC0, 0x7F,
    0x00, 0x00, 0x00, 0x00, 0xFC, 0x07, 0x00, 0x80, 0xBF, 0x00, 0x00, 0x00, 0x00, 0xFD, 0x03, 0x00,
    0x40, 0xFF, 0x00, 0x00, 0x00, 0x00, 0xFE, 0x02, 0x00, 0x00, 0xFF, 0x02, 0x00, 0x00, 0x40, 0xFF,
    0x01, 0x00, 0x00, 0xFE, 0x03, 0x00, 0x00, 0x80, 0xBF, 0x00, 0x00, 0x00, 0xFD, 0x07, 0x00, 0x00,
    0xC0, 0x7F, 0x00, 0x00, 0x00, 0xF8, 0x0B, 0x00, 0x00, 0xD0, 0x3F, 0x00, 0x00, 0x00, 0xF4, 0x0F,
    0x00, 0x00, 0xE0, 0x2F, 0x00, 0x00, 0x00, 0xF0, 0x1F, 0x00, 0x00, 0xF0, 0x1F, 0x00, 0x00, 0x00,
    0xE0, 0x2F, 0x00, 0x00, 0xF4, 0x5F, 0x55, 0x55, 0x55, 0xE5, 0x7F, 0x00, 0x00, 0xFC, 0xFF, 0xFF,
    0xFF, 0xFF, 0xFF, 0xBF, 0x00, 0x00, 0xFD, 0xFF, 0xFF, 0xFF, 0xFF, 0xFF, 0xFF, 0x00, 0x00, 0xFE,
    0xFF, 0xFF, 0xFF, 0xFF, 0xFF, 0xFF, 0x01, 0x00, 0xFF, 0x02, 0x00, 0x00, 0x00, 0x00, 0xFE, 0x02,
    0x40, 0xFF, 0x00, 0x00, 0x00, 0x00, 0x00, 0xFD, 0x03, 0x80, 0xBF, 0x00, 0x00, 0x00, 0x00, 0x00,
    0xFC, 0x07, 0xC0, 0x7F, 0x00, 0x00, 0x00, 0x00, 0x00, 0xF8, 0x0F, 0xE0, 0x3F, 0x00, 0x00, 0x00,
    0x00, 0x00, 0xF4, 0x1F, 0xF0, 0x2F, 0x00, 0x00, 0x00, 0x00, 0x00, 0xF0, 0x2F, 0xF4, 0x1F, 0x00,
    0x00, 0x00, 0x00, 0x00, 0xE0, 0x3F, 0xF8, 0x0F, 0x00, 0x00, 0x00, 0x00, 0x00, 0xD0, 0x7F, 0xFC,
    0x07, 0x00, 0x00, 0x00, 0x00, 0x00, 0x80, 0xBF, 0xFD, 0x03, 0x00, 0x00, 0x00, 0x00, 0x00, 0x40,
    0xFF,
    // Unicode: [0x0042, B]
    0xFD, 0xFF, 0xFF, 0xFF, 0xAF, 0x01, 0x00, 0xF4, 0xFF, 0xFF, 0xFF, 0xFF, 0xBF, 0x00, 0xD0, 0xFF,
    0xFF, 0xFF, 0xFF, 0xFF, 0x1F, 0x40, 0xFF, 0xAA, 0xAA, 0xAA, 0xFF, 0xFF, 0x01, 0xFD, 0x02, 0x00,
    0x00, 0x40, 0xFF, 0x0F, 0xF4, 0x0B, 0x00, 0x00, 0x00, 0xE0, 0xBF, 0xD0, 0x2F, 0x00, 0x00, 0x00,
    0x00, 0xFE, 0x43, 0xBF, 0x00, 0x00, 0x00, 0x00, 0xF4, 0x1F, 0xFD, 0x02, 0x00, 0x00, 0x00, 0x80,
    0xBF, 0xF4, 0x0B, 0x00, 0x00, 0x00, 0x00, 0xFE, 0xD2, 0x2F, 0x00, 0x00, 0x00, 0x00, 0xF4, 0x4F,
    0xBF, 0x00, 0x00, 0x00, 0x00, 0xD0, 0x2F, 0xFD, 0x02, 0x00, 0x00, 0x00, 0x80, 0xBF, 0xF4, 0x0B,
    0x00, 0x00, 0x00, 0x00, 0xFE, 0xD1, 0x2F, 0x00, 0x00, 0x00, 0x00, 0xFC, 0x43, 0xBF, 0x00, 0x00,
    0x00, 0x00, 0xF8, 0x0B, 0xFD, 0x02, 0x00, 0x00, 0x00, 0xF4, 0x0F, 0xF4, 0x0B, 0x00, 0x00, 0x00,
    0xF8, 0x1F, 0xD0, 0x3F, 0x00, 0x00, 0x54, 0xFE, 0x1F, 0x40, 0xFF, 0xFF, 0xFF, 0xFF, 0xFF, 0x07,
    0x00, 0xFD, 0xFF, 0xFF, 0xFF, 0xFF, 0x06, 0x00, 0xF4, 0xFF, 0xFF, 0xFF, 0xFF, 0xFF, 0x01, 0xD0,
    0x2F, 0x00, 0x00, 0x40, 0xFE, 0x2F, 0x40, 0xBF, 0x00, 0x00, 0x00, 0x40, 0xFF, 0x02, 0xFD, 0x02,
    0x00, 0x00, 0x00, 0xE0, 0x2F, 0xF4, 0x0B, 0x00, 0x00, 0x00, 0x00, 0xFF, 0xD1, 0x2F, 0x00, 0x00,
    0x00, 0x00, 0xF4, 0x4F, 0xBF, 0x00, 0x00, 0x00, 0x00, 0xC0, 0x7F, 0xFD, 0x02, 0x00, 0x00, 0x00,
    0x00, 0xFE, 0xF6, 0x0B, 0x00, 0x00, 0x00, 0x00, 0xF8, 0xDB, 0x2F, 0x00, 0x00, 0x00, 0x00, 0xD0,
    0x6F, 0xBF, 0x00, 0x00, 0x00, 0x00, 0x80, 0xBF, 0xFD, 0x02, 0x00, 0x00, 0x00, 0x00, 0xFE, 0xF6,
    0x0B, 0x00, 0x00, 0x00, 0x00, 0xFC, 0xD7, 0x2F, 0x00, 0x00, 0x00, 0x00, 0xF8, 0x5F, 0xBF, 0x00,
    0x00, 0x00, 0x00, 0xF4, 0x2F, 0xFD, 0x02, 0x00, 0x00, 0x00, 0xF4, 0x7F, 0xF4, 0x0B, 0x00, 0x00,
    0x00, 0xF9, 0xBF, 0xD0, 0xBF, 0xAA, 0xAA, 0xEA, 0xFF, 0xBF, 0x40, 0xFF, 0xFF, 0xFF, 0xFF, 0xFF,
    0x7F, 0x00, 0xFD, 0xFF, 0xFF, 0xFF, 0xFF, 0x6F, 0x00, 0xF4, 0xFF, 0xFF, 0xFF, 0xBF, 0x06, 0x00,
    0x00,
    // Unicode: [0x0043, C]
    0x00, 0x00, 0x00, 0x50, 0xFE, 0xBF, 0x16, 0x00, 0x00, 0x00, 0x00, 0x00, 0x40, 0xFE, 0xFF, 0xFF,
    0xFF, 0x06, 0x00, 0x00, 0x00, 0x00, 0xE0, 0xFF, 0xFF, 0xFF, 0xFF, 0x2F, 0x00, 0x00, 0x00, 0x00,
    0xFD, 0xFF, 0xFF, 0xFF, 0xFF, 0xFF, 0x02, 0x00, 0x00, 0x80, 0xFF, 0xBF, 0x01, 0x40, 0xF9, 0xFF,
    0x0B, 0x00, 0x00, 0xE0, 0xFF, 0x06, 0x00, 0x00, 0x40, 0xFE, 0x3F, 0x00, 0x00, 0xF8, 0x7F, 0x00,
    0x00, 0x00, 0x00, 0xF4, 0xBF, 0x00, 0x00, 0xFE, 0x1F, 0x00, 0x00, 0x00, 0x00, 0x80, 0xFF, 0x02,
    0x40, 0xFF, 0x03, 0x00, 0x00, 0x00, 0x00, 0x00, 0xFE, 0x07, 0xC0, 0xFF, 0x01, 0x00, 0x00, 0x00,
    0x00, 0x00, 0xFC, 0x0F, 0xD0, 0x7F, 0x00, 0x00, 0x00, 0x00, 0x00, 0x00, 0xF4, 0x2F, 0xF0, 0x2F,
    0x00, 0x00, 0x00, 0x00, 0x00, 0x00, 0xE0, 0x3F, 0xF4, 0x1F, 0x00, 0x00, 0x00, 0x00, 0x00, 0x00,
    0xC0, 0x7F, 0xF8, 0x0F, 0x00, 0x00, 0x00, 0x00, 0x00, 0x00, 0x40, 0x6A, 0xFC, 0x07, 0x00, 0x00,
    0x00, 0x00, 0x00, 0x00, 0x00, 0x00, 0xFD, 0x07, 0x00, 0x00, 0x00, 0x00, 0x00, 0x00, 0x00, 0x00,
    0xFD, 0x03, 0x00, 0x00, 0x00, 0x00, 0x00, 0x00, 0x00, 0x00, 0xFE, 0x02, 0x00, 0x00, 0x00, 0x00,
    0x00, 0x00, 0x00, 0x00, 0xFE, 0x02, 0x00, 0x00, 0x00, 0x00, 0x00, 0x00, 0x00, 0x00, 0xFE, 0x02,
    0x00, 0x00, 0x00, 0x00, 0x00, 0x00, 0x00, 0x00, 0xFE, 0x02, 0x00, 0x00, 0x00, 0x00, 0x00, 0x00,
    0x00, 0x00, 0xFE, 0x02, 0x00, 0x00, 0x00, 0x00, 0x00, 0x00, 0x00, 0x00, 0xFE, 0x02, 0x00, 0x00,
    0x00, 0x00, 0x00, 0x00, 0x00, 0x00, 0xFE, 0x02, 0x00, 0x00, 0x00, 0x00, 0x00, 0x00, 0x00, 0x00,
    0xFE, 0x02, 0x00, 0x00, 0x00, 0x00, 0x00, 0x00, 0x00, 0x00, 0xFD, 0x03, 0x00, 0x00, 0x00, 0x00,
    0x00, 0x00, 0x00, 0x00, 0xFD, 0x07, 0x00, 0x00, 0x00, 0x00, 0x00, 0x00, 0x00, 0x00, 0xFC, 0x07,
    0x00, 0x00, 0x00, 0x00, 0x00, 0x00, 0x00, 0x00, 0xF8, 0x0B, 0x00, 0x00, 0x00, 0x00, 0x00, 0x00,
    0x40, 0x6A, 0xF4, 0x1F, 0x00, 0x00, 0x00, 0x00, 0x00, 0x00, 0xC0, 0x7F, 0xF0, 0x2F, 0x00, 0x00,
    0x00, 0x00, 0x00, 0x00, 0xE0, 0x3F, 0xD0, 0x7F, 0x00, 0x00, 0x00, 0x00, 0x00, 0x00, 0xF4, 0x2F,
    0xC0, 0xFF, 0x01, 0x00, 0x00, 0x00, 0x00, 0x00, 0xFC, 0x0F, 0x40, 0xFF, 0x03, 0x00, 0x00, 0x00,
    0x00, 0x00, 0xFE, 0x07, 0x00, 0xFE, 0x0F, 0x00, 0x00, 0x00, 0x00, 0x80, 0xFF, 0x02, 0x00, 0xF8,
    0x7F, 0x00, 0x00, 0x00, 0x00, 0xF4, 0xBF, 0x00, 0x00, 0xE0, 0xFF, 0x06, 0x00, 0x00, 0x40, 0xFE,
    0x3F, 0x00, 0x00, 0x80, 0xFF, 0xBF, 0x01, 0x00, 0xF9, 0xFF, 0x0B, 0x00, 0x00, 0x00, 0xFD, 0xFF,
    0xFF, 0xFF, 0xFF, 0xFF, 0x02, 0x00, 0x00, 0x00, 0xE0, 0xFF, 0xFF, 0xFF, 0xFF, 0x2F, 0x00, 0x00,
    0x00, 0x00, 0x40, 0xFE, 0xFF, 0xFF, 0xFF, 0x06, 0x00, 0x00, 0x00, 0x00, 0x00, 0x50, 0xFE, 0xBF,
    0x16, 0x00, 0x00, 0x00,
    // Unicode: [0x0044, D]
    0xFD, 0xFF, 0xFF, 0xFF, 0x6B, 0x01, 0x00, 0x00, 0x00, 0xFD, 0xFF, 0xFF, 0xFF, 0xFF, 0x6F, 0x00,
    0x00, 0x00, 0xFD, 0xFF, 0xFF, 0xFF, 0xFF, 0xFF, 0x07, 0x00, 0x00, 0xFD, 0xAB, 0xAA, 0xAA, 0xFF,
    0xFF, 0x7F, 0x00, 0x00, 0xFD, 0x02, 0x00, 0x00, 0x50, 0xFE, 0xFF, 0x02, 0x00, 0xFD, 0x02, 0x00,
    0x00, 0x00, 0xD0, 0xFF, 0x0B, 0x00, 0xFD, 0x02, 0x00, 0x00, 0x00, 0x00, 0xFE, 0x2F, 0x00, 0xFD,
    0x02, 0x00, 0x00, 0x00, 0x00, 0xF4, 0x7F, 0x00, 0xFD, 0x02, 0x00, 0x00, 0x00, 0x00, 0xD0, 0xFF,
    0x01, 0xFD, 0x02, 0x00, 0x00, 0x00, 0x00, 0x40, 0xFF, 0x02, 0xFD, 0x02, 0x00, 0x00, 0x00, 0x00,
    0x00, 0xFD, 0x07, 0xFD, 0x02, 0x00, 0x00, 0x00, 0x00, 0x00, 0xFC, 0x0B, 0xFD, 0x02, 0x00, 0x00,
    0x00, 0x00, 0x00, 0xF4, 0x1F, 0xFD, 0x02, 0x00, 0x00, 0x00, 0x00, 0x00, 0xF0, 0x2F, 0xFD, 0x02,
    0x00, 0x00, 0x00, 0x00, 0x00, 0xE0, 0x3F, 0xFD, 0x02, 0x00, 0x00, 0x00, 0x00, 0x00, 0xD0, 0x3F,
    0xFD, 0x02, 0x00, 0x00, 0x00, 0x00, 0x00, 0xC0, 0x7F, 0xFD, 0x02, 0x00, 0x00, 0x00, 0x00, 0x00,
    0xC0, 0x7F, 0xFD, 0x02, 0x00, 0x00, 0x00, 0x00, 0x00, 0x80, 0x7F, 0xFD, 0x02, 0x00, 0x00, 0x00,
    0x00, 0x00, 0x80, 0xBF, 0xFD, 0x02, 0x00, 0x00, 0x00, 0x00, 0x00, 0x80, 0xBF, 0xFD, 0x02, 0x00,
    0x00, 0x00, 0x00, 0x00, 0x80, 0xBF, 0xFD, 0x02, 0x00, 0x00, 0x00, 0x00, 0x00, 0x80, 0xBF, 0xFD,
    0x02, 0x00, 0x00, 0x00, 0x00, 0x00, 0x80, 0x7F, 0xFD, 0x02, 0x00, 0x00, 0x00, 0x00, 0x00, 0xC0,
    0x7F, 0xFD, 0x02, 0x00, 0x00, 0x00, 0x00, 0x00, 0xC0, 0x7F, 0xFD, 0x02, 0x00, 0x00, 0x00, 0x00,
    0x00, 0xD0, 0x3F, 0xFD, 0x02, 0x00, 0x00, 0x00, 0x00, 0x00, 0xE0, 0x2F, 0xFD, 0x02, 0x00, 0x00,
    0x00, 0x00, 0x00, 0xF0, 0x2F, 0xFD, 0x02, 0x00, 0x00, 0x00, 0x00, 0x00, 0xF4, 0x1F, 0xFD, 0x02,
    0x00, 0x00, 0x00, 0x00, 0x00, 0xFC, 0x0B, 0xFD, 0x02, 0x00, 0x00, 0x00, 0x00, 0x00, 0xFE, 0x07,
    0xFD, 0x02, 0x00, 0x00, 0x00, 0x00, 0x40, 0xFF, 0x02, 0xFD, 0x02, 0x00, 0x00, 0x00, 0x00, 0xD0,
    0xFF, 0x01, 0xFD, 0x02, 0x00, 0x00, 0x00, 0x00, 0xF4, 0x7F, 0x00, 0xFD, 0x02, 0x00, 0x00, 0x00,
    0x00, 0xFE, 0x2F, 0x00, 0xFD, 0x02, 0x00, 0x00, 0x00, 0xE0, 0xFF, 0x0B, 0x00, 0xFD, 0x02, 0x00,
    0x00, 0x90, 0xFE, 0xFF, 0x01, 0x00, 0xFD, 0xAB, 0xAA, 0xEA, 0xFF, 0xFF, 0x6F, 0x00, 0x00, 0xFD,
    0xFF, 0xFF, 0xFF, 0xFF, 0xFF, 0x07, 0x00, 0x00, 0xFD, 0xFF, 0xFF, 0xFF, 0xFF, 0x6F, 0x00, 0x00,
    0x00, 0xFD, 0xFF, 0xFF, 0xFF, 0x6B, 0x01, 0x00, 0x00, 0x00,
    // Unicode: [0x0045, E]
    0xFD, 0xFF, 0xFF, 0xFF, 0xFF, 0x7F, 0xFF, 0xFF, 0xFF, 0xFF, 0xFF, 0xDF, 0xFF, 0xFF, 0xFF, 0xFF,
    0xFF, 0xF7, 0x5F, 0x55, 0x55, 0x55, 0x55, 0xFD, 0x02, 0x00, 0x00, 0x00, 0x40, 0xBF, 0x00, 0x00,
    0x00, 0x00, 0xD0, 0x2F, 0x00, 0x00, 0x00, 0x00, 0xF4, 0x0B, 0x00, 0x00, 0x00, 0x00, 0xFD, 0x02,
    0x00, 0x00, 0x00, 0x40, 0xBF, 0x00, 0x00, 0x00, 0x00, 0xD0, 0x2F, 0x00, 0x00, 0x00, 0x00, 0xF4,
    0x0B, 0x00, 0x00, 0x00, 0x00, 0xFD, 0x02, 0x00, 0x00, 0x00, 0x40, 0xBF, 0x00, 0x00, 0x00, 0x00,
    0xD0, 0x2F, 0x00, 0x00, 0x00, 0x00, 0xF4, 0x0B, 0x00, 0x00, 0x00, 0x00, 0xFD, 0x02, 0x00, 0x00,
    0x00, 0x40, 0xBF, 0x00, 0x00, 0x00, 0x00, 0xD0, 0x2F, 0x00, 0x00, 0x00, 0x00, 0xF4, 0xFF, 0xFF,
    0xFF, 0xFF, 0x1F, 0xFD, 0xFF, 0xFF, 0xFF, 0xFF, 0x47, 0xFF, 0xFF, 0xFF, 0xFF, 0xFF, 0xD1, 0x7F,
    0x55, 0x55, 0x55, 0x15, 0xF4, 0x0B, 0x00, 0x00, 0x00, 0x00, 0xFD, 0x02, 0x00, 0x00, 0x00, 0x40,
    0xBF, 0x00, 0x00, 0x00, 0x00, 0xD0, 0x2F, 0x00, 0x00, 0x00, 0x00, 0xF4, 0x0B, 0x00, 0x00, 0x00,
    0x00, 0xFD, 0x02, 0x00, 0x00, 0x00, 0x40, 0xBF, 0x00, 0x00, 0x00, 0x00, 0xD0, 0x2F, 0x00, 0x00,
    0x00, 0x00, 0xF4, 0x0B, 0x00, 0x00, 0x00, 0x00, 0xFD, 0x02, 0x00, 0x00, 0x00, 0x40, 0xBF, 0x00,
    0x00, 0x00, 0x00, 0xD0, 0x2F, 0x00, 0x00, 0x00, 0x00, 0xF4, 0x0B, 0x00, 0x00, 0x00, 0x00, 0xFD,
    0x02, 0x00, 0x00, 0x00, 0x40, 0xBF, 0x00, 0x00, 0x00, 0x00, 0xD0, 0x7F, 0x55, 0x55, 0x55, 0x55,
    0xF5, 0xFF, 0xFF, 0xFF, 0xFF, 0xFF, 0xFD, 0xFF, 0xFF, 0xFF, 0xFF, 0x7F, 0xFF, 0xFF, 0xFF, 0xFF,
    0xFF, 0x0F,
    // Unicode: [0x0046, F]
    0xFD, 0xFF, 0xFF, 0xFF, 0xFF, 0xBF, 0xFD, 0xFF, 0xFF, 0xFF, 0xFF, 0xBF, 0xFD, 0xFF, 0xFF, 0xFF,
    0xFF, 0xBF, 0xFD, 0x57, 0x55, 0x55, 0x55, 0x55, 0xFD, 0x02, 0x00, 0x00, 0x00, 0x00, 0xFD, 0x02,
    0x00, 0x00, 0x00, 0x00, 0xFD, 0x02, 0x00, 0x00, 0x00, 0x00, 0xFD, 0x02, 0x00, 0x00, 0x00, 0x00,
    0xFD, 0x02, 0x00, 0x00, 0x00, 0x00, 0xFD, 0x02, 0x00, 0x00, 0x00, 0x00, 0xFD, 0x02, 0x00, 0x00,
    0x00, 0x00, 0xFD, 0x02, 0x00, 0x00, 0x00, 0x00, 0xFD, 0x02, 0x00, 0x00, 0x00, 0x00, 0xFD, 0x02,
    0x00, 0x00, 0x00, 0x00, 0xFD, 0x02, 0x00, 0x00, 0x00, 0x00, 0xFD, 0x02, 0x00, 0x00, 0x00, 0x00,
    0xFD, 0x02, 0x00, 0x00, 0x00, 0x00, 0xFD, 0x02, 0x00, 0x00, 0x00, 0x00, 0xFD, 0x02, 0x00, 0x00,
    0x00, 0x00, 0xFD, 0x57, 0x55, 0x55, 0x55, 0x01, 0xFD, 0xFF, 0xFF, 0xFF, 0xFF, 0x03, 0xFD, 0xFF,
    0xFF, 0xFF, 0xFF, 0x03, 0xFD, 0xFF, 0xFF, 0xFF, 0xFF, 0x03, 0xFD, 0x02, 0x00, 0x00, 0x00, 0x00,
    0xFD, 0x02, 0x00, 0x00, 0x00, 0x00, 0xFD, 0x02, 0x00, 0x00, 0x00, 0x00, 0xFD, 0x02, 0x00, 0x00,
    0x00, 0x00, 0xFD, 0x02, 0x00, 0x00, 0x00, 0x00, 0xFD, 0x02, 0x00, 0x00, 0x00, 0x00, 0xFD, 0x02,
    0x00, 0x00, 0x00, 0x00, 0xFD, 0x02, 0x00, 0x00, 0x00, 0x00, 0xFD, 0x02, 0x00, 0x00, 0x00, 0x00,
    0xFD, 0x02, 0x00, 0x00, 0x00, 0x00, 0xFD, 0x02, 0x00, 0x00, 0x00, 0x00, 0xFD, 0x02, 0x00, 0x00,
    0x00, 0x00, 0xFD, 0x02, 0x00, 0x00, 0x00, 0x00, 0xFD, 0x02, 0x00, 0x00, 0x00, 0x00, 0xFD, 0x02,
    0x00, 0x00, 0x00, 0x00, 0xFD, 0x02, 0x00, 0x00, 0x00, 0x00, 0xFD, 0x02, 0x00, 0x00, 0x00, 0x00,
    0xFD, 0x02, 0x00, 0x00, 0x00, 0x00, 0xFD, 0x02, 0x00, 0x00, 0x00, 0x00,
    // Unicode: [0x0047, G]
    0x00, 0x00, 0x00, 0x50, 0xFA, 0xBF, 0x1A, 0x00, 0x00, 0x00, 0x00, 0x00, 0x00, 0xF8, 0xFF, 0xFF,
    0xFF, 0x1B, 0x00, 0x00, 0x00, 0x00, 0x00, 0xFE, 0xFF, 0xFF, 0xFF, 0xFF, 0x07, 0x00, 0x00, 0x00,
    0x40, 0xFF, 0xFF, 0xFF, 0xFF, 0xFF, 0xBF, 0x00, 0x00, 0x00, 0x80, 0xFF, 0xBF, 0x01, 0x00, 0xE5,
    0xFF, 0x1F, 0x00, 0x00, 0x80, 0xFF, 0x1F, 0x00, 0x00, 0x00, 0xF8, 0xFF, 0x01, 0x00, 0x80, 0xFF,
    0x0B, 0x00, 0x00, 0x00, 0x00, 0xFE, 0x1F, 0x00, 0x80, 0xFF, 0x07, 0x00, 0x00, 0x00, 0x00, 0xE0,
    0xFF, 0x00, 0x40, 0xFF, 0x03, 0x00, 0x00, 0x00, 0x00, 0x00, 0xFD, 0x0B, 0x00, 0xFE, 0x07, 0x00,
    0x00, 0x00, 0x00, 0x00, 0xE0, 0x7F, 0x00, 0xFD, 0x07, 0x00, 0x00, 0x00, 0x00, 0x00, 0x00, 0xFE,
    0x02, 0xFC, 0x0B, 0x00, 0x00, 0x00, 0x00, 0x00, 0x00, 0xF4, 0x1F, 0xF4, 0x1F, 0x00, 0x00, 0x00,
    0x00, 0x00, 0x00, 0x80, 0x6A, 0xE0, 0x3F, 0x00, 0x00, 0x00, 0x00, 0x00, 0x00, 0x00, 0x00, 0xC0,
    0xBF, 0x00, 0x00, 0x00, 0x00, 0x00, 0x00, 0x00, 0x00, 0x40, 0xFF, 0x01, 0x00, 0x00, 0x00, 0x00,
    0x00, 0x00, 0x00, 0x00, 0xFD, 0x03, 0x00, 0x00, 0x00, 0x00, 0x00, 0x00, 0x00, 0x00, 0xF8, 0x0B,
    0x00, 0x00, 0x00, 0x00, 0x00, 0x00, 0x00, 0x00, 0xE0, 0x2F, 0x00, 0x00, 0x00, 0x00, 0x00, 0x00,
    0x00, 0x00, 0x80, 0xBF, 0x00, 0x00, 0x00, 0xD0, 0xFF, 0xFF, 0xFF, 0xFF, 0xBF, 0xFE, 0x02, 0x00,
    0x00, 0x40, 0xFF, 0xFF, 0xFF, 0xFF, 0xFF, 0xFA, 0x0B, 0x00, 0x00, 0x00, 0xFD, 0xFF, 0xFF, 0xFF,
    0xFF, 0xEB, 0x2F, 0x00, 0x00, 0x00, 0x00, 0x00, 0x00, 0x00, 0xC0, 0xAF, 0xBF, 0x00, 0x00, 0x00,
    0x00, 0x00, 0x00, 0x00, 0x00, 0xBF, 0xFE, 0x02, 0x00, 0x00, 0x00, 0x00, 0x00, 0x00, 0x00, 0xFC,
    0xF6, 0x0F, 0x00, 0x00, 0x00, 0x00, 0x00, 0x00, 0x00, 0xF4, 0xD7, 0x7F, 0x00, 0x00, 0x00, 0x00,
    0x00, 0x00, 0x00, 0xE0, 0x1F, 0xFF, 0x01, 0x00, 0x00, 0x00, 0x00, 0x00, 0x00, 0xC0, 0x3F, 0xF8,
    0x0F, 0x00, 0x00, 0x00, 0x00, 0x00, 0x00, 0x40, 0xBF, 0xD0, 0x7F, 0x00, 0x00, 0x00, 0x00, 0x00,
    0x00, 0x00, 0xFE, 0x01, 0xFF, 0x02, 0x00, 0x00, 0x00, 0x00, 0x00, 0x00, 0xFD, 0x02, 0xF4, 0x1F,
    0x00, 0x00, 0x00, 0x00, 0x00, 0x00, 0xFC, 0x07, 0x80, 0xFF, 0x01, 0x00, 0x00, 0x00, 0x00, 0x00,
    0xF8, 0x0B, 0x00, 0xFD, 0x0F, 0x00, 0x00, 0x00, 0x00, 0x00, 0xF4, 0x0F, 0x00, 0xE0, 0xFF, 0x01,
    0x00, 0x00, 0x00, 0x00, 0xF8, 0x1F, 0x00, 0x00, 0xFE, 0x1F, 0x00, 0x00, 0x00, 0x00, 0xF8, 0x2F,
    0x00, 0x00, 0xE0, 0xFF, 0x06, 0x00, 0x00, 0x00, 0xFD, 0x2F, 0x00, 0x00, 0x00, 0xFE, 0xFF, 0x06,
    0x00, 0x90, 0xFF, 0x2F, 0x00, 0x00, 0x00, 0xD0, 0xFF, 0xFF, 0xAB, 0xFE, 0xFF, 0x1F, 0x00, 0x00,
    0x00, 0x00, 0xF8, 0xFF, 0xFF, 0xFF, 0xFF, 0x0B, 0x00, 0x00, 0x00, 0x00, 0x00, 0xFE, 0xFF, 0xFF,
    0xFF, 0x02, 0x00, 0x00, 0x00, 0x00, 0x00, 0x40, 0xE9, 0xFF, 0x5A, 0x00, 0x00, 0x00, 0x00,
    // Unicode: [0x0048, H]
    0xFD, 0x02, 0x00, 0x00, 0x00, 0x00, 0x40, 0xFF, 0xFD, 0x02, 0x00, 0x00, 0x00, 0x00, 0x40, 0xFF,
    0xFD, 0x02, 0x00, 0x00, 0x00, 0x00, 0x40, 0xFF, 0xFD, 0x02, 0x00, 0x00, 0x00, 0x00, 0x40, 0xFF,
    0xFD, 0x02, 0x00, 0x00, 0x00, 0x00, 0x40, 0xFF, 0xFD, 0x02, 0x00, 0x00, 0x00, 0x00, 0x40, 0xFF,
    0xFD, 0x02, 0x00, 0x00, 0x00, 0x00, 0x40, 0xFF, 0xFD, 0x02, 0x00, 0x00, 0x00, 0x00, 0x40, 0xFF,
    0xFD, 0x02, 0x00, 0x00, 0x00, 0x00, 0x40, 0xFF, 0xFD, 0x02, 0x00, 0x00, 0x00, 0x00, 0x40, 0xFF,
    0xFD, 0x02, 0x00, 0x00, 0x00, 0x00, 0x40, 0xFF, 0xFD, 0x02, 0x00, 0x00, 0x00, 0x00, 0x40, 0xFF,
    0xFD, 0x02, 0x00, 0x00, 0x00, 0x00, 0x40, 0xFF, 0xFD, 0x02, 0x00, 0x00, 0x00, 0x00, 0x40, 0xFF,
    0xFD, 0x02, 0x00, 0x00, 0x00, 0x00, 0x40, 0xFF, 0xFD, 0x02, 0x00, 0x00, 0x00, 0x00, 0x40, 0xFF,
    0xFD, 0x02, 0x00, 0x00, 0x00, 0x00, 0x40, 0xFF, 0xFD, 0x02, 0x00, 0x00, 0x00, 0x00, 0x40, 0xFF,
    0xFD, 0x57, 0x55, 0x55, 0x55, 0x55, 0x95, 0xFF, 0xFD, 0xFF, 0xFF, 0xFF, 0xFF, 0xFF, 0xFF, 0xFF,
    0xFD, 0xFF, 0xFF, 0xFF, 0xFF, 0xFF, 0xFF, 0xFF, 0xFD, 0xFF, 0xFF, 0xFF, 0xFF, 0xFF, 0xFF, 0xFF,
    0xFD, 0x02, 0x00, 0x00, 0x00, 0x00, 0x40, 0xFF, 0xFD, 0x02, 0x00, 0x00, 0x00, 0x00, 0x40, 0xFF,
    0xFD, 0x02, 0x00, 0x00, 0x00, 0x00, 0x40, 0xFF, 0xFD, 0x02, 0x00, 0x00, 0x00, 0x00, 0x40, 0xFF,
    0xFD, 0x02, 0x00, 0x00, 0x00, 0x00, 0x40, 0xFF, 0xFD, 0x02, 0x00, 0x00, 0x00, 0x00, 0x40, 0xFF,
    0xFD, 0x02, 0x00, 0x00, 0x00, 0x00, 0x40, 0xFF, 0xFD, 0x02, 0x00, 0x00, 0x00, 0x00, 0x40, 0xFF,
    0xFD, 0x02, 0x00, 0x00, 0x00, 0x00, 0x40, 0xFF, 0xFD, 0x02, 0x00, 0x00, 0x00, 0x00, 0x40, 0xFF,
    0xFD, 0x02, 0x00, 0x00, 0x00, 0x00, 0x40, 0xFF, 0xFD, 0x02, 0x00, 0x00, 0x00, 0x00, 0x40, 0xFF,
    0xFD, 0x02, 0x00, 0x00, 0x00, 0x00, 0x40, 0xFF, 0xFD, 0x02, 0x00, 0x00, 0x00, 0x00, 0x40, 0xFF,
    0xFD, 0x02, 0x00, 0x00, 0x00, 0x00, 0x40, 0xFF, 0xFD, 0x02, 0x00, 0x00, 0x00, 0x00, 0x40, 0xFF,
    0xFD, 0x02, 0x00, 0x00, 0x00, 0x00, 0x40, 0xFF, 0xFD, 0x02, 0x00, 0x00, 0x00, 0x00, 0x40, 0xFF,
    0xFD, 0x02, 0x00, 0x00, 0x00, 0x00, 0x40, 0xFF, 0xFD, 0x02, 0x00, 0x00, 0x00, 0x00, 0x40, 0xFF,
    // Unicode: [0x0049, I]
    0xFD, 0xF6, 0xDB, 0x6F, 0xBF, 0xFD, 0xF6, 0xDB, 0x6F, 0xBF, 0xFD, 0xF6, 0xDB, 0x6F, 0xBF, 0xFD,
    0xF6, 0xDB, 0x6F, 0xBF, 0xFD, 0xF6, 0xDB, 0x6F, 0xBF, 0xFD, 0xF6, 0xDB, 0x6F, 0xBF, 0xFD, 0xF6,
    0xDB, 0x6F, 0xBF, 0xFD, 0xF6, 0xDB, 0x6F, 0xBF, 0xFD, 0xF6, 0xDB, 0x6F, 0xBF, 0xFD, 0xF6, 0xDB,
    0x6F, 0xBF, 0xFD, 0xF6, 0x0B,
    // Unicode: [0x004A, J]
    0x00, 0x00, 0x00, 0x00, 0xE0, 0x2F, 0x00, 0x00, 0x00, 0x00, 0xF8, 0x0B, 0x00, 0x00, 0x00, 0x00,
    0xFE, 0x02, 0x00, 0x00, 0x00, 0x80, 0xBF, 0x00, 0x00, 0x00, 0x00, 0xE0, 0x2F, 0x00, 0x00, 0x00,
    0x00, 0xF8, 0x0B, 0x00, 0x00, 0x00, 0x00, 0xFE, 0x02, 0x00, 0x00, 0x00, 0x80, 0xBF, 0x00, 0x00,
    0x00, 0x00, 0xE0, 0x2F, 0x00, 0x00, 0x00, 0x00, 0xF8, 0x0B, 0x00, 0x00, 0x00, 0x00, 0xFE, 0x02,
    0x00, 0x00, 0x00, 0x80, 0xBF, 0x00, 0x00, 0x00, 0x00, 0xE0, 0x2F, 0x00, 0x00, 0x00, 0x00, 0xF8,
    0x0B, 0x00, 0x00, 0x00, 0x00, 0xFE, 0x02, 0x00, 0x00, 0x00, 0x80, 0xBF, 0x00, 0x00, 0x00, 0x00,
    0xE0, 0x2F, 0x00, 0x00, 0x00, 0x00, 0xF8, 0x0B, 0x00, 0x00, 0x00, 0x00, 0xFE, 0x02, 0x00, 0x00,
    0x00, 0x80, 0xBF, 0x00, 0x00, 0x00, 0x00, 0xE0, 0x2F, 0x00, 0x00, 0x00, 0x00, 0xF8, 0x0B, 0x00,
    0x00, 0x00, 0x00, 0xFE, 0x02, 0x00, 0x00, 0x00, 0x80, 0xBF, 0x00, 0x00, 0x00, 0x00, 0xE0, 0x2F,
    0x00, 0x00, 0x00, 0x00, 0xF8, 0x0B, 0x00, 0x00, 0x00, 0x00, 0xFE, 0x02, 0x00, 0x00, 0x00, 0x80,
    0xBF, 0x00, 0x00, 0x00, 0x00, 0xE0, 0x2F, 0x00, 0x00, 0x00, 0x00, 0xF8, 0xDB, 0x2F, 0x00, 0x00,
    0x00, 0xFE, 0xF6, 0x0B, 0x00, 0x00, 0x80, 0xBF, 0xFD, 0x03, 0x00, 0x00, 0xE0, 0x2F, 0xFF, 0x01,
    0x00, 0x00, 0xF8, 0xCB, 0xBF, 0x00, 0x00, 0x00, 0xFF, 0xD1, 0x7F, 0x00, 0x00, 0xE0, 0x3F, 0xF0,
    0x3F, 0x00, 0x00, 0xFD, 0x0B, 0xF4, 0xBF, 0x00, 0xE4, 0xFF, 0x01, 0xF8, 0xFF, 0xFF, 0xFF, 0x1F,
    0x00, 0xF8, 0xFF, 0xFF, 0xFF, 0x01, 0x00, 0xF4, 0xFF, 0xFF, 0x1B, 0x00, 0x00, 0x90, 0xFE, 0x6B,
    0x00, 0x00,
    // Unicode: [0x004B, K]
    0xFD, 0x02, 0x00, 0x00, 0x00, 0xD0, 0xFF, 0xFD, 0x02, 0x00, 0x00, 0x00, 0xF4, 0x3F, 0xFD, 0x02,
    0x00, 0x00, 0x00, 0xFC, 0x1F, 0xFD, 0x02, 0x00, 0x00, 0x00, 0xFF, 0x07, 0xFD, 0x02, 0x00, 0x00,
    0xC0, 0xFF, 0x01, 0xFD, 0x02, 0x00, 0x00, 0xE0, 0x7F, 0x00, 0xFD, 0x02, 0x00, 0x00, 0xF8, 0x1F,
    0x00, 0xFD, 0x02, 0x00, 0x00, 0xFE, 0x07, 0x00, 0xFD, 0x02, 0x00, 0x80, 0xFF, 0x01, 0x00, 0xFD,
    0x02, 0x00, 0xE0, 0x7F, 0x00, 0x00, 0xFD, 0x02, 0x00, 0xF8, 0x1F, 0x00, 0x00, 0xFD, 0x02, 0x00,
    0xFD, 0x0B, 0x00, 0x00, 0xFD, 0x02, 0x40, 0xFF, 0x02, 0x00, 0x00, 0xFD, 0x02, 0xD0, 0xBF, 0x00,
    0x00, 0x00, 0xFD, 0x02, 0xF4, 0x2F, 0x00, 0x00, 0x00, 0xFD, 0x02, 0xFD, 0x0B, 0x00, 0x00, 0x00,
    0xFD, 0x42, 0xFF, 0x02, 0x00, 0x00, 0x00, 0xFD, 0xD2, 0xBF, 0x00, 0x00, 0x00, 0x00, 0xFD, 0xF2,
    0x2F, 0x00, 0x00, 0x00, 0x00, 0xFD, 0xFF, 0x0B, 0x00, 0x00, 0x00, 0x00, 0xFD, 0xFF, 0x03, 0x00,
    0x00, 0x00, 0x00, 0xFD, 0xFF, 0x07, 0x00, 0x00, 0x00, 0x00, 0xFD, 0xFF, 0x0F, 0x00, 0x00, 0x00,
    0x00, 0xFD, 0xF2, 0x3F, 0x00, 0x00, 0x00, 0x00, 0xFD, 0xD2, 0xFF, 0x00, 0x00, 0x00, 0x00, 0xFD,
    0x42, 0xFF, 0x02, 0x00, 0x00, 0x00, 0xFD, 0x02, 0xFD, 0x0B, 0x00, 0x00, 0x00, 0xFD, 0x02, 0xF4,
    0x2F, 0x00, 0x00, 0x00, 0xFD, 0x02, 0xD0, 0xBF, 0x00, 0x00, 0x00, 0xFD, 0x02, 0x40, 0xFF, 0x02,
    0x00, 0x00, 0xFD, 0x02, 0x00, 0xFD, 0x0B, 0x00, 0x00, 0xFD, 0x02, 0x00, 0xF8, 0x2F, 0x00, 0x00,
    0xFD, 0x02, 0x00, 0xE0, 0xBF, 0x00, 0x00, 0xFD, 0x02, 0x00, 0x80, 0xFF, 0x01, 0x00, 0xFD, 0x02,
    0x00, 0x00, 0xFE, 0x07, 0x00, 0xFD, 0x02, 0x00, 0x00, 0xF8, 0x1F, 0x00, 0xFD, 0x02, 0x00, 0x00,
    0xE0, 0x7F, 0x00, 0xFD, 0x02, 0x00, 0x00, 0xC0, 0xFF, 0x01, 0xFD, 0x02, 0x00, 0x00, 0x00, 0xFF,
    0x07, 0xFD, 0x02, 0x00, 0x00, 0x00, 0xFC, 0x1F, 0xFD, 0x02, 0x00, 0x00, 0x00, 0xF4, 0x7F, 0xFD,
    0x02, 0x00, 0x00, 0x00, 0xD0, 0xFF,
    // Unicode: [0x004C, L]
    0xFD, 0x02, 0x00, 0x00, 0x00, 0xF4, 0x0B, 0x00, 0x00, 0x00, 0xD0, 0x2F, 0x00, 0x00, 0x00, 0x40,
    0xBF, 0x00, 0x00, 0x00, 0x00, 0xFD, 0x02, 0x00, 0x00, 0x00, 0xF4, 0x0B, 0x00, 0x00, 0x00, 0xD0,
    0x2F, 0x00, 0x00, 0x00, 0x40, 0xBF, 0x00, 0x00, 0x00, 0x00, 0xFD, 0x02, 0x00, 0x00, 0x00, 0xF4,
    0x0B, 0x00, 0x00, 0x00, 0xD0, 0x2F, 0x00, 0x00, 0x00, 0x40, 0xBF, 0x00, 0x00, 0x00, 0x00, 0xFD,
    0x02, 0x00, 0x00, 0x00, 0xF4, 0x0B, 0x00, 0x00, 0x00, 0xD0, 0x2F, 0x00, 0x00, 0x00, 0x40, 0xBF,
    0x00, 0x00, 0x00, 0x00, 0xFD, 0x02, 0x00, 0x00, 0x00, 0xF4, 0x0B, 0x00, 0x00, 0x00, 0xD0, 0x2F,
    0x00, 0x00, 0x00, 0x40, 0xBF, 0x00, 0x00, 0x00, 0x00, 0xFD, 0x02, 0x00, 0x00, 0x00, 0xF4, 0x0B,
    0x00, 0x00, 0x00, 0xD0, 0x2F, 0x00, 0x00, 0x00, 0x40, 0xBF, 0x00, 0x00, 0x00, 0x00, 0xFD, 0x02,
    0x00, 0x00, 0x00, 0xF4, 0x0B, 0x00, 0x00, 0x00, 0xD0, 0x2F, 0x00, 0x00, 0x00, 0x40, 0xBF, 0x00,
    0x00, 0x00, 0x00, 0xFD, 0x02, 0x00, 0x00, 0x00, 0xF4, 0x0B, 0x00, 0x00, 0x00, 0xD0, 0x2F, 0x00,
    0x00, 0x00, 0x40, 0xBF, 0x00, 0x00, 0x00, 0x00, 0xFD, 0x02, 0x00, 0x00, 0x00, 0xF4, 0x0B, 0x00,
    0x00, 0x00, 0xD0, 0x2F, 0x00, 0x00, 0x00, 0x40, 0xBF, 0x00, 0x00, 0x00, 0x00, 0xFD, 0x02, 0x00,
    0x00, 0x00, 0xF4, 0x0B, 0x00, 0x00, 0x00, 0xD0, 0x7F, 0x55, 0x55, 0x55, 0x45, 0xFF, 0xFF, 0xFF,
    0xFF, 0x7F, 0xFD, 0xFF, 0xFF, 0xFF, 0xFF, 0xF5, 0xFF, 0xFF, 0xFF, 0xFF, 0x07,
    // Unicode: [0x004D, M]
    0xFD, 0x0B, 0x00, 0x00, 0x00, 0x00, 0x00, 0x00, 0x00, 0xFE, 0xDB, 0xFF, 0x01, 0x00, 0x00, 0x00,
    0x00, 0x00, 0x00, 0xF0, 0xBF, 0xFD, 0x2F, 0x00, 0x00, 0x00, 0x00, 0x00, 0x00, 0x40, 0xFF, 0xDB,
    0xFF, 0x03, 0x00, 0x00, 0x00, 0x00, 0x00, 0x00, 0xFC, 0xBF, 0xFD, 0xBF, 0x00, 0x00, 0x00, 0x00,
    0x00, 0x00, 0xD0, 0xFF, 0xDB, 0xFF, 0x0F, 0x00, 0x00, 0x00, 0x00, 0x00, 0x00, 0xFE, 0xBF, 0xFD,
    0xFF, 0x01, 0x00, 0x00, 0x00, 0x00, 0x00, 0xF4, 0xFF, 0xDB, 0xEF, 0x2F, 0x00, 0x00, 0x00, 0x00,
    0x00, 0x80, 0xBF, 0xBF, 0xFD, 0xF6, 0x07, 0x00, 0x00, 0x00, 0x00, 0x00, 0xFC, 0xFA, 0xDB, 0x2F,
    0xBF, 0x00, 0x00, 0x00, 0x00, 0x00, 0xD0, 0x8F, 0xBF, 0xFD, 0xE2, 0x0F, 0x00, 0x00, 0x00, 0x00,
    0x00, 0xBF, 0xF8, 0xDB, 0x2F, 0xFD, 0x02, 0x00, 0x00, 0x00, 0x00, 0xF4, 0x87, 0xBF, 0xFD, 0x82,
    0x3F, 0x00, 0x00, 0x00, 0x00, 0x80, 0x3F, 0xF8, 0xDB, 0x2F, 0xF4, 0x07, 0x00, 0x00, 0x00, 0x00,
    0xFD, 0x81, 0xBF, 0xFD, 0x02, 0xFF, 0x00, 0x00, 0x00, 0x00, 0xE0, 0x0F, 0xF8, 0xDB, 0x2F, 0xE0,
    0x1F, 0x00, 0x00, 0x00, 0x00, 0xBF, 0x80, 0xBF, 0xFD, 0x02, 0xFC, 0x02, 0x00, 0x00, 0x00, 0xF8,
    0x07, 0xF8, 0xDB, 0x2F, 0x80, 0x3F, 0x00, 0x00, 0x00, 0xC0, 0x2F, 0x80, 0xBF, 0xFD, 0x02, 0xF4,
    0x0B, 0x00, 0x00, 0x00, 0xFD, 0x01, 0xF8, 0xDB, 0x2F, 0x00, 0xFF, 0x00, 0x00, 0x00, 0xE0, 0x0F,
    0x80, 0xBF, 0xFD, 0x02, 0xD0, 0x1F, 0x00, 0x00, 0x40, 0xBF, 0x00, 0xF8, 0xDB, 0x2F, 0x00, 0xFC,
    0x03, 0x00, 0x00, 0xF8, 0x03, 0x80, 0xBF, 0xFD, 0x02, 0x80, 0x7F, 0x00, 0x00, 0xC0, 0x2F, 0x00,
    0xF8, 0xDB, 0x2F, 0x00, 0xF0, 0x0B, 0x00, 0x00, 0xFE, 0x01, 0x80, 0xBF, 0xFD, 0x02, 0x00, 0xFE,
    0x01, 0x00, 0xF0, 0x0F, 0x00, 0xF8, 0xDB, 0x2F, 0x00, 0xD0, 0x2F, 0x00, 0x40, 0x7F, 0x00, 0x80,
    0xBF, 0xFD, 0x02, 0x00, 0xFC, 0x03, 0x00, 0xF8, 0x03, 0x00, 0xF8, 0xDB, 0x2F, 0x00, 0x40, 0xBF,
    0x00, 0xD0, 0x2F, 0x00, 0x80, 0xBF, 0xFD, 0x02, 0x00, 0xF0, 0x0F, 0x00, 0xFE, 0x01, 0x00, 0xF8,
    0xDB, 0x2F, 0x00, 0x00, 0xFE, 0x01, 0xF0, 0x0B, 0x00, 0x80, 0xBF, 0xFD, 0x02, 0x00, 0xD0, 0x2F,
    0x80, 0x7F, 0x00, 0x00, 0xF8, 0xDB, 0x2F, 0x00, 0x00, 0xF8, 0x07, 0xFC, 0x03, 0x00, 0x80, 0xBF,
    0xFD, 0x02, 0x00, 0x40, 0xBF, 0xD0, 0x2F, 0x00, 0x00, 0xF8, 0xDB, 0x2F, 0x00, 0x00, 0xF0, 0x0F,
    0xFF, 0x00, 0x00, 0x80, 0xBF, 0xFD, 0x02, 0x00, 0x00, 0xFE, 0xF6, 0x0B, 0x00, 0x00, 0xF8, 0xDB,
    0x2F, 0x00, 0x00, 0xC0, 0xBF, 0x7F, 0x00, 0x00, 0x80, 0xBF, 0xFD, 0x02, 0x00, 0x00, 0xF8, 0xFF,
    0x03, 0x00, 0x00, 0xF8, 0xDB, 0x2F, 0x00, 0x00, 0x40, 0xFF, 0x1F, 0x00, 0x00, 0x80, 0xBF, 0xFD,
    0x02, 0x00, 0x00, 0xF0, 0xFF, 0x00, 0x00, 0x00, 0xF8, 0xDB, 0x2F, 0x00, 0x00, 0x00, 0xFD, 0x0B,
    0x00, 0x00, 0x80, 0xBF, 0xFD, 0x02, 0x00, 0x00, 0xC0, 0x7F, 0x00, 0x00, 0x00, 0xF8, 0x0B,
    // Unicode: [0x004E, N]
    0xFD, 0x03, 0x00, 0x00, 0x00, 0x00, 0x00, 0xFF, 0xF5, 0x2F, 0x00, 0x00, 0x00, 0x00, 0x00, 0xFC,
    0xD7, 0xFF, 0x01, 0x00, 0x00, 0x00, 0x00, 0xF0, 0x5F, 0xFF, 0x0F, 0x00, 0x00, 0x00, 0x00, 0xC0,
    0x7F, 0xFD, 0xBF, 0x00, 0x00, 0x00, 0x00, 0x00, 0xFF, 0xF5, 0xFF, 0x07, 0x00, 0x00, 0x00, 0x00,
    0xFC, 0xD7, 0xFF, 0x3F, 0x00, 0x00, 0x00, 0x00, 0xF0, 0x5F, 0xBF, 0xFE, 0x02, 0x00, 0x00, 0x00,
    0xC0, 0x7F, 0xFD, 0xF2, 0x1F, 0x00, 0x00, 0x00, 0x00, 0xFF, 0xF5, 0x4B, 0xFF, 0x00, 0x00, 0x00,
    0x00, 0xFC, 0xD7, 0x2F, 0xF8, 0x0B, 0x00, 0x00, 0x00, 0xF0, 0x5F, 0xBF, 0xC0, 0x7F, 0x00, 0x00,
    0x00, 0xC0, 0x7F, 0xFD, 0x02, 0xFD, 0x03, 0x00, 0x00, 0x00, 0xFF, 0xF5, 0x0B, 0xE0, 0x2F, 0x00,
    0x00, 0x00, 0xFC, 0xD7, 0x2F, 0x40, 0xFF, 0x01, 0x00, 0x00, 0xF0, 0x5F, 0xBF, 0x00, 0xF4, 0x0F,
    0x00, 0x00, 0xC0, 0x7F, 0xFD, 0x02, 0x80, 0xBF, 0x00, 0x00, 0x00, 0xFF, 0xF5, 0x0B, 0x00, 0xFD,
    0x07, 0x00, 0x00, 0xFC, 0xD7, 0x2F, 0x00, 0xE0, 0x3F, 0x00, 0x00, 0xF0, 0x5F, 0xBF, 0x00, 0x00,
    0xFE, 0x02, 0x00, 0xC0, 0x7F, 0xFD, 0x02, 0x00, 0xF4, 0x1F, 0x00, 0x00, 0xFF, 0xF5, 0x0B, 0x00,
    0x80, 0xFF, 0x00, 0x00, 0xFC, 0xD7, 0x2F, 0x00, 0x00, 0xFC, 0x0B, 0x00, 0xF0, 0x5F, 0xBF, 0x00,
    0x00, 0xD0, 0x7F, 0x00, 0xC0, 0x7F, 0xFD, 0x02, 0x00, 0x00, 0xFE, 0x03, 0x00, 0xFF, 0xF5, 0x0B,
    0x00, 0x00, 0xF0, 0x2F, 0x00, 0xFC, 0xD7, 0x2F, 0x00, 0x00, 0x40, 0xFF, 0x01, 0xF0, 0x5F, 0xBF,
    0x00, 0x00, 0x00, 0xF8, 0x0F, 0xC0, 0x7F, 0xFD, 0x02, 0x00, 0x00, 0xC0, 0xBF, 0x00, 0xFF, 0xF5,
    0x0B, 0x00, 0x00, 0x00, 0xFD, 0x07, 0xFC, 0xD7, 0x2F, 0x00, 0x00, 0x00, 0xE0, 0x3F, 0xF0, 0x5F,
    0xBF, 0x00, 0x00, 0x00, 0x00, 0xFF, 0xC2, 0x7F, 0xFD, 0x02, 0x00, 0x00, 0x00, 0xF4, 0x1F, 0xFF,
    0xF5, 0x0B, 0x00, 0x00, 0x00, 0x80, 0xFF, 0xFC, 0xD7, 0x2F, 0x00, 0x00, 0x00, 0x00, 0xFC, 0xFB,
    0x5F, 0xBF, 0x00, 0x00, 0x00, 0x00, 0xD0, 0xFF, 0x7F, 0xFD, 0x02, 0x00, 0x00, 0x00, 0x00, 0xFE,
    0xFF, 0xF5, 0x0B, 0x00, 0x00, 0x00, 0x00, 0xF0, 0xFF, 0xD7, 0x2F, 0x00, 0x00, 0x00, 0x00, 0x40,
    0xFF, 0x5F, 0xBF, 0x00, 0x00, 0x00, 0x00, 0x00, 0xF8, 0x7F, 0xFD, 0x02, 0x00, 0x00, 0x00, 0x00,
    0xC0, 0xFF, 0xF5, 0x0B, 0x00, 0x00, 0x00, 0x00, 0x00, 0xFD, 0x07,
    // Unicode: [0x004F, O]
    0x00, 0x00, 0x00, 0x40, 0xFA, 0xBF, 0x16, 0x00, 0x00, 0x00, 0x00, 0x00, 0x00, 0x90, 0xFF, 0xFF,
    0xFF, 0x6F, 0x00, 0x00, 0x00, 0x00, 0x00, 0xD0, 0xFF, 0xFF, 0xFF, 0xFF, 0x6F, 0x00, 0x00, 0x00,
    0x00, 0x90, 0xFF, 0xFF, 0xFF, 0xFF, 0xFF, 0x2F, 0x00, 0x00, 0x00, 0x40, 0xFF, 0xBF, 0x05, 0x00,
    0xF9, 0xFF, 0x0B, 0x00, 0x00, 0x00, 0xFE, 0x7F, 0x00, 0x00, 0x00, 0xE4, 0xFF, 0x07, 0x00, 0x00,
    0xF8, 0xBF, 0x00, 0x00, 0x00, 0x00, 0xF4, 0xFF, 0x00, 0x00, 0xD0, 0xFF, 0x01, 0x00, 0x00, 0x00,
    0x00, 0xF8, 0x2F, 0x00, 0x00, 0xFF, 0x07, 0x00, 0x00, 0x00, 0x00, 0x00, 0xFE, 0x0B, 0x00, 0xF8,
    0x1F, 0x00, 0x00, 0x00, 0x00, 0x00, 0x80, 0xFF, 0x01, 0xD0, 0xBF, 0x00, 0x00, 0x00, 0x00, 0x00,
    0x00, 0xF0, 0x3F, 0x00, 0xFE, 0x03, 0x00, 0x00, 0x00, 0x00, 0x00, 0x00, 0xFD, 0x07, 0xF4, 0x1F,
    0x00, 0x00, 0x00, 0x00, 0x00, 0x00, 0xC0, 0xBF, 0x80, 0xFF, 0x00, 0x00, 0x00, 0x00, 0x00, 0x00,
    0x00, 0xF4, 0x0F, 0xFC, 0x0B, 0x00, 0x00, 0x00, 0x00, 0x00, 0x00, 0x00, 0xFF, 0xD1, 0x7F, 0x00,
    0x00, 0x00, 0x00, 0x00, 0x00, 0x00, 0xE0, 0x2F, 0xFD, 0x03, 0x00, 0x00, 0x00, 0x00, 0x00, 0x00,
    0x00, 0xFD, 0xE3, 0x2F, 0x00, 0x00, 0x00, 0x00, 0x00, 0x00, 0x00, 0xD0, 0x3F, 0xFE, 0x02, 0x00,
    0x00, 0x00, 0x00, 0x00, 0x00, 0x00, 0xFC, 0xE7, 0x2F, 0x00, 0x00, 0x00, 0x00, 0x00, 0x00, 0x00,
    0xC0, 0x7F, 0xFE, 0x02, 0x00, 0x00, 0x00, 0x00, 0x00, 0x00, 0x00, 0xFC, 0xE7, 0x2F, 0x00, 0x00,
    0x00, 0x00, 0x00, 0x00, 0x00, 0xC0, 0x7F, 0xFE, 0x02, 0x00, 0x00, 0x00, 0x00, 0x00, 0x00, 0x00,
    0xFC, 0xE7, 0x2F, 0x00, 0x00, 0x00, 0x00, 0x00, 0x00, 0x00, 0xC0, 0x7F, 0xFE, 0x02, 0x00, 0x00,
    0x00, 0x00, 0x00, 0x00, 0x00, 0xFD, 0xD3, 0x3F, 0x00, 0x00, 0x00, 0x00, 0x00, 0x00, 0x00, 0xD0,
    0x3F, 0xFD, 0x07, 0x00, 0x00, 0x00, 0x00, 0x00, 0x00, 0x00, 0xFE, 0xC2, 0xBF, 0x00, 0x00, 0x00,
    0x00, 0x00, 0x00, 0x00, 0xF0, 0x1F, 0xF8, 0x0F, 0x00, 0x00, 0x00, 0x00, 0x00, 0x00, 0x40, 0xFF,
    0x40, 0xFF, 0x01, 0x00, 0x00, 0x00, 0x00, 0x00, 0x00, 0xFC, 0x0B, 0xE0, 0x3F, 0x00, 0x00, 0x00,
    0x00, 0x00, 0x00, 0xD0, 0x7F, 0x00, 0xFD, 0x0B, 0x00, 0x00, 0x00, 0x00, 0x00, 0x00, 0xFF, 0x02,
    0x80, 0xFF, 0x01, 0x00, 0x00, 0x00, 0x00, 0x00, 0xF8, 0x1F, 0x00, 0xF0, 0x7F, 0x00, 0x00, 0x00,
    0x00, 0x00, 0xE0, 0xBF, 0x00, 0x00, 0xFD, 0x1F, 0x00, 0x00, 0x00, 0x00, 0x80, 0xFF, 0x02, 0x00,
    0x40, 0xFF, 0x0B, 0x00, 0x00, 0x00, 0x40, 0xFF, 0x0F, 0x00, 0x00, 0xE0, 0xFF, 0x0B, 0x00, 0x00,
    0x40, 0xFE, 0x3F, 0x00, 0x00, 0x00, 0xF4, 0xFF, 0x5B, 0x00, 0x90, 0xFF, 0xBF, 0x00, 0x00, 0x00,
    0x00, 0xF9, 0xFF, 0xFF, 0xFF, 0xFF, 0xFF, 0x02, 0x00, 0x00, 0x00, 0x00, 0xFD, 0xFF, 0xFF, 0xFF,
    0xFF, 0x06, 0x00, 0x00, 0x00, 0x00, 0x00, 0xF9, 0xFF, 0xFF, 0xFF, 0x06, 0x00, 0x00, 0x00, 0x00,
    0x00, 0x00, 0xA4, 0xFF, 0x6B, 0x01, 0x00, 0x00, 0x00,
    // Unicode: [0x0050, P]
    0xFD, 0xFF, 0xFF, 0xFF, 0x1A, 0x00, 0x00, 0xFD, 0xFF, 0xFF, 0xFF, 0xFF, 0x06, 0x00, 0xFD, 0xFF,
    0xFF, 0xFF, 0xFF, 0x2F, 0x00, 0xFD, 0xAB, 0xAA, 0xAA, 0xFF, 0xFF, 0x00, 0xFD, 0x02, 0x00, 0x00,
    0xD0, 0xFF, 0x02, 0xFD, 0x02, 0x00, 0x00, 0x00, 0xFE, 0x0B, 0xFD, 0x02, 0x00, 0x00, 0x00, 0xF8,
    0x0F, 0xFD, 0x02, 0x00, 0x00, 0x00, 0xF0, 0x2F, 0xFD, 0x02, 0x00, 0x00, 0x00, 0xE0, 0x3F, 0xFD,
    0x02, 0x00, 0x00, 0x00, 0xD0, 0x3F, 0xFD, 0x02, 0x00, 0x00, 0x00, 0xC0, 0x7F, 0xFD, 0x02, 0x00,
    0x00, 0x00, 0xC0, 0x7F, 0xFD, 0x02, 0x00, 0x00, 0x00, 0xC0, 0x7F, 0xFD, 0x02, 0x00, 0x00, 0x00,
    0xC0, 0x7F, 0xFD, 0x02, 0x00, 0x00, 0x00, 0xC0, 0x7F, 0xFD, 0x02, 0x00, 0x00, 0x00, 0xD0, 0x3F,
    0xFD, 0x02, 0x00, 0x00, 0x00, 0xE0, 0x2F, 0xFD, 0x02, 0x00, 0x00, 0x00, 0xF4, 0x1F, 0xFD, 0x02,
    0x00, 0x00, 0x00, 0xFC, 0x0F, 0xFD, 0x02, 0x00, 0x00, 0x40, 0xFF, 0x07, 0xFD, 0x02, 0x00, 0x00,
    0xF9, 0xFF, 0x02, 0xFD, 0xFF, 0xFF, 0xFF, 0xFF, 0xBF, 0x00, 0xFD, 0xFF, 0xFF, 0xFF, 0xFF, 0x1F,
    0x00, 0xFD, 0xFF, 0xFF, 0xFF, 0xBF, 0x01, 0x00, 0xFD, 0xAB, 0xAA, 0x6A, 0x01, 0x00, 0x00, 0xFD,
    0x02, 0x00, 0x00, 0x00, 0x00, 0x00, 0xFD, 0x02, 0x00, 0x00, 0x00, 0x00, 0x00, 0xFD, 0x02, 0x00,
    0x00, 0x00, 0x00, 0x00, 0xFD, 0x02, 0x00, 0x00, 0x00, 0x00, 0x00, 0xFD, 0x02, 0x00, 0x00, 0x00,
    0x00, 0x00, 0xFD, 0x02, 0x00, 0x00, 0x00, 0x00, 0x00, 0xFD, 0x02, 0x00, 0x00, 0x00, 0x00, 0x00,
    0xFD, 0x02, 0x00, 0x00, 0x00, 0x00, 0x00, 0xFD, 0x02, 0x00, 0x00, 0x00, 0x00, 0x00, 0xFD, 0x02,
    0x00, 0x00, 0x00, 0x00, 0x00, 0xFD, 0x02, 0x00, 0x00, 0x00, 0x00, 0x00, 0xFD, 0x02, 0x00, 0x00,
    0x00, 0x00, 0x00, 0xFD, 0x02, 0x00, 0x00, 0x00, 0x00, 0x00, 0xFD, 0x02, 0x00, 0x00, 0x00, 0x00,
    0x00, 0xFD, 0x02, 0x00, 0x00, 0x00, 0x00, 0x00, 0xFD, 0x02, 0x00, 0x00, 0x00, 0x00, 0x00, 0xFD,
    0x02, 0x00, 0x00, 0x00, 0x00, 0x00,
    // Unicode: [0x0051, Q]
    0x00, 0x00, 0x00, 0x40, 0xFA, 0xBF, 0x16, 0x00, 0x00, 0x00, 0x00, 0x00, 0x00, 0x90, 0xFF, 0xFF,
    0xFF, 0x6F, 0x00, 0x00, 0x00, 0x00, 0x00, 0xD0, 0xFF, 0xFF, 0xFF, 0xFF, 0x6F, 0x00, 0x00, 0x00,
    0x00, 0x90, 0xFF, 0xFF, 0xFF, 0xFF, 0xFF, 0x2F, 0x00, 0x00, 0x00, 0x40, 0xFF, 0xBF, 0x05, 0x00,
    0xF9, 0xFF, 0x0B, 0x00, 0x00, 0x00, 0xFE, 0x7F, 0x00, 0x00, 0x00, 0xE4, 0xFF, 0x07, 0x00, 0x00,
    0xF8, 0xBF, 0x00, 0x00, 0x00, 0x00, 0xF4, 0xFF, 0x00, 0x00, 0xD0, 0xFF, 0x01, 0x00, 0x00, 0x00,
    0x00, 0xF8, 0x2F, 0x00, 0x00, 0xFF, 0x07, 0x00, 0x00, 0x00, 0x00, 0x00, 0xFE, 0x0B, 0x00, 0xF8,
    0x1F, 0x00, 0x00, 0x00, 0x00, 0x00, 0x80, 0xFF, 0x01, 0xD0, 0xBF, 0x00, 0x00, 0x00, 0x00, 0x00,
    0x00, 0xF0, 0x3F, 0x00, 0xFE, 0x03, 0x00, 0x00, 0x00, 0x00, 0x00, 0x00, 0xFD, 0x07, 0xF4, 0x1F,
    0x00, 0x00, 0x00, 0x00, 0x00, 0x00, 0xC0, 0xBF, 0x80, 0xFF, 0x00, 0x00, 0x00, 0x00, 0x00, 0x00,
    0x00, 0xF4, 0x0F, 0xFC, 0x0B, 0x00, 0x00, 0x00, 0x00, 0x00, 0x00, 0x00, 0xFF, 0xD1, 0x7F, 0x00,
    0x00, 0x00, 0x00, 0x00, 0x00, 0x00, 0xE0, 0x2F, 0xFD, 0x03, 0x00, 0x00, 0x00, 0x00, 0x00, 0x00,
    0x00, 0xFD, 0xE3, 0x2F, 0x00, 0x00, 0x00, 0x00, 0x00, 0x00, 0x00, 0xD0, 0x3F, 0xFE, 0x02, 0x00,
    0x00, 0x00, 0x00, 0x00, 0x00, 0x00, 0xFC, 0xE7, 0x2F, 0x00, 0x00, 0x00, 0x00, 0x00, 0x00, 0x00,
    0xC0, 0x7F, 0xFE, 0x02, 0x00, 0x00, 0x00, 0x00, 0x00, 0x00, 0x00, 0xFC, 0xE7, 0x2F, 0x00, 0x00,
    0x00, 0x00, 0x00, 0x00, 0x00, 0xC0, 0x7F, 0xFE, 0x02, 0x00, 0x00, 0x00, 0x00, 0x00, 0x00, 0x00,
    0xFC, 0xE7, 0x2F, 0x00, 0x00, 0x00, 0x00, 0x00, 0x00, 0x00, 0xC0, 0x7F, 0xFE, 0x02, 0x00, 0x00,
    0x00, 0x00, 0x00, 0x00, 0x00, 0xFD, 0xD3, 0x3F, 0x00, 0x00, 0x00, 0x00, 0x00, 0x00, 0x00, 0xD0,
    0x3F, 0xFD, 0x07, 0x00, 0x00, 0x00, 0x00, 0x00, 0x00, 0x00, 0xFE, 0xC2, 0xBF, 0x00, 0x00, 0x00,
    0x00, 0x00, 0x00, 0x00, 0xF0, 0x1F, 0xF8, 0x0F, 0x00, 0x00, 0x00, 0x00, 0x00, 0x00, 0x40, 0xFF,
    0x40, 0xFF, 0x01, 0x00, 0x00, 0x00, 0x00, 0x00, 0x00, 0xFC, 0x0B, 0xE0, 0x3F, 0x00, 0x00, 0x00,
    0x00, 0x00, 0x00, 0xD0, 0x7F, 0x00, 0xFD, 0x0B, 0x00, 0x00, 0x00, 0x00, 0x00, 0x00, 0xFF, 0x02,
    0x80, 0xFF, 0x01, 0x00, 0x00, 0x00, 0x00, 0x00, 0xF8, 0x1F, 0x00, 0xF0, 0x7F, 0x00, 0x00, 0x00,
    0x00, 0x00, 0xE0, 0xBF, 0x00, 0x00, 0xFD, 0x1F, 0x00, 0x00, 0x00, 0x00, 0x80, 0xFF, 0x02, 0x00,
    0x40, 0xFF, 0x0B, 0x00, 0x00, 0x00, 0x40, 0xFF, 0x0F, 0x00, 0x00, 0xE0, 0xFF, 0x0B, 0x00, 0x00,
    0x40, 0xFE, 0x3F, 0x00, 0x00, 0x00, 0xF4, 0xFF, 0x5B, 0x00, 0x90, 0xFF, 0xBF, 0x00, 0x00, 0x00,
    0x00, 0xF9, 0xFF, 0xFF, 0xFF, 0xFF, 0xFF, 0x01, 0x00, 0x00, 0x00, 0x00, 0xFD, 0xFF, 0xFF, 0xFF,
    0xFF, 0x03, 0x00, 0x00, 0x00, 0x00, 0x00, 0xF9, 0xFF, 0xFF, 0xFF, 0xBF, 0x00, 0x00, 0x00, 0x00,
    0x00, 0x00, 0xA4, 0xFF, 0x6B, 0xF5, 0x2F, 0x00, 0x00, 0x00, 0x00, 0x00, 0x00, 0x00, 0x00, 0x00,
    0xFD, 0x0B, 0x00, 0x00, 0x00, 0x00, 0x00, 0x00, 0x00, 0x00, 0x40, 0xFF, 0x03, 0x00, 0x00, 0x00,
    0x00, 0x00, 0x00, 0x00, 0x00, 0xD0, 0xFF, 0x00, 0x00, 0x00, 0x00, 0x00, 0x00, 0x00, 0x00, 0x00,
    0xF4, 0x7F, 0x00, 0x00, 0x00, 0x00, 0x00, 0x00, 0x00, 0x00, 0x00, 0xFD, 0x1F, 0x00, 0x00, 0x00,
    0x00, 0x00, 0x00, 0x00, 0x00, 0x40, 0xFF, 0x07, 0x00, 0x00, 0x00, 0x00, 0x00, 0x00, 0x00, 0x00,
    0xC0, 0xFF, 0x01, 0x00, 0x00, 0x00, 0x00, 0x00, 0x00, 0x00, 0x00, 0xF0, 0xBF,
    // Unicode: [0x0052, R]
    0xFD, 0xFF, 0xFF, 0xFF, 0x5A, 0x00, 0x00, 0xFD, 0xFF, 0xFF, 0xFF, 0xFF, 0x07, 0x00, 0xFD, 0xFF,
    0xFF, 0xFF, 0xFF, 0x7F, 0x00, 0xFD, 0xAB, 0xAA, 0xAA, 0xFF, 0xFF, 0x01, 0xFD, 0x02, 0x00, 0x00,
    0xE0, 0xFF, 0x07, 0xFD, 0x02, 0x00, 0x00, 0x00, 0xFE, 0x0F, 0xFD, 0x02, 0x00, 0x00, 0x00, 0xF8,
    0x1F, 0xFD, 0x02, 0x00, 0x00, 0x00, 0xE0, 0x3F, 0xFD, 0x02, 0x00, 0x00, 0x00, 0xD0, 0x7F, 0xFD,
    0x02, 0x00, 0x00, 0x00, 0xC0, 0x7F, 0xFD, 0x02, 0x00, 0x00, 0x00, 0x80, 0xBF, 0xFD, 0x02, 0x00,
    0x00, 0x00, 0x80, 0xBF, 0xFD, 0x02, 0x00, 0x00, 0x00, 0x80, 0xBF, 0xFD, 0x02, 0x00, 0x00, 0x00,
    0x80, 0xBF, 0xFD, 0x02, 0x00, 0x00, 0x00, 0x80, 0x7F, 0xFD, 0x02, 0x00, 0x00, 0x00, 0xC0, 0x7F,
    0xFD, 0x02, 0x00, 0x00, 0x00, 0xD0, 0x3F, 0xFD, 0x02, 0x00, 0x00, 0x00, 0xF0, 0x2F, 0xFD, 0x02,
    0x00, 0x00, 0x00, 0xF8, 0x0F, 0xFD, 0x02, 0x00, 0x00, 0x40, 0xFF, 0x07, 0xFD, 0x02, 0x00, 0x00,
    0xF9, 0xFF, 0x02, 0xFD, 0xFF, 0xFF, 0xFF, 0xFF, 0x7F, 0x00, 0xFD, 0xFF, 0xFF, 0xFF, 0xFF, 0x0B,
    0x00, 0xFD, 0xFF, 0xFF, 0xFF, 0x6B, 0x00, 0x00, 0xFD, 0x03, 0x40, 0xFF, 0x01, 0x00, 0x00, 0xFD,
    0x02, 0x00, 0xFD, 0x03, 0x00, 0x00, 0xFD, 0x02, 0x00, 0xF8, 0x0B, 0x00, 0x00, 0xFD, 0x02, 0x00,
    0xF4, 0x1F, 0x00, 0x00, 0xFD, 0x02, 0x00, 0xE0, 0x3F, 0x00, 0x00, 0xFD, 0x02, 0x00, 0xC0, 0xBF,
    0x00, 0x00, 0xFD, 0x02, 0x00, 0x40, 0xFF, 0x01, 0x00, 0xFD, 0x02, 0x00, 0x00, 0xFE, 0x03, 0x00,
    0xFD, 0x02, 0x00, 0x00, 0xFC, 0x0B, 0x00, 0xFD, 0x02, 0x00, 0x00, 0xF4, 0x1F, 0x00, 0xFD, 0x02,
    0x00, 0x00, 0xE0, 0x3F, 0x00, 0xFD, 0x02, 0x00, 0x00, 0xC0, 0xBF, 0x00, 0xFD, 0x02, 0x00, 0x00,
    0x40, 0xFF, 0x01, 0xFD, 0x02, 0x00, 0x00, 0x00, 0xFE, 0x03, 0xFD, 0x02, 0x00, 0x00, 0x00, 0xFC,
    0x0B, 0xFD, 0x02, 0x00, 0x00, 0x00, 0xF4, 0x1F, 0xFD, 0x02, 0x00, 0x00, 0x00, 0xE0, 0x3F, 0xFD,
    0x02, 0x00, 0x00, 0x00, 0xC0, 0xBF,
    // Unicode: [0x0053, S]
    0x00, 0x40, 0xF9, 0xBF, 0x06, 0x00, 0x00, 0x00, 0xE4, 0xFF, 0xFF, 0xBF, 0x01, 0x00, 0x00, 0xFE,
    0xFF, 0xFF, 0xFF, 0x0B, 0x00, 0xC0, 0xFF, 0x6B, 0x95, 0xFF, 0x2F, 0x00, 0xF0, 0xBF, 0x01, 0x00,
    0xF4, 0xFF, 0x00, 0xF8, 0x2F, 0x00, 0x00, 0x80, 0xFF, 0x02, 0xFC, 0x0B, 0x00, 0x00, 0x00, 0xFE,
    0x07, 0xFD, 0x07, 0x00, 0x00, 0x00, 0xFC, 0x0B, 0xFE, 0x03, 0x00, 0x00, 0x00, 0xF8, 0x0F, 0xFE,
    0x02, 0x00, 0x00, 0x00, 0xF4, 0x1F, 0xFE, 0x02, 0x00, 0x00, 0x00, 0x00, 0x00, 0xFE, 0x02, 0x00,
    0x00, 0x00, 0x00, 0x00, 0xFE, 0x03, 0x00, 0x00, 0x00, 0x00, 0x00, 0xFD, 0x07, 0x00, 0x00, 0x00,
    0x00, 0x00, 0xFC, 0x0F, 0x00, 0x00, 0x00, 0x00, 0x00, 0xF8, 0x2F, 0x00, 0x00, 0x00, 0x00, 0x00,
    0xF0, 0xFF, 0x01, 0x00, 0x00, 0x00, 0x00, 0xD0, 0xFF, 0x1B, 0x00, 0x00, 0x00, 0x00, 0x00, 0xFE,
    0xFF, 0x06, 0x00, 0x00, 0x00, 0x00, 0xF4, 0xFF, 0xBF, 0x01, 0x00, 0x00, 0x00, 0x40, 0xFE, 0xFF,
    0x6F, 0x00, 0x00, 0x00, 0x00, 0x90, 0xFF, 0xFF, 0x07, 0x00, 0x00, 0x00, 0x00, 0xE4, 0xFF, 0x7F,
    0x00, 0x00, 0x00, 0x00, 0x00, 0xFD, 0xFF, 0x01, 0x00, 0x00, 0x00, 0x00, 0xD0, 0xFF, 0x07, 0x00,
    0x00, 0x00, 0x00, 0x00, 0xFE, 0x0F, 0x00, 0x00, 0x00, 0x00, 0x00, 0xF8, 0x1F, 0x00, 0x00, 0x00,
    0x00, 0x00, 0xF0, 0x3F, 0x00, 0x00, 0x00, 0x00, 0x00, 0xE0, 0x3F, 0x00, 0x00, 0x00, 0x00, 0x00,
    0xD0, 0x7F, 0x54, 0x00, 0x00, 0x00, 0x00, 0xC0, 0x7F, 0xFE, 0x03, 0x00, 0x00, 0x00, 0xC0, 0x7F,
    0xFD, 0x07, 0x00, 0x00, 0x00, 0xD0, 0x7F, 0xFC, 0x0B, 0x00, 0x00, 0x00, 0xD0, 0x3F, 0xF8, 0x1F,
    0x00, 0x00, 0x00, 0xE0, 0x2F, 0xF4, 0x3F, 0x00, 0x00, 0x00, 0xF4, 0x1F, 0xE0, 0xFF, 0x01, 0x00,
    0x00, 0xFD, 0x0F, 0x80, 0xFF, 0x0B, 0x00, 0x80, 0xFF, 0x07, 0x00, 0xFE, 0xBF, 0x56, 0xFA, 0xFF,
    0x01, 0x00, 0xF4, 0xFF, 0xFF, 0xFF, 0x7F, 0x00, 0x00, 0x40, 0xFF, 0xFF, 0xFF, 0x0B, 0x00, 0x00,
    0x00, 0xA4, 0xFF, 0x6B, 0x00, 0x00,
    // Unicode: [0x0054, T]
    0xFF, 0xFF, 0xFF, 0xFF, 0xFF, 0xFF, 0xFF, 0xFD, 0xFF, 0xFF, 0xFF, 0xFF, 0xFF, 0xFF, 0xF7, 0xFF,
    0xFF, 0xFF, 0xFF, 0xFF, 0xFF, 0x5F, 0x55, 0x55, 0xD5, 0xBF, 0x55, 0x55, 0x15, 0x00, 0x00, 0x00,
    0xFF, 0x01, 0x00, 0x00, 0x00, 0x00, 0x00, 0xFC, 0x07, 0x00, 0x00, 0x00, 0x00, 0x00, 0xF0, 0x1F,
    0x00, 0x00, 0x00, 0x00, 0x00, 0xC0, 0x7F, 0x00, 0x00, 0x00, 0x00, 0x00, 0x00, 0xFF, 0x01, 0x00,
    0x00, 0x00, 0x00, 0x00, 0xFC, 0x07, 0x00, 0x00, 0x00, 0x00, 0x00, 0xF0, 0x1F, 0x00, 0x00, 0x00,
    0x00, 0x00, 0xC0, 0x7F, 0x00, 0x00, 0x00, 0x00, 0x00, 0x00, 0xFF, 0x01, 0x00, 0x00, 0x00, 0x00,
    0x00, 0xFC, 0x07, 0x00, 0x00, 0x00, 0x00, 0x00, 0xF0, 0x1F, 0x00, 0x00, 0x00, 0x00, 0x00, 0xC0,
    0x7F, 0x00, 0x00, 0x00, 0x00, 0x00, 0x00, 0xFF, 0x01, 0x00, 0x00, 0x00, 0x00, 0x00, 0xFC, 0x07,
    0x00, 0x00, 0x00, 0x00, 0x00, 0xF0, 0x1F, 0x00, 0x00, 0x00, 0x00, 0x00, 0xC0, 0x7F, 0x00, 0x00,
    0x00, 0x00, 0x00, 0x00, 0xFF, 0x01, 0x00, 0x00, 0x00, 0x00, 0x00, 0xFC, 0x07, 0x00, 0x00, 0x00,
    0x00, 0x00, 0xF0, 0x1F, 0x00, 0x00, 0x00, 0x00, 0x00, 0xC0, 0x7F, 0x00, 0x00, 0x00, 0x00, 0x00,
    0x00, 0xFF, 0x01, 0x00, 0x00, 0x00, 0x00, 0x00, 0xFC, 0x07, 0x00, 0x00, 0x00, 0x00, 0x00, 0xF0,
    0x1F, 0x00, 0x00, 0x00, 0x00, 0x00, 0xC0, 0x7F, 0x00, 0x00, 0x00, 0x00, 0x00, 0x00, 0xFF, 0x01,
    0x00, 0x00, 0x00, 0x00, 0x00, 0xFC, 0x07, 0x00, 0x00, 0x00, 0x00, 0x00, 0xF0, 0x1F, 0x00, 0x00,
    0x00, 0x00, 0x00, 0xC0, 0x7F, 0x00, 0x00, 0x00, 0x00, 0x00, 0x00, 0xFF, 0x01, 0x00, 0x00, 0x00,
    0x00, 0x00, 0xFC, 0x07, 0x00, 0x00, 0x00, 0x00, 0x00, 0xF0, 0x1F, 0x00, 0x00, 0x00, 0x00, 0x00,
    0xC0, 0x7F, 0x00, 0x00, 0x00, 0x00, 0x00, 0x00, 0xFF, 0x01, 0x00, 0x00, 0x00, 0x00, 0x00, 0xFC,
    0x07, 0x00, 0x00, 0x00, 0x00, 0x00, 0xF0, 0x1F, 0x00, 0x00, 0x00, 0x00, 0x00, 0xC0, 0x7F, 0x00,
    0x00, 0x00, 0x00, 0x00, 0x00, 0xFF, 0x01, 0x00, 0x00, 0x00, 0x00, 0x00, 0xFC, 0x07, 0x00, 0x00,
    0x00,
    // Unicode: [0x0055, U]
    0xFE, 0x02, 0x00, 0x00, 0x00, 0x00, 0xD0, 0xAF, 0xBF, 0x00, 0x00, 0x00, 0x00, 0x00, 0xF4, 0xEB,
    0x2F, 0x00, 0x00, 0x00, 0x00, 0x00, 0xFD, 0xFA, 0x0B, 0x00, 0x00, 0x00, 0x00, 0x40, 0xBF, 0xFE,
    0x02, 0x00, 0x00, 0x00, 0x00, 0xD0, 0xAF, 0xBF, 0x00, 0x00, 0x00, 0x00, 0x00, 0xF4, 0xEB, 0x2F,
    0x00, 0x00, 0x00, 0x00, 0x00, 0xFD, 0xFA, 0x0B, 0x00, 0x00, 0x00, 0x00, 0x40, 0xBF, 0xFE, 0x02,
    0x00, 0x00, 0x00, 0x00, 0xD0, 0xAF, 0xBF, 0x00, 0x00, 0x00, 0x00, 0x00, 0xF4, 0xEB, 0x2F, 0x00,
    0x00, 0x00, 0x00, 0x00, 0xFD, 0xFA, 0x0B, 0x00, 0x00, 0x00, 0x00, 0x40, 0xBF, 0xFE, 0x02, 0x00,
    0x00, 0x00, 0x00, 0xD0, 0xAF, 0xBF, 0x00, 0x00, 0x00, 0x00, 0x00, 0xF4, 0xEB, 0x2F, 0x00, 0x00,
    0x00, 0x00, 0x00, 0xFD, 0xFA, 0x0B, 0x00, 0x00, 0x00, 0x00, 0x40, 0xBF, 0xFE, 0x02, 0x00, 0x00,
    0x00, 0x00, 0xD0, 0xAF, 0xBF, 0x00, 0x00, 0x00, 0x00, 0x00, 0xF4, 0xEB, 0x2F, 0x00, 0x00, 0x00,
    0x00, 0x00, 0xFD, 0xFA, 0x0B, 0x00, 0x00, 0x00, 0x00, 0x40, 0xBF, 0xFE, 0x02, 0x00, 0x00, 0x00,
    0x00, 0xD0, 0xAF, 0xBF, 0x00, 0x00, 0x00, 0x00, 0x00, 0xF4, 0xEB, 0x2F, 0x00, 0x00, 0x00, 0x00,
    0x00, 0xFD, 0xFA, 0x0B, 0x00, 0x00, 0x00, 0x00, 0x40, 0xBF, 0xFE, 0x02, 0x00, 0x00, 0x00, 0x00,
    0xD0, 0xAF, 0xBF, 0x00, 0x00, 0x00, 0x00, 0x00, 0xF4, 0xEB, 0x2F, 0x00, 0x00, 0x00, 0x00, 0x00,
    0xFD, 0xFA, 0x0B, 0x00, 0x00, 0x00, 0x00, 0x80, 0xBF, 0xFD, 0x02, 0x00, 0x00, 0x00, 0x00, 0xE0,
    0x6F, 0xFF, 0x00, 0x00, 0x00, 0x00, 0x00, 0xFC, 0xD7, 0x3F, 0x00, 0x00, 0x00, 0x00, 0x00, 0xFF,
    0xF1, 0x1F, 0x00, 0x00, 0x00, 0x00, 0xD0, 0x3F, 0xF8, 0x0F, 0x00, 0x00, 0x00, 0x00, 0xF8, 0x0B,
    0xFD, 0x07, 0x00, 0x00, 0x00, 0x40, 0xFF, 0x01, 0xFF, 0x07, 0x00, 0x00, 0x00, 0xF0, 0x3F, 0x40,
    0xFF, 0x07, 0x00, 0x00, 0x00, 0xFF, 0x07, 0x80, 0xFF, 0x07, 0x00, 0x00, 0xF4, 0xBF, 0x00, 0x80,
    0xFF, 0x6F, 0x00, 0xE4, 0xFF, 0x0F, 0x00, 0x80, 0xFF, 0xFF, 0xFF, 0xFF, 0xBF, 0x00, 0x00, 0x40,
    0xFF, 0xFF, 0xFF, 0xFF, 0x0B, 0x00, 0x00, 0x00, 0xFE, 0xFF, 0xFF, 0x6F, 0x00, 0x00, 0x00, 0x00,
    0xA4, 0xFF, 0x6B, 0x00, 0x00, 0x00,
    // Unicode: [0x0056, V]
    0xFD, 0x07, 0x00, 0x00, 0x00, 0x00, 0x00, 0x00, 0xFE, 0xF2, 0x2F, 0x00, 0x00, 0x00, 0x00, 0x00,
    0x00, 0xFD, 0x87, 0xFF, 0x00, 0x00, 0x00, 0x00, 0x00, 0x00, 0xF8, 0x0F, 0xFD, 0x07, 0x00, 0x00,
    0x00, 0x00, 0x00, 0xF0, 0x2F, 0xF0, 0x2F, 0x00, 0x00, 0x00, 0x00, 0x00, 0xD0, 0x7F, 0x80, 0xFF,
    0x00, 0x00, 0x00, 0x00, 0x00, 0x80, 0xFF, 0x00, 0xFD, 0x07, 0x00, 0x00, 0x00, 0x00, 0x00, 0xFF,
    0x02, 0xE0, 0x2F, 0x00, 0x00, 0x00, 0x00, 0x00, 0xFD, 0x07, 0x40, 0xFF, 0x00, 0x00, 0x00, 0x00,
    0x00, 0xF8, 0x0B, 0x00, 0xFC, 0x07, 0x00, 0x00, 0x00, 0x00, 0xF0, 0x1F, 0x00, 0xE0, 0x3F, 0x00,
    0x00, 0x00, 0x00, 0xE0, 0x3F, 0x00, 0x40, 0xFF, 0x01, 0x00, 0x00, 0x00, 0xC0, 0xBF, 0x00, 0x00,
    0xFC, 0x0B, 0x00, 0x00, 0x00, 0x40, 0xFF, 0x01, 0x00, 0xE0, 0x3F, 0x00, 0x00, 0x00, 0x00, 0xFE,
    0x03, 0x00, 0x40, 0xFF, 0x01, 0x00, 0x00, 0x00, 0xFC, 0x0B, 0x00, 0x00, 0xFC, 0x0B, 0x00, 0x00,
    0x00, 0xF4, 0x1F, 0x00, 0x00, 0xD0, 0x3F, 0x00, 0x00, 0x00, 0xE0, 0x2F, 0x00, 0x00, 0x00, 0xFF,
    0x01, 0x00, 0x00, 0xC0, 0x7F, 0x00, 0x00, 0x00, 0xF8, 0x0B, 0x00, 0x00, 0x40, 0xFF, 0x00, 0x00,
    0x00, 0xD0, 0x3F, 0x00, 0x00, 0x00, 0xFF, 0x02, 0x00, 0x00, 0x00, 0xFF, 0x02, 0x00, 0x00, 0xFD,
    0x07, 0x00, 0x00, 0x00, 0xF8, 0x0F, 0x00, 0x00, 0xF8, 0x0F, 0x00, 0x00, 0x00, 0xD0, 0x7F, 0x00,
    0x00, 0xF0, 0x2F, 0x00, 0x00, 0x00, 0x00, 0xFF, 0x02, 0x00, 0xD0, 0x7F, 0x00, 0x00, 0x00, 0x00,
    0xF4, 0x0F, 0x00, 0x80, 0xBF, 0x00, 0x00, 0x00, 0x00, 0xC0, 0x7F, 0x00, 0x00, 0xFF, 0x01, 0x00,
    0x00, 0x00, 0x00, 0xFE, 0x02, 0x00, 0xFD, 0x03, 0x00, 0x00, 0x00, 0x00, 0xF4, 0x0F, 0x00, 0xF8,
    0x0B, 0x00, 0x00, 0x00, 0x00, 0xC0, 0x7F, 0x00, 0xF4, 0x1F, 0x00, 0x00, 0x00, 0x00, 0x00, 0xFE,
    0x02, 0xE0, 0x3F, 0x00, 0x00, 0x00, 0x00, 0x00, 0xF4, 0x1F, 0xC0, 0xBF, 0x00, 0x00, 0x00, 0x00,
    0x00, 0xC0, 0xBF, 0x40, 0xFF, 0x01, 0x00, 0x00, 0x00, 0x00, 0x00, 0xFE, 0x03, 0xFE, 0x02, 0x00,
    0x00, 0x00, 0x00, 0x00, 0xF0, 0x1F, 0xFC, 0x07, 0x00, 0x00, 0x00, 0x00, 0x00, 0x80, 0xBF, 0xF4,
    0x0F, 0x00, 0x00, 0x00, 0x00, 0x00, 0x00, 0xFD, 0xE3, 0x2F, 0x00, 0x00, 0x00, 0x00, 0x00, 0x00,
    0xF0, 0xEF, 0x7F, 0x00, 0x00, 0x00, 0x00, 0x00, 0x00, 0x80, 0xFF, 0xFF, 0x00, 0x00, 0x00, 0x00,
    0x00, 0x00, 0x00, 0xFD, 0xFF, 0x02, 0x00, 0x00, 0x00, 0x00, 0x00, 0x00, 0xF0, 0xFF, 0x07, 0x00,
    0x00, 0x00, 0x00, 0x00, 0x00, 0x80, 0xFF, 0x0B, 0x00, 0x00, 0x00, 0x00, 0x00, 0x00, 0x00, 0xFC,
    0x1F, 0x00, 0x00, 0x00, 0x00,
    // Unicode: [0x0057, W]
    0xFE, 0x03, 0x00, 0x00, 0x00, 0x00, 0xFF, 0x03, 0x00, 0x00, 0x00, 0x00, 0xFE, 0xFB, 0x0F, 0x00,
    0x00, 0x00, 0x00, 0xFD, 0x1F, 0x00, 0x00, 0x00, 0x00, 0xFC, 0xDB, 0x7F, 0x00, 0x00, 0x00, 0x00,
    0xF8, 0xBF, 0x00, 0x00, 0x00, 0x00, 0xF0, 0x1F, 0xFF, 0x02, 0x00, 0x00, 0x00, 0xE0, 0xFF, 0x03,
    0x00, 0x00, 0x00, 0xD0, 0x7F, 0xF8, 0x0B, 0x00, 0x00, 0x00, 0xC0, 0xFF, 0x1F, 0x00, 0x00, 0x00,
    0x80, 0xFF, 0xE0, 0x3F, 0x00, 0x00, 0x00, 0x40, 0xFF, 0xBF, 0x00, 0x00, 0x00, 0x00, 0xFE, 0x42,
    0xFF, 0x01, 0x00, 0x00, 0x00, 0xFE, 0xFE, 0x03, 0x00, 0x00, 0x00, 0xFC, 0x07, 0xFC, 0x0B, 0x00,
    0x00, 0x00, 0xFC, 0xF7, 0x0F, 0x00, 0x00, 0x00, 0xF4, 0x1F, 0xE0, 0x2F, 0x00, 0x00, 0x00, 0xF4,
    0x8F, 0x7F, 0x00, 0x00, 0x00, 0xE0, 0x3F, 0x40, 0xFF, 0x00, 0x00, 0x00, 0xE0, 0x2F, 0xFD, 0x02,
    0x00, 0x00, 0x80, 0xBF, 0x00, 0xFD, 0x07, 0x00, 0x00, 0x80, 0x7F, 0xF0, 0x0F, 0x00, 0x00, 0x00,
    0xFF, 0x01, 0xF0, 0x1F, 0x00, 0x00, 0x00, 0xFF, 0x80, 0x7F, 0x00, 0x00, 0x00, 0xFD, 0x03, 0x80,
    0xBF, 0x00, 0x00, 0x00, 0xFD, 0x02, 0xFD, 0x02, 0x00, 0x00, 0xF4, 0x0F, 0x00, 0xFD, 0x03, 0x00,
    0x00, 0xF8, 0x07, 0xF4, 0x0F, 0x00, 0x00, 0xE0, 0x2F, 0x00, 0xF4, 0x1F, 0x00, 0x00, 0xF0, 0x0F,
    0xC0, 0x3F, 0x00, 0x00, 0xC0, 0x7F, 0x00, 0xC0, 0x7F, 0x00, 0x00, 0xD0, 0x2F, 0x00, 0xFE, 0x01,
    0x00, 0x40, 0xFF, 0x00, 0x00, 0xFE, 0x02, 0x00, 0x80, 0xBF, 0x00, 0xF4, 0x0B, 0x00, 0x00, 0xFD,
    0x03, 0x00, 0xF4, 0x0F, 0x00, 0x00, 0xFF, 0x01, 0xC0, 0x3F, 0x00, 0x00, 0xF8, 0x0B, 0x00, 0xC0,
    0x3F, 0x00, 0x00, 0xFC, 0x03, 0x00, 0xFE, 0x01, 0x00, 0xF0, 0x1F, 0x00, 0x00, 0xFF, 0x01, 0x00,
    0xF4, 0x0B, 0x00, 0xF4, 0x0B, 0x00, 0xD0, 0x3F, 0x00, 0x00, 0xF8, 0x0B, 0x00, 0xE0, 0x1F, 0x00,
    0xC0, 0x3F, 0x00, 0x40, 0xBF, 0x00, 0x00, 0xD0, 0x3F, 0x00, 0xC0, 0x3F, 0x00, 0x00, 0xFF, 0x01,
    0x00, 0xFE, 0x02, 0x00, 0x00, 0xFF, 0x00, 0x40, 0xBF, 0x00, 0x00, 0xF8, 0x07, 0x00, 0xFC, 0x07,
    0x00, 0x00, 0xFC, 0x07, 0x00, 0xFE, 0x01, 0x00, 0xD0, 0x2F, 0x00, 0xF0, 0x0F, 0x00, 0x00, 0xE0,
    0x2F, 0x00, 0xFC, 0x03, 0x00, 0x00, 0xFF, 0x00, 0xD0, 0x2F, 0x00, 0x00, 0x40, 0xFF, 0x00, 0xF4,
    0x0F, 0x00, 0x00, 0xF8, 0x07, 0x80, 0xBF, 0x00, 0x00, 0x00, 0xFC, 0x03, 0xD0, 0x2F, 0x00, 0x00,
    0xD0, 0x2F, 0x00, 0xFF, 0x01, 0x00, 0x00, 0xE0, 0x1F, 0x80, 0x7F, 0x00, 0x00, 0x00, 0xFF, 0x00,
    0xFC, 0x03, 0x00, 0x00, 0x80, 0xBF, 0x00, 0xFF, 0x00, 0x00, 0x00, 0xF8, 0x07, 0xF4, 0x0B, 0x00,
    0x00, 0x00, 0xFD, 0x02, 0xFD, 0x02, 0x00, 0x00, 0xD0, 0x2F, 0xE0, 0x1F, 0x00, 0x00, 0x00, 0xF0,
    0x0F, 0xF8, 0x07, 0x00, 0x00, 0x40, 0xBF, 0x80, 0x7F, 0x00, 0x00, 0x00, 0x80, 0x7F, 0xF0, 0x0F,
    0x00, 0x00, 0x00, 0xFC, 0x03, 0xFF, 0x00, 0x00, 0x00, 0x00, 0xFE, 0xD2, 0x2F, 0x00, 0x00, 0x00,
    0xE0, 0x1F, 0xFD, 0x02, 0x00, 0x00, 0x00, 0xF4, 0x4B, 0xBF, 0x00, 0x00, 0x00, 0x40, 0xBF, 0xF8,
    0x07, 0x00, 0x00, 0x00, 0xC0, 0x3F, 0xFE, 0x01, 0x00, 0x00, 0x00, 0xFC, 0xE3, 0x0F, 0x00, 0x00,
    0x00, 0x00, 0xFE, 0xFD, 0x03, 0x00, 0x00, 0x00, 0xE0, 0xDF, 0x3F, 0x00, 0x00, 0x00, 0x00, 0xF4,
    0xFB, 0x0B, 0x00, 0x00, 0x00, 0x40, 0xBF, 0xBF, 0x00, 0x00, 0x00, 0x00, 0xD0, 0xFF, 0x1F, 0x00,
    0x00, 0x00, 0x00, 0xFC, 0xFF, 0x01, 0x00, 0x00, 0x00, 0x00, 0xFF, 0x3F, 0x00, 0x00, 0x00, 0x00,
    0xF0, 0xFF, 0x03, 0x00, 0x00, 0x00, 0x00, 0xF8, 0xBF, 0x00, 0x00, 0x00, 0x00, 0x80, 0xFF, 0x0F,
    0x00, 0x00, 0x00, 0x00, 0xD0, 0xFF, 0x01, 0x00, 0x00, 0x00, 0x00, 0xFD, 0x2F, 0x00, 0x00, 0x00,
    0x00, 0x40, 0xFF, 0x03, 0x00, 0x00, 0x00, 0x00, 0xF0, 0x7F, 0x00, 0x00, 0x00,
    // Unicode: [0x0058, X]
    0xFD, 0x0B, 0x00, 0x00, 0x00, 0x00, 0xE0, 0x3F, 0xF8, 0x1F, 0x00, 0x00, 0x00, 0x00, 0xF4, 0x1F,
    0xF0, 0x3F, 0x00, 0x00, 0x00, 0x00, 0xFC, 0x0B, 0xD0, 0xBF, 0x00, 0x00, 0x00, 0x00, 0xFE, 0x07,
    0x80, 0xFF, 0x01, 0x00, 0x00, 0x40, 0xFF, 0x02, 0x40, 0xFF, 0x02, 0x00, 0x00, 0x80, 0xFF, 0x00,
    0x00, 0xFE, 0x07, 0x00, 0x00, 0xD0, 0x7F, 0x00, 0x00, 0xFC, 0x0F, 0x00, 0x00, 0xF0, 0x2F, 0x00,
    0x00, 0xF4, 0x2F, 0x00, 0x00, 0xF8, 0x1F, 0x00, 0x00, 0xE0, 0x7F, 0x00, 0x00, 0xFC, 0x0B, 0x00,
    0x00, 0xC0, 0xFF, 0x00, 0x00, 0xFE, 0x03, 0x00, 0x00, 0x40, 0xFF, 0x02, 0x40, 0xFF, 0x01, 0x00,
    0x00, 0x00, 0xFE, 0x07, 0xC0, 0xBF, 0x00, 0x00, 0x00, 0x00, 0xFD, 0x0B, 0xE0, 0x3F, 0x00, 0x00,
    0x00, 0x00, 0xF8, 0x1F, 0xF0, 0x1F, 0x00, 0x00, 0x00, 0x00, 0xF0, 0x3F, 0xF8, 0x0F, 0x00, 0x00,
    0x00, 0x00, 0xD0, 0xBF, 0xFD, 0x07, 0x00, 0x00, 0x00, 0x00, 0x80, 0xFF, 0xFF, 0x02, 0x00, 0x00,
    0x00, 0x00, 0x00, 0xFF, 0xFF, 0x00, 0x00, 0x00, 0x00, 0x00, 0x00, 0xFD, 0x7F, 0x00, 0x00, 0x00,
    0x00, 0x00, 0x00, 0xFC, 0x2F, 0x00, 0x00, 0x00, 0x00, 0x00, 0x00, 0xFD, 0x2F, 0x00, 0x00, 0x00,
    0x00, 0x00, 0x00, 0xFE, 0x7F, 0x00, 0x00, 0x00, 0x00, 0x00, 0x40, 0xFF, 0xFF, 0x00, 0x00, 0x00,
    0x00, 0x00, 0xC0, 0xBF, 0xFF, 0x02, 0x00, 0x00, 0x00, 0x00, 0xE0, 0x3F, 0xFE, 0x07, 0x00, 0x00,
    0x00, 0x00, 0xF4, 0x1F, 0xFC, 0x0F, 0x00, 0x00, 0x00, 0x00, 0xF8, 0x0B, 0xF4, 0x2F, 0x00, 0x00,
    0x00, 0x00, 0xFD, 0x07, 0xE0, 0x7F, 0x00, 0x00, 0x00, 0x00, 0xFF, 0x02, 0xC0, 0xBF, 0x00, 0x00,
    0x00, 0x80, 0xFF, 0x00, 0x80, 0xFF, 0x01, 0x00, 0x00, 0xD0, 0x7F, 0x00, 0x00, 0xFF, 0x03, 0x00,
    0x00, 0xE0, 0x3F, 0x00, 0x00, 0xFD, 0x0B, 0x00, 0x00, 0xF4, 0x1F, 0x00, 0x00, 0xF8, 0x1F, 0x00,
    0x00, 0xFC, 0x0B, 0x00, 0x00, 0xF0, 0x3F, 0x00, 0x00, 0xFE, 0x03, 0x00, 0x00, 0xD0, 0xBF, 0x00,
    0x40, 0xFF, 0x02, 0x00, 0x00, 0x80, 0xFF, 0x01, 0x80, 0xFF, 0x00, 0x00, 0x00, 0x40, 0xFF, 0x02,
    0xD0, 0x7F, 0x00, 0x00, 0x00, 0x00, 0xFE, 0x07, 0xF0, 0x2F, 0x00, 0x00, 0x00, 0x00, 0xFC, 0x0F,
    0xF8, 0x1F, 0x00, 0x00, 0x00, 0x00, 0xF4, 0x2F, 0xFD, 0x0B, 0x00, 0x00, 0x00, 0x00, 0xE0, 0x7F,
    // Unicode: [0x0059, Y]
    0xFD, 0x07, 0x00, 0x00, 0x00, 0x00, 0xD0, 0xBF, 0xF8, 0x0F, 0x00, 0x00, 0x00, 0x00, 0xE0, 0x3F,
    0xF4, 0x2F, 0x00, 0x00, 0x00, 0x00, 0xF4, 0x2F, 0xE0, 0x3F, 0x00, 0x00, 0x00, 0x00, 0xF8, 0x0F,
    0xD0, 0xBF, 0x00, 0x00, 0x00, 0x00, 0xFD, 0x0B, 0x80, 0xFF, 0x00, 0x00, 0x00, 0x00, 0xFE, 0x03,
    0x00, 0xFF, 0x02, 0x00, 0x00, 0x40, 0xFF, 0x01, 0x00, 0xFE, 0x03, 0x00, 0x00, 0x80, 0xFF, 0x00,
    0x00, 0xFC, 0x0B, 0x00, 0x00, 0xD0, 0x7F, 0x00, 0x00, 0xF8, 0x0F, 0x00, 0x00, 0xE0, 0x3F, 0x00,
    0x00, 0xF0, 0x2F, 0x00, 0x00, 0xF4, 0x1F, 0x00, 0x00, 0xD0, 0x7F, 0x00, 0x00, 0xFC, 0x0B, 0x00,
    0x00, 0xC0, 0xBF, 0x00, 0x00, 0xFD, 0x07, 0x00, 0x00, 0x40, 0xFF, 0x01, 0x00, 0xFF, 0x02, 0x00,
    0x00, 0x00, 0xFF, 0x02, 0x40, 0xFF, 0x01, 0x00, 0x00, 0x00, 0xFD, 0x07, 0xC0, 0xBF, 0x00, 0x00,
    0x00, 0x00, 0xF8, 0x0B, 0xD0, 0x7F, 0x00, 0x00, 0x00, 0x00, 0xF4, 0x1F, 0xF0, 0x2F, 0x00, 0x00,
    0x00, 0x00, 0xE0, 0x2F, 0xF4, 0x0F, 0x00, 0x00, 0x00, 0x00, 0xD0, 0x7F, 0xFC, 0x0B, 0x00, 0x00,
    0x00, 0x00, 0x80, 0xBF, 0xFE, 0x03, 0x00, 0x00, 0x00, 0x00, 0x00, 0xFF, 0xFF, 0x01, 0x00, 0x00,
    0x00, 0x00, 0x00, 0xFE, 0xFF, 0x00, 0x00, 0x00, 0x00, 0x00, 0x00, 0xFC, 0x7F, 0x00, 0x00, 0x00,
    0x00, 0x00, 0x00, 0xF8, 0x3F, 0x00, 0x00, 0x00, 0x00, 0x00, 0x00, 0xF0, 0x1F, 0x00, 0x00, 0x00,
    0x00, 0x00, 0x00, 0xF0, 0x1F, 0x00, 0x00, 0x00, 0x00, 0x00, 0x00, 0xF0, 0x1F, 0x00, 0x00, 0x00,
    0x00, 0x00, 0x00, 0xF0, 0x1F, 0x00, 0x00, 0x00, 0x00, 0x00, 0x00, 0xF0, 0x1F, 0x00, 0x00, 0x00,
    0x00, 0x00, 0x00, 0xF0, 0x1F, 0x00, 0x00, 0x00, 0x00, 0x00, 0x00, 0xF0, 0x1F, 0x00, 0x00, 0x00,
    0x00, 0x00, 0x00, 0xF0, 0x1F, 0x00, 0x00, 0x00, 0x00, 0x00, 0x00, 0xF0, 0x1F, 0x00, 0x00, 0x00,
    0x00, 0x00, 0x00, 0xF0, 0x1F, 0x00, 0x00, 0x00, 0x00, 0x00, 0x00, 0xF0, 0x1F, 0x00, 0x00, 0x00,
    0x00, 0x00, 0x00, 0xF0, 0x1F, 0x00, 0x00, 0x00, 0x00, 0x00, 0x00, 0xF0, 0x1F, 0x00, 0x00, 0x00,
    0x00, 0x00, 0x00, 0xF0, 0x1F, 0x00, 0x00, 0x00, 0x00, 0x00, 0x00, 0xF0, 0x1F, 0x00, 0x00, 0x00,
    0x00, 0x00, 0x00, 0xF0, 0x1F, 0x00, 0x00, 0x00, 0x00, 0x00, 0x00, 0xF0, 0x1F, 0x00, 0x00, 0x00,
    // Unicode: [0x005A, Z]
    0xFC, 0xFF, 0xFF, 0xFF, 0xFF, 0xFF, 0x2F, 0xFF, 0xFF, 0xFF, 0xFF, 0xFF, 0xFF, 0xCB, 0xFF, 0xFF,
    0xFF, 0xFF, 0xFF, 0xFF, 0xA2, 0xAA, 0xAA, 0xAA, 0xAA, 0xEA, 0xBF, 0x00, 0x00, 0x00, 0x00, 0x00,
    0xF8, 0x0F, 0x00, 0x00, 0x00, 0x00, 0x40, 0xFF, 0x01, 0x00, 0x00, 0x00, 0x00, 0xF0, 0x2F, 0x00,
    0x00, 0x00, 0x00, 0x00, 0xFE, 0x03, 0x00, 0x00, 0x00, 0x00, 0xD0, 0x7F, 0x00, 0x00, 0x00, 0x00,
    0x00, 0xF8, 0x0F, 0x00, 0x00, 0x00, 0x00, 0x40, 0xFF, 0x01, 0x00, 0x00, 0x00, 0x00, 0xF0, 0x2F,
    0x00, 0x00, 0x00, 0x00, 0x00, 0xFE, 0x03, 0x00, 0x00, 0x00, 0x00, 0xD0, 0x7F, 0x00, 0x00, 0x00,
    0x00, 0x00, 0xFC, 0x0B, 0x00, 0x00, 0x00, 0x00, 0x40, 0xFF, 0x01, 0x00, 0x00, 0x00, 0x00, 0xF0,
    0x2F, 0x00, 0x00, 0x00, 0x00, 0x00, 0xFE, 0x03, 0x00, 0x00, 0x00, 0x00, 0xD0, 0x7F, 0x00, 0x00,
    0x00, 0x00, 0x00, 0xFC, 0x0B, 0x00, 0x00, 0x00, 0x00, 0x80, 0xFF, 0x00, 0x00, 0x00, 0x00, 0x00,
    0xF0, 0x1F, 0x00, 0x00, 0x00, 0x00, 0x00, 0xFE, 0x03, 0x00, 0x00, 0x00, 0x00, 0xD0, 0x7F, 0x00,
    0x00, 0x00, 0x00, 0x00, 0xFC, 0x0B, 0x00, 0x00, 0x00, 0x00, 0x80, 0xFF, 0x00, 0x00, 0x00, 0x00,
    0x00, 0xF4, 0x1F, 0x00, 0x00, 0x00, 0x00, 0x00, 0xFE, 0x02, 0x00, 0x00, 0x00, 0x00, 0xD0, 0x7F,
    0x00, 0x00, 0x00, 0x00, 0x00, 0xFC, 0x0B, 0x00, 0x00, 0x00, 0x00, 0x80, 0xFF, 0x00, 0x00, 0x00,
    0x00, 0x00, 0xF4, 0x1F, 0x00, 0x00, 0x00, 0x00, 0x00, 0xFF, 0x02, 0x00, 0x00, 0x00, 0x00, 0xD0,
    0x3F, 0x00, 0x00, 0x00, 0x00, 0x00, 0xFC, 0x07, 0x00, 0x00, 0x00, 0x00, 0x80, 0xFF, 0x00, 0x00,
    0x00, 0x00, 0x00, 0xF4, 0x1F, 0x00, 0x00, 0x00, 0x00, 0x00, 0xFF, 0x02, 0x00, 0x00, 0x00, 0x00,
    0xE0, 0xBF, 0xAA, 0xAA, 0xAA, 0xAA, 0xAA, 0xFA, 0xFF, 0xFF, 0xFF, 0xFF, 0xFF, 0xFF, 0xFE, 0xFF,
    0xFF, 0xFF, 0xFF, 0xFF, 0xBF, 0xFF, 0xFF, 0xFF, 0xFF, 0xFF, 0xFF, 0x0F,
    // Unicode: [0x005B, bracketleft]
    0xFE, 0xFF, 0x9F, 0xFF, 0xFF, 0xE7, 0xFF, 0xFF, 0xF9, 0x5B, 0x15, 0xFE, 0x01, 0x80, 0x7F, 0x00,
    0xE0, 0x1F, 0x00, 0xF8, 0x07, 0x00, 0xFE, 0x01, 0x80, 0x7F, 0x00, 0xE0, 0x1F, 0x00, 0xF8, 0x07,
    0x00, 0xFE, 0x01, 0x80, 0x7F, 0x00, 0xE0, 0x1F, 0x00, 0xF8, 0x07, 0x00, 0xFE, 0x01, 0x80, 0x7F,
    0x00, 0xE0, 0x1F, 0x00, 0xF8, 0x07, 0x00, 0xFE, 0x01, 0x80, 0x7F, 0x00, 0xE0, 0x1F, 0x00, 0xF8,
    0x07, 0x00, 0xFE, 0x01, 0x80, 0x7F, 0x00, 0xE0, 0x1F, 0x00, 0xF8, 0x07, 0x00, 0xFE, 0x01, 0x80,
    0x7F, 0x00, 0xE0, 0x1F, 0x00, 0xF8, 0x07, 0x00, 0xFE, 0x01, 0x80, 0x7F, 0x00, 0xE0, 0x1F, 0x00,
    0xF8, 0x07, 0x00, 0xFE, 0x01, 0x80, 0x7F, 0x00, 0xE0, 0x1F, 0x00, 0xF8, 0x07, 0x00, 0xFE, 0x01,
    0x80, 0x7F, 0x00, 0xE0, 0x1F, 0x00, 0xF8, 0x07, 0x00, 0xFE, 0x01, 0x80, 0x7F, 0x00, 0xE0, 0x1F,
    0x00, 0xF8, 0x07, 0x00, 0xFE, 0x01, 0x80, 0x7F, 0x00, 0xE0, 0x1F, 0x00, 0xF8, 0x07, 0x00, 0xFE,
    0x01, 0x80, 0x7F, 0x00, 0xE0, 0x1F, 0x00, 0xF8, 0x07, 0x00, 0xFE, 0x01, 0x80, 0x7F, 0x00, 0xE0,
    0x1F, 0x00, 0xF8, 0x07, 0x00, 0xFE, 0x01, 0x80, 0x7F, 0x00, 0xE0, 0x6F, 0x55, 0xF8, 0xFF, 0x7F,
    0xFE, 0xFF, 0x9F, 0xFF, 0xFF, 0x07,
    // Unicode: [0x005C, backslash]
    0xFD, 0x02, 0x00, 0x00, 0x00, 0x00, 0xFD, 0x03, 0x00, 0x00, 0x00, 0x00, 0xFC, 0x07, 0x00, 0x00,
    0x00, 0x00, 0xF8, 0x0B, 0x00, 0x00, 0x00, 0x00, 0xF4, 0x0F, 0x00, 0x00, 0x00, 0x00, 0xF0, 0x1F,
    0x00, 0x00, 0x00, 0x00, 0xE0, 0x1F, 0x00, 0x00, 0x00, 0x00, 0xD0, 0x2F, 0x00, 0x00, 0x00, 0x00,
    0xC0, 0x3F, 0x00, 0x00, 0x00, 0x00, 0x80, 0x7F, 0x00, 0x00, 0x00, 0x00, 0x80, 0xBF, 0x00, 0x00,
    0x00, 0x00, 0x40, 0xFF, 0x00, 0x00, 0x00, 0x00, 0x00, 0xFF, 0x01, 0x00, 0x00, 0x00, 0x00, 0xFE,
    0x02, 0x00, 0x00, 0x00, 0x00, 0xFD, 0x03, 0x00, 0x00, 0x00, 0x00, 0xFC, 0x03, 0x00, 0x00, 0x00,
    0x00, 0xF8, 0x07, 0x00, 0x00, 0x00, 0x00, 0xF4, 0x0B, 0x00, 0x00, 0x00, 0x00, 0xF0, 0x0F, 0x00,
    0x00, 0x00, 0x00, 0xF0, 0x1F, 0x00, 0x00, 0x00, 0x00, 0xE0, 0x2F, 0x00, 0x00, 0x00, 0x00, 0xD0,
    0x3F, 0x00, 0x00, 0x00, 0x00, 0xC0, 0x7F, 0x00, 0x00, 0x00, 0x00, 0x80, 0x7F, 0x00, 0x00, 0x00,
    0x00, 0x40, 0xBF, 0x00, 0x00, 0x00, 0x00, 0x00, 0xFF, 0x00, 0x00, 0x00, 0x00, 0x00, 0xFE, 0x01,
    0x00, 0x00, 0x00, 0x00, 0xFE, 0x02, 0x00, 0x00, 0x00, 0x00, 0xFD, 0x03, 0x00, 0x00, 0x00, 0x00,
    0xFC, 0x07, 0x00, 0x00, 0x00, 0x00, 0xF8, 0x0B, 0x00, 0x00, 0x00, 0x00, 0xF4, 0x0F, 0x00, 0x00,
    0x00, 0x00, 0xF0, 0x0F, 0x00, 0x00, 0x00, 0x00, 0xE0, 0x1F, 0x00, 0x00, 0x00, 0x00, 0xD0, 0x2F,
    0x00, 0x00, 0x00, 0x00, 0xC0, 0x3F, 0x00, 0x00, 0x00, 0x00, 0xC0, 0x7F, 0x00, 0x00, 0x00, 0x00,
    0x80, 0xBF, 0x00, 0x00, 0x00, 0x00, 0x40, 0xFF, 0x00, 0x00, 0x00, 0x00, 0x00, 0xFF, 0x01, 0x00,
    0x00, 0x00, 0x00, 0xFE, 0x02, 0x00, 0x00, 0x00, 0x00, 0xFD, 0x02, 0x00, 0x00, 0x00, 0x00, 0xFC,
    0x03, 0x00, 0x00, 0x00, 0x00, 0xF8, 0x07, 0x00, 0x00, 0x00, 0x00, 0xF4, 0x0B, 0x00, 0x00, 0x00,
    0x00, 0xF4, 0x0F, 0x00, 0x00, 0x00, 0x00, 0xF0, 0x1F, 0x00, 0x00, 0x00, 0x00, 0xE0, 0x2F, 0x00,
    0x00, 0x00, 0x00, 0xD0, 0x3F, 0x00, 0x00, 0x00, 0x00, 0xC0, 0x3F, 0x00, 0x00, 0x00, 0x00, 0x80,
    0x7F, 0x00, 0x00, 0x00, 0x00, 0x40, 0xBF, 0x00, 0x00, 0x00, 0x00, 0x00, 0xFF, 0x00, 0x00, 0x00,
    0x00, 0x00, 0xFE, 0x01, 0x00, 0x00, 0x00, 0x00, 0xFE, 0x02, 0x00, 0x00, 0x00, 0x00, 0xFD, 0x03,
    0x00, 0x00, 0x00, 0x00, 0xFC, 0x07, 0x00, 0x00, 0x00, 0x00, 0xF8, 0x0B, 0x00, 0x00, 0x00, 0x00,
    0xF4, 0x0B, 0x00, 0x00, 0x00, 0x00, 0xF0, 0x0F, 0x00, 0x00, 0x00, 0x00, 0xE0, 0x1F, 0x00, 0x00,
    0x00, 0x00, 0xD0, 0x2F, 0x00, 0x00, 0x00, 0x00, 0xC0, 0x3F, 0x00, 0x00, 0x00, 0x00, 0xC0, 0x7F,
    0x00, 0x00, 0x00, 0x00, 0x80, 0xBF, 0x00, 0x00, 0x00, 0x00, 0x40, 0xFF,
    // Unicode: [0x005D, bracketright]
    0xFD, 0xFF, 0x6F, 0xFF, 0xFF, 0xDB, 0xFF, 0xFF, 0x52, 0x95, 0xBF, 0x00, 0xD0, 0x2F, 0x00, 0xF4,
    0x0B, 0x00, 0xFD, 0x02, 0x40, 0xBF, 0x00, 0xD0, 0x2F, 0x00, 0xF4, 0x0B, 0x00, 0xFD, 0x02, 0x40,
    0xBF, 0x00, 0xD0, 0x2F, 0x00, 0xF4, 0x0B, 0x00, 0xFD, 0x02, 0x40, 0xBF, 0x00, 0xD0, 0x2F, 0x00,
    0xF4, 0x0B, 0x00, 0xFD, 0x02, 0x40, 0xBF, 0x00, 0xD0, 0x2F, 0x00, 0xF4, 0x0B, 0x00, 0xFD, 0x02,
    0x40, 0xBF, 0x00, 0xD0, 0x2F, 0x00, 0xF4, 0x0B, 0x00, 0xFD, 0x02, 0x40, 0xBF, 0x00, 0xD0, 0x2F,
    0x00, 0xF4, 0x0B, 0x00, 0xFD, 0x02, 0x40, 0xBF, 0x00, 0xD0, 0x2F, 0x00, 0xF4, 0x0B, 0x00, 0xFD,
    0x02, 0x40, 0xBF, 0x00, 0xD0, 0x2F, 0x00, 0xF4, 0x0B, 0x00, 0xFD, 0x02, 0x40, 0xBF, 0x00, 0xD0,
    0x2F, 0x00, 0xF4, 0x0B, 0x00, 0xFD, 0x02, 0x40, 0xBF, 0x00, 0xD0, 0x2F, 0x00, 0xF4, 0x0B, 0x00,
    0xFD, 0x02, 0x40, 0xBF, 0x00, 0xD0, 0x2F, 0x00, 0xF4, 0x0B, 0x00, 0xFD, 0x02, 0x40, 0xBF, 0x00,
    0xD0, 0x2F, 0x00, 0xF4, 0x0B, 0x00, 0xFD, 0x02, 0x40, 0xBF, 0x00, 0xD0, 0x2F, 0x00, 0xF4, 0x0B,
    0x00, 0xFD, 0x02, 0x40, 0xBF, 0x00, 0xD0, 0x2F, 0x00, 0xF4, 0x5B, 0x55, 0xFE, 0xF6, 0xFF, 0xBF,
    0xFD, 0xFF, 0x6F, 0xFF, 0xFF, 0x0B,
    // Unicode: [0x005E, asciicircum]
    0x00, 0x00, 0x00, 0xF0, 0x1F, 0x00, 0x00, 0x00, 0x00, 0x00, 0x00, 0xF4, 0x2F, 0x00, 0x00, 0x00,
    0x00, 0x00, 0x00, 0xFC, 0x7F, 0x00, 0x00, 0x00, 0x00, 0x00, 0x00, 0xFD, 0xBF, 0x00, 0x00, 0x00,
    0x00, 0x00, 0x00, 0xFF, 0xFF, 0x00, 0x00, 0x00, 0x00, 0x00, 0x40, 0xFF, 0xFE, 0x02, 0x00, 0x00,
    0x00, 0x00, 0x80, 0xBF, 0xFD, 0x03, 0x00, 0x00, 0x00, 0x00, 0xD0, 0x3F, 0xF8, 0x07, 0x00, 0x00,
    0x00, 0x00, 0xE0, 0x2F, 0xF4, 0x0F, 0x00, 0x00, 0x00, 0x00, 0xF0, 0x1F, 0xE0, 0x1F, 0x00, 0x00,
    0x00, 0x00, 0xF8, 0x0B, 0xD0, 0x2F, 0x00, 0x00, 0x00, 0x00, 0xFC, 0x07, 0xC0, 0x7F, 0x00, 0x00,
    0x00, 0x00, 0xFD, 0x02, 0x40, 0xBF, 0x00, 0x00, 0x00, 0x00, 0xFF, 0x01, 0x00, 0xFF, 0x00, 0x00,
    0x00, 0x40, 0xFF, 0x00, 0x00, 0xFE, 0x02, 0x00, 0x00, 0x80, 0x7F, 0x00, 0x00, 0xFC, 0x03, 0x00,
    0x00, 0xD0, 0x3F, 0x00, 0x00, 0xF8, 0x07, 0x00, 0x00, 0xE0, 0x2F, 0x00, 0x00, 0xF4, 0x0F, 0x00,
    0x00, 0xF4, 0x0F, 0x00, 0x00, 0xE0, 0x1F, 0x00, 0x00, 0xF8, 0x0B, 0x00, 0x00, 0xD0, 0x2F, 0x00,
    0x00, 0xFC, 0x03, 0x00, 0x00, 0xC0, 0x7F, 0x00, 0x00, 0xFE, 0x02, 0x00, 0x00, 0x40, 0xBF, 0x00,
    0x00, 0xFF, 0x01, 0x00, 0x00, 0x00, 0xFF, 0x01, 0x40, 0xBF, 0x00, 0x00, 0x00, 0x00, 0xFE, 0x02,
    0xC0, 0x7F, 0x00, 0x00, 0x00, 0x00, 0xFC, 0x03, 0xD0, 0x3F, 0x00, 0x00, 0x00, 0x00, 0xF8, 0x0B,
    0xE0, 0x1F, 0x00, 0x00, 0x00, 0x00, 0xF4, 0x0F, 0xF4, 0x0F, 0x00, 0x00, 0x00, 0x00, 0xE0, 0x1F,
    0xF8, 0x07, 0x00, 0x00, 0x00, 0x00, 0xD0, 0x3F, 0xFD, 0x03, 0x00, 0x00, 0x00, 0x00, 0xC0, 0x7F,
    0xFE, 0x02, 0x00, 0x00, 0x00, 0x00, 0x40, 0xBF,
    // Unicode: [0x005F, underscore]
    0xFD, 0xFF, 0xFF, 0xFF, 0xFF, 0xFF, 0xFF, 0x7F, 0xFF, 0xFF, 0xFF, 0xFF, 0xFF, 0xFF, 0xFF, 0xDF,
    0xFF, 0xFF, 0xFF, 0xFF, 0xFF, 0xFF, 0xFF, 0xF7, 0xFF, 0xFF, 0xFF, 0xFF, 0xFF, 0xFF, 0xFF,
    // Unicode: [0x0060, grave]
    0x02, 0x00, 0x00, 0x7C, 0x00, 0x00, 0xF0, 0x0B, 0x00, 0xC0, 0xFF, 0x02, 0x00, 0xF4, 0x7F, 0x00,
    0x00, 0xFE, 0x0B, 0x00, 0x90, 0xFF, 0x01, 0x00, 0xF4, 0x2F, 0x00, 0x00, 0xFE, 0x01, 0x00, 0x90,
    0x07, 0x00, 0x00, 0x14,
    // Unicode: [0x0061, a]
    0x00, 0x00, 0x90, 0xFE, 0x6F, 0x00, 0x00, 0xFD, 0x02, 0x00, 0xF8, 0xFF, 0xFF, 0x6F, 0x00, 0xF4,
    0x0B, 0x00, 0xFD, 0xFF, 0xFF, 0xFF, 0x0B, 0xD0, 0x2F, 0x00, 0xFE, 0xFF, 0xAF, 0xFE, 0xFF, 0x40,
    0xBF, 0x00, 0xFE, 0xBF, 0x01, 0x00, 0xF9, 0x0F, 0xFD, 0x02, 0xFE, 0x2F, 0x00, 0x00, 0x40, 0xBE,
    0xF4, 0x0B, 0xFD, 0x1F, 0x00, 0x00, 0x00, 0xE0, 0xD7, 0x2F, 0xFC, 0x1F, 0x00, 0x00, 0x00, 0x00,
    0x7E, 0xBF, 0xF4, 0x2F, 0x00, 0x00, 0x00, 0x00, 0xE0, 0xFE, 0xE2, 0x3F, 0x00, 0x00, 0x00, 0x00,
    0x00, 0xFF, 0xCB, 0x7F, 0x00, 0x00, 0x00, 0x00, 0x00, 0xF8, 0x6F, 0xFF, 0x00, 0x00, 0x00, 0x00,
    0x00, 0xC0, 0xBF, 0xFE, 0x02, 0x00, 0x00, 0x00, 0x00, 0x00, 0xFF, 0xFA, 0x0B, 0x00, 0x00, 0x00,
    0x00, 0x00, 0xF8, 0xFB, 0x1F, 0x00, 0x00, 0x00, 0x00, 0x00, 0xD0, 0xEF, 0x7F, 0x00, 0x00, 0x00,
    0x00, 0x00, 0x40, 0xBF, 0xFF, 0x01, 0x00, 0x00, 0x00, 0x00, 0x00, 0xFD, 0xFE, 0x07, 0x00, 0x00,
    0x00, 0x00, 0x00, 0xF4, 0xFB, 0x1F, 0x00, 0x00, 0x00, 0x00, 0x00, 0xD0, 0xAF, 0xBF, 0x00, 0x00,
    0x00, 0x00, 0x00, 0x80, 0xBF, 0xFE, 0x02, 0x00, 0x00, 0x00, 0x00, 0x00, 0xFF, 0xF6, 0x0F, 0x00,
    0x00, 0x00, 0x00, 0x00, 0xFC, 0xCB, 0x7F, 0x00, 0x00, 0x00, 0x00, 0x00, 0xF8, 0x2F, 0xFE, 0x03,
    0x00, 0x00, 0x00, 0x00, 0xF0, 0xBF, 0xF4, 0x2F, 0x00, 0x00, 0x00, 0x00, 0xE0, 0xFE, 0xC2, 0xFF,
    0x01, 0x00, 0x00, 0x00, 0xE0, 0xF7, 0x0B, 0xFD, 0x1F, 0x00, 0x00, 0x00, 0xE0, 0xD7, 0x2F, 0xE0,
    0xFF, 0x02, 0x00, 0x00, 0xE4, 0x4B, 0xBF, 0x00, 0xFE, 0xBF, 0x01, 0x00, 0xF9, 0x0F, 0xFD, 0x02,
    0xE0, 0xFF, 0xFF, 0xEA, 0xFF, 0x0F, 0xF4, 0x0B, 0x00, 0xFD, 0xFF, 0xFF, 0xFF, 0x0B, 0xD0, 0x2F,
    0x00, 0x80, 0xFF, 0xFF, 0xFF, 0x06, 0x40, 0xBF, 0x00, 0x00, 0x90, 0xFE, 0x6F, 0x00, 0x00, 0xFD,
    0x02,
    // Unicode: [0x0062, b]
    0xA9, 0x01, 0x00, 0x00, 0x00, 0x00, 0x00, 0x00, 0xD0, 0x2F, 0x00, 0x00, 0x00, 0x00, 0x00, 0x00,
    0x00, 0xFD, 0x02, 0x00, 0x00, 0x00, 0x00, 0x00, 0x00, 0xD0, 0x2F, 0x00, 0x00, 0x00, 0x00, 0x00,
    0x00, 0x00, 0xFD, 0x02, 0x00, 0x00, 0x00, 0x00, 0x00, 0x00, 0xD0, 0x2F, 0x00, 0x00, 0x00, 0x00,
    0x00, 0x00, 0x00, 0xFD, 0x02, 0x00, 0x00, 0x00, 0x00, 0x00, 0x00, 0xD0, 0x2F, 0x00, 0x00, 0x00,
    0x00, 0x00, 0x00, 0x00, 0xFD, 0x02, 0x00, 0x00, 0x00, 0x00, 0x00, 0x00, 0xD0, 0x2F, 0x00, 0x00,
    0x00, 0x00, 0x00, 0x00, 0x00, 0xFD, 0x02, 0x00, 0x00, 0x00, 0x00, 0x00, 0x00, 0xD0, 0x2F, 0x00,
    0x00, 0x00, 0x00, 0x00, 0x00, 0x00, 0xFD, 0x02, 0x00, 0xA4, 0xFF, 0x1A, 0x00, 0x00, 0xD0, 0x2F,
    0x00, 0xF8, 0xFF, 0xFF, 0x6F, 0x00, 0x00, 0xFD, 0x02, 0xF4, 0xFF, 0xFF, 0xFF, 0x2F, 0x00, 0xD0,
    0x2F, 0xE0, 0xFF, 0xAB, 0xFF, 0xFF, 0x1F, 0x00, 0xFD, 0x82, 0xFF, 0x01, 0x00, 0xF5, 0xFF, 0x07,
    0xD0, 0x2F, 0xFD, 0x01, 0x00, 0x00, 0xF4, 0xFF, 0x00, 0xFD, 0xF2, 0x03, 0x00, 0x00, 0x00, 0xF8,
    0x2F, 0xD0, 0xAF, 0x0F, 0x00, 0x00, 0x00, 0x00, 0xFF, 0x07, 0xFD, 0x3E, 0x00, 0x00, 0x00, 0x00,
    0xD0, 0xBF, 0xD0, 0xFF, 0x01, 0x00, 0x00, 0x00, 0x00, 0xF8, 0x1F, 0xFD, 0x0F, 0x00, 0x00, 0x00,
    0x00, 0x00, 0xFF, 0xD2, 0xBF, 0x00, 0x00, 0x00, 0x00, 0x00, 0xE0, 0x2F, 0xFD, 0x07, 0x00, 0x00,
    0x00, 0x00, 0x00, 0xFD, 0xD3, 0x3F, 0x00, 0x00, 0x00, 0x00, 0x00, 0xC0, 0x3F, 0xFD, 0x03, 0x00,
    0x00, 0x00, 0x00, 0x00, 0xFC, 0xD7, 0x2F, 0x00, 0x00, 0x00, 0x00, 0x00, 0xC0, 0x7F, 0xFD, 0x02,
    0x00, 0x00, 0x00, 0x00, 0x00, 0xFC, 0xD7, 0x2F, 0x00, 0x00, 0x00, 0x00, 0x00, 0xC0, 0x7F, 0xFD,
    0x03, 0x00, 0x00, 0x00, 0x00, 0x00, 0xFC, 0xD7, 0x3F, 0x00, 0x00, 0x00, 0x00, 0x00, 0xC0, 0x3F,
    0xFD, 0x07, 0x00, 0x00, 0x00, 0x00, 0x00, 0xFD, 0xD3, 0xBF, 0x00, 0x00, 0x00, 0x00, 0x00, 0xE0,
    0x2F, 0xFD, 0x0F, 0x00, 0x00, 0x00, 0x00, 0x00, 0xFF, 0xD2, 0xFF, 0x01, 0x00, 0x00, 0x00, 0x00,
    0xF8, 0x1F, 0xFD, 0x3E, 0x00, 0x00, 0x00, 0x00, 0xD0, 0xBF, 0xD0, 0xAF, 0x0F, 0x00, 0x00, 0x00,
    0x00, 0xFF, 0x07, 0xFD, 0xF2, 0x03, 0x00, 0x00, 0x00, 0xF8, 0x2F, 0xD0, 0x2F, 0xFD, 0x01, 0x00,
    0x00, 0xF4, 0xFF, 0x00, 0xFD, 0x82, 0xFF, 0x01, 0x00, 0xF4, 0xFF, 0x07, 0xD0, 0x2F, 0xE0, 0xFF,
    0xAB, 0xFE, 0xFF, 0x1F, 0x00, 0xFD, 0x02, 0xF4, 0xFF, 0xFF, 0xFF, 0x2F, 0x00, 0xD0, 0x2F, 0x00,
    0xF8, 0xFF, 0xFF, 0x6F, 0x00, 0x00, 0xFD, 0x02, 0x00, 0xA4, 0xFF, 0x1A, 0x00, 0x00, 0x00,
    // Unicode: [0x0063, c]
    0x00, 0x00, 0x40, 0xFA, 0xAF, 0x05, 0x00, 0x00, 0x00, 0x00, 0xF9, 0xFF, 0xFF, 0x7F, 0x00, 0x00,
    0x00, 0xD0, 0xFF, 0xFF, 0xFF, 0xFF, 0x07, 0x00, 0x00, 0xF4, 0xFF, 0xAF, 0xFA, 0xFF, 0x2F, 0x00,
    0x00, 0xFE, 0x7F, 0x00, 0x00, 0xF9, 0xBF, 0x00, 0x40, 0xFF, 0x07, 0x00, 0x00, 0xD0, 0xFF, 0x02,
    0xD0, 0xFF, 0x01, 0x00, 0x00, 0x00, 0xFE, 0x07, 0xE0, 0x7F, 0x00, 0x00, 0x00, 0x00, 0xFC, 0x0F,
    0xF4, 0x1F, 0x00, 0x00, 0x00, 0x00, 0xF4, 0x1F, 0xF8, 0x0B, 0x00, 0x00, 0x00, 0x00, 0xE0, 0x2F,
    0xFC, 0x07, 0x00, 0x00, 0x00, 0x00, 0xD0, 0x3F, 0xFD, 0x03, 0x00, 0x00, 0x00, 0x00, 0xC0, 0x7F,
    0xFE, 0x02, 0x00, 0x00, 0x00, 0x00, 0x00, 0x00, 0xFE, 0x02, 0x00, 0x00, 0x00, 0x00, 0x00, 0x00,
    0xFF, 0x01, 0x00, 0x00, 0x00, 0x00, 0x00, 0x00, 0xFF, 0x01, 0x00, 0x00, 0x00, 0x00, 0x00, 0x00,
    0xFF, 0x01, 0x00, 0x00, 0x00, 0x00, 0x00, 0x00, 0xFF, 0x01, 0x00, 0x00, 0x00, 0x00, 0x00, 0x00,
    0xFF, 0x01, 0x00, 0x00, 0x00, 0x00, 0x00, 0x00, 0xFE, 0x02, 0x00, 0x00, 0x00, 0x00, 0x00, 0x00,
    0xFE, 0x02, 0x00, 0x00, 0x00, 0x00, 0x00, 0x00, 0xFD, 0x03, 0x00, 0x00, 0x00, 0x00, 0xC0, 0x7F,
    0xFC, 0x07, 0x00, 0x00, 0x00, 0x00, 0xD0, 0x3F, 0xF8, 0x0B, 0x00, 0x00, 0x00, 0x00, 0xE0, 0x2F,
    0xF4, 0x1F, 0x00, 0x00, 0x00, 0x00, 0xF4, 0x1F, 0xE0, 0x7F, 0x00, 0x00, 0x00, 0x00, 0xFC, 0x0F,
    0xD0, 0xFF, 0x01, 0x00, 0x00, 0x00, 0xFE, 0x07, 0x40, 0xFF, 0x07, 0x00, 0x00, 0xD0, 0xFF, 0x02,
    0x00, 0xFE, 0x7F, 0x00, 0x00, 0xF9, 0xBF, 0x00, 0x00, 0xF8, 0xFF, 0xAF, 0xFA, 0xFF, 0x2F, 0x00,
    0x00, 0xD0, 0xFF, 0xFF, 0xFF, 0xFF, 0x07, 0x00, 0x00, 0x00, 0xFD, 0xFF, 0xFF, 0x7F, 0x00, 0x00,
    0x00, 0x00, 0x50, 0xFE, 0xBF, 0x05, 0x00, 0x00,
    // Unicode: [0x0064, d]
    0x00, 0x00, 0x00, 0x00, 0x00, 0x00, 0x00, 0xA9, 0x01, 0x00, 0x00, 0x00, 0x00, 0x00, 0x00, 0xF4,
    0x0B, 0x00, 0x00, 0x00, 0x00, 0x00, 0x00, 0xD0, 0x2F, 0x00, 0x00, 0x00, 0x00, 0x00, 0x00, 0x40,
    0xBF, 0x00, 0x00, 0x00, 0x00, 0x00, 0x00, 0x00, 0xFD, 0x02, 0x00, 0x00, 0x00, 0x00, 0x00, 0x00,
    0xF4, 0x0B, 0x00, 0x00, 0x00, 0x00, 0x00, 0x00, 0xD0, 0x2F, 0x00, 0x00, 0x00, 0x00, 0x00, 0x00,
    0x40, 0xBF, 0x00, 0x00, 0x00, 0x00, 0x00, 0x00, 0x00, 0xFD, 0x02, 0x00, 0x00, 0x00, 0x00, 0x00,
    0x00, 0xF4, 0x0B, 0x00, 0x00, 0x00, 0x00, 0x00, 0x00, 0xD0, 0x2F, 0x00, 0x00, 0x00, 0x00, 0x00,
    0x00, 0x40, 0xBF, 0x00, 0x00, 0x90, 0xFE, 0x6F, 0x00, 0x00, 0xFD, 0x02, 0x00, 0xF8, 0xFF, 0xFF,
    0x6F, 0x00, 0xF4, 0x0B, 0x00, 0xFD, 0xFF, 0xFF, 0xFF, 0x0B, 0xD0, 0x2F, 0x00, 0xFE, 0xFF, 0xAF,
    0xFE, 0xFF, 0x40, 0xBF, 0x00, 0xFE, 0xBF, 0x01, 0x00, 0xF9, 0x0F, 0xFD, 0x02, 0xFE, 0x2F, 0x00,
    0x00, 0x40, 0xBE, 0xF4, 0x0B, 0xFD, 0x1F, 0x00, 0x00, 0x00, 0xE0, 0xD7, 0x2F, 0xFC, 0x1F, 0x00,
    0x00, 0x00, 0x00, 0x7E, 0xBF, 0xF4, 0x2F, 0x00, 0x00, 0x00, 0x00, 0xE0, 0xFE, 0xE2, 0x3F, 0x00,
    0x00, 0x00, 0x00, 0x00, 0xFF, 0xCB, 0x7F, 0x00, 0x00, 0x00, 0x00, 0x00, 0xF8, 0x6F, 0xFF, 0x00,
    0x00, 0x00, 0x00, 0x00, 0xC0, 0xBF, 0xFE, 0x02, 0x00, 0x00, 0x00, 0x00, 0x00, 0xFF, 0xFA, 0x0B,
    0x00, 0x00, 0x00, 0x00, 0x00, 0xF8, 0xFB, 0x1F, 0x00, 0x00, 0x00, 0x00, 0x00, 0xD0, 0xEF, 0x7F,
    0x00, 0x00, 0x00, 0x00, 0x00, 0x40, 0xBF, 0xFF, 0x01, 0x00, 0x00, 0x00, 0x00, 0x00, 0xFD, 0xFE,
    0x07, 0x00, 0x00, 0x00, 0x00, 0x00, 0xF4, 0xFB, 0x1F, 0x00, 0x00, 0x00, 0x00, 0x00, 0xD0, 0xAF,
    0xBF, 0x00, 0x00, 0x00, 0x00, 0x00, 0x80, 0xBF, 0xFE, 0x02, 0x00, 0x00, 0x00, 0x00, 0x00, 0xFF,
    0xF6, 0x0F, 0x00, 0x00, 0x00, 0x00, 0x00, 0xFC, 0xCB, 0x7F, 0x00, 0x00, 0x00, 0x00, 0x00, 0xF8,
    0x2F, 0xFE, 0x03, 0x00, 0x00, 0x00, 0x00, 0xF0, 0xBF, 0xF4, 0x2F, 0x00, 0x00, 0x00, 0x00, 0xE0,
    0xFE, 0xC2, 0xFF, 0x01, 0x00, 0x00, 0x00, 0xE0, 0xF7, 0x0B, 0xFD, 0x1F, 0x00, 0x00, 0x00, 0xE0,
    0xD7, 0x2F, 0xE0, 0xFF, 0x02, 0x00, 0x00, 0xE4, 0x4B, 0xBF, 0x00, 0xFE, 0xBF, 0x01, 0x00, 0xF9,
    0x0F, 0xFD, 0x02, 0xE0, 0xFF, 0xFF, 0xEA, 0xFF, 0x0F, 0xF4, 0x0B, 0x00, 0xFD, 0xFF, 0xFF, 0xFF,
    0x0B, 0xD0, 0x2F, 0x00, 0x80, 0xFF, 0xFF, 0xFF, 0x06, 0x40, 0xBF, 0x00, 0x00, 0x90, 0xFE, 0x6F,
    0x00, 0x00, 0xFD, 0x02,
    // Unicode: [0x0065, e]
    0x00, 0x00, 0x40, 0xFA, 0xBF, 0x05, 0x00, 0x00, 0x00, 0x00, 0xF9, 0xFF, 0xFF, 0x7F, 0x00, 0x00,
    0x00, 0xD0, 0xFF, 0xFF, 0xFF, 0xFF, 0x07, 0x00, 0x00, 0xF4, 0xFF, 0x5B, 0xE5, 0xFF, 0x2F, 0x00,
    0x00, 0xFE, 0x2F, 0x00, 0x00, 0xF8, 0xBF, 0x00, 0x40, 0xFF, 0x02, 0x00, 0x00, 0x80, 0xFF, 0x02,
    0xD0, 0xBF, 0x00, 0x00, 0x00, 0x00, 0xFE, 0x07, 0xE0, 0x2F, 0x00, 0x00, 0x00, 0x00, 0xF8, 0x0F,
    0xF4, 0x0F, 0x00, 0x00, 0x00, 0x00, 0xF0, 0x1F, 0xF8, 0x07, 0x00, 0x00, 0x00, 0x00, 0xE0, 0x2F,
    0xFC, 0x03, 0x00, 0x00, 0x00, 0x00, 0xD0, 0x3F, 0xFD, 0x02, 0x00, 0x00, 0x00, 0x00, 0xC0, 0x7F,
    0xFE, 0x01, 0x00, 0x00, 0x00, 0x00, 0x80, 0x7F, 0xFE, 0x01, 0x00, 0x00, 0x00, 0x00, 0x80, 0x7F,
    0xFF, 0x01, 0x00, 0x00, 0x00, 0x00, 0x80, 0x7F, 0xFF, 0xFF, 0xFF, 0xFF, 0xFF, 0xFF, 0xFF, 0x7F,
    0xFF, 0xFF, 0xFF, 0xFF, 0xFF, 0xFF, 0xFF, 0x7F, 0xFF, 0x01, 0x00, 0x00, 0x00, 0x00, 0x00, 0x00,
    0xFF, 0x01, 0x00, 0x00, 0x00, 0x00, 0x00, 0x00, 0xFE, 0x01, 0x00, 0x00, 0x00, 0x00, 0x00, 0x00,
    0xFE, 0x02, 0x00, 0x00, 0x00, 0x00, 0x00, 0x00, 0xFD, 0x02, 0x00, 0x00, 0x00, 0x00, 0x80, 0x2A,
    0xFC, 0x03, 0x00, 0x00, 0x00, 0x00, 0xD0, 0x3F, 0xF8, 0x0B, 0x00, 0x00, 0x00, 0x00, 0xE0, 0x2F,
    0xF4, 0x0F, 0x00, 0x00, 0x00, 0x00, 0xF4, 0x1F, 0xE0, 0x2F, 0x00, 0x00, 0x00, 0x00, 0xFC, 0x0F,
    0xD0, 0xBF, 0x00, 0x00, 0x00, 0x00, 0xFE, 0x07, 0x40, 0xFF, 0x06, 0x00, 0x00, 0xD0, 0xFF, 0x02,
    0x00, 0xFE, 0x6F, 0x00, 0x00, 0xF9, 0xBF, 0x00, 0x00, 0xF8, 0xFF, 0x6B, 0xEA, 0xFF, 0x2F, 0x00,
    0x00, 0xD0, 0xFF, 0xFF, 0xFF, 0xFF, 0x07, 0x00, 0x00, 0x00, 0xFD, 0xFF, 0xFF, 0x7F, 0x00, 0x00,
    0x00, 0x00, 0x50, 0xFE, 0xBF, 0x05, 0x00, 0x00,
    // Unicode: [0x0066, f]
    0x00, 0x00, 0x40, 0xF9, 0x07, 0x00, 0x40, 0xFF, 0x7F, 0x00, 0x00, 0xFE, 0xFF, 0x07, 0x00, 0xF8,
    0xFF, 0x7F, 0x00, 0xE0, 0xFF, 0x06, 0x00, 0x00, 0xFF, 0x03, 0x00, 0x00, 0xF4, 0x0F, 0x00, 0x00,
    0x80, 0xBF, 0x00, 0x00, 0x00, 0xFC, 0x07, 0x00, 0x00, 0xC0, 0x7F, 0x00, 0x00, 0x00, 0xFC, 0x03,
    0x00, 0x00, 0xC0, 0x3F, 0x00, 0x00, 0xFF, 0xFF, 0xFF, 0xFF, 0xF7, 0xFF, 0xFF, 0xFF, 0x7F, 0xFF,
    0xFF, 0xFF, 0xFF, 0xA7, 0xEA, 0xBF, 0xAA, 0x6A, 0x00, 0xFC, 0x03, 0x00, 0x00, 0xC0, 0x3F, 0x00,
    0x00, 0x00, 0xFC, 0x03, 0x00, 0x00, 0xC0, 0x3F, 0x00, 0x00, 0x00, 0xFC, 0x03, 0x00, 0x00, 0xC0,
    0x3F, 0x00, 0x00, 0x00, 0xFC, 0x03, 0x00, 0x00, 0xC0, 0x3F, 0x00, 0x00, 0x00, 0xFC, 0x03, 0x00,
    0x00, 0xC0, 0x3F, 0x00, 0x00, 0x00, 0xFC, 0x03, 0x00, 0x00, 0xC0, 0x3F, 0x00, 0x00, 0x00, 0xFC,
    0x03, 0x00, 0x00, 0xC0, 0x3F, 0x00, 0x00, 0x00, 0xFC, 0x03, 0x00, 0x00, 0xC0, 0x3F, 0x00, 0x00,
    0x00, 0xFC, 0x03, 0x00, 0x00, 0xC0, 0x3F, 0x00, 0x00, 0x00, 0xFC, 0x03, 0x00, 0x00, 0xC0, 0x3F,
    0x00, 0x00, 0x00, 0xFC, 0x03, 0x00, 0x00, 0xC0, 0x3F, 0x00, 0x00, 0x00, 0xFC, 0x03, 0x00, 0x00,
    0xC0, 0x3F, 0x00, 0x00, 0x00, 0xFC, 0x03, 0x00, 0x00, 0xC0, 0x3F, 0x00, 0x00, 0x00, 0xFC, 0x03,
    0x00, 0x00, 0xC0, 0x3F, 0x00, 0x00, 0x00, 0xFC, 0x03, 0x00, 0x00,
    // Unicode: [0x0067, g]
    0x00, 0x00, 0x90, 0xFE, 0x6F, 0x00, 0x00, 0xFD, 0x02, 0x00, 0xF8, 0xFF, 0xFF, 0x6F, 0x00, 0xF4,
    0x0B, 0x00, 0xFD, 0xFF, 0xFF, 0xFF, 0x0B, 0xD0, 0x2F, 0x00, 0xFE, 0xFF, 0xAF, 0xFE, 0xFF, 0x40,
    0xBF, 0x00, 0xFE, 0xBF, 0x01, 0x00, 0xF9, 0x0F, 0xFD, 0x02, 0xFE, 0x2F, 0x00, 0x00, 0x40, 0xBE,
    0xF4, 0x0B, 0xFD, 0x1F, 0x00, 0x00, 0x00, 0xE0, 0xD7, 0x2F, 0xFC, 0x1F, 0x00, 0x00, 0x00, 0x00,
    0x7E, 0xBF, 0xF4, 0x2F, 0x00, 0x00, 0x00, 0x00, 0xE0, 0xFE, 0xE2, 0x3F, 0x00, 0x00, 0x00, 0x00,
    0x00, 0xFF, 0xCB, 0x7F, 0x00, 0x00, 0x00, 0x00, 0x00, 0xF8, 0x6F, 0xFF, 0x00, 0x00, 0x00, 0x00,
    0x00, 0xC0, 0xBF, 0xFE, 0x02, 0x00, 0x00, 0x00, 0x00, 0x00, 0xFF, 0xFA, 0x0B, 0x00, 0x00, 0x00,
    0x00, 0x00, 0xF8, 0xFB, 0x1F, 0x00, 0x00, 0x00, 0x00, 0x00, 0xD0, 0xEF, 0x7F, 0x00, 0x00, 0x00,
    0x00, 0x00, 0x40, 0xBF, 0xFF, 0x01, 0x00, 0x00, 0x00, 0x00, 0x00, 0xFD, 0xFE, 0x07, 0x00, 0x00,
    0x00, 0x00, 0x00, 0xF4, 0xFB, 0x1F, 0x00, 0x00, 0x00, 0x00, 0x00, 0xD0, 0xAF, 0xBF, 0x00, 0x00,
    0x00, 0x00, 0x00, 0x80, 0xBF, 0xFE, 0x02, 0x00, 0x00, 0x00, 0x00, 0x00, 0xFF, 0xF6, 0x0F, 0x00,
    0x00, 0x00, 0x00, 0x00, 0xFC, 0xCB, 0x7F, 0x00, 0x00, 0x00, 0x00, 0x00, 0xF8, 0x2F, 0xFE, 0x03,
    0x00, 0x00, 0x00, 0x00, 0xF0, 0xBF, 0xF4, 0x2F, 0x00, 0x00, 0x00, 0x00, 0xE0, 0xFE, 0xC2, 0xFF,
    0x01, 0x00, 0x00, 0x00, 0xE0, 0xF7, 0x0B, 0xFD, 0x1F, 0x00, 0x00, 0x00, 0xE0, 0xD7, 0x2F, 0xE0,
    0xFF, 0x02, 0x00, 0x00, 0xE4, 0x4B, 0xBF, 0x00, 0xFE, 0xBF, 0x01, 0x00, 0xF9, 0x0F, 0xFD, 0x02,
    0xE0, 0xFF, 0xFF, 0xEA, 0xFF, 0x0F, 0xF4, 0x0B, 0x00, 0xFD, 0xFF, 0xFF, 0xFF, 0x0B, 0xD0, 0x2F,
    0x00, 0x80, 0xFF, 0xFF, 0xFF, 0x06, 0x40, 0xBF, 0x00, 0x00, 0x90, 0xFE, 0x6F, 0x00, 0x00, 0xFD,
    0x02, 0x00, 0x00, 0x00, 0x00, 0x00, 0x00, 0xF4, 0x0B, 0x00, 0x00, 0x00, 0x00, 0x00, 0x00, 0xD0,
    0x2F, 0x00, 0x00, 0x00, 0x00, 0x00, 0x00, 0x40, 0xBF, 0x00, 0x00, 0x00, 0x00, 0x00, 0x00, 0x00,
    0xFE, 0x82, 0x7F, 0x00, 0x00, 0x00, 0x00, 0x00, 0xFC, 0x07, 0xFE, 0x02, 0x00, 0x00, 0x00, 0x00,
    0xF4, 0x0F, 0xF4, 0x0F, 0x00, 0x00, 0x00, 0x00, 0xE0, 0x2F, 0xC0, 0xBF, 0x00, 0x00, 0x00, 0x00,
    0xD0, 0x7F, 0x00, 0xFD, 0x0B, 0x00, 0x00, 0x00, 0xD0, 0xBF, 0x00, 0xE0, 0xBF, 0x00, 0x00, 0x00,
    0xD0, 0xFF, 0x01, 0x00, 0xFF, 0x1B, 0x00, 0x00, 0xE0, 0xFF, 0x01, 0x00, 0xE0, 0xFF, 0x1B, 0x00,
    0xF9, 0xFF, 0x02, 0x00, 0x00, 0xFE, 0xFF, 0xFF, 0xFF, 0xFF, 0x01, 0x00, 0x00, 0xD0, 0xFF, 0xFF,
    0xFF, 0xBF, 0x01, 0x00, 0x00, 0x00, 0xE4, 0xFF, 0xFF, 0x6F, 0x00, 0x00, 0x00, 0x00, 0x00, 0x54,
    0xAA, 0x05, 0x00, 0x00, 0x00,
    // Unicode: [0x0068, h]
    0xFD, 0x02, 0x00, 0x00, 0x00, 0x00, 0x00, 0xD0, 0x2F, 0x00, 0x00, 0x00, 0x00, 0x00, 0x00, 0xFD,
    0x02, 0x00, 0x00, 0x00, 0x00, 0x00, 0xD0, 0x2F, 0x00, 0x00, 0x00, 0x00, 0x00, 0x00, 0xFD, 0x02,
    0x00, 0x00, 0x00, 0x00, 0x00, 0xD0, 0x2F, 0x00, 0x00, 0x00, 0x00, 0x00, 0x00, 0xFD, 0x02, 0x00,
    0x00, 0x00, 0x00, 0x00, 0xD0, 0x2F, 0x00, 0x00, 0x00, 0x00, 0x00, 0x00, 0xFD, 0x02, 0x00, 0x00,
    0x00, 0x00, 0x00, 0xD0, 0x2F, 0x00, 0x00, 0x00, 0x00, 0x00, 0x00, 0xFD, 0x02, 0x00, 0x00, 0x00,
    0x00, 0x00, 0xD0, 0x2F, 0x00, 0x90, 0xFE, 0x6B, 0x00, 0x00, 0xFD, 0x02, 0xD0, 0xFF, 0xFF, 0x7F,
    0x00, 0xD0, 0x2F, 0x80, 0xFF, 0xFF, 0xFF, 0x2F, 0x00, 0xFD, 0x42, 0xFF, 0xAB, 0xFA, 0xFF, 0x0F,
    0xD0, 0x2F, 0xFC, 0x06, 0x00, 0xE0, 0xFF, 0x03, 0xFD, 0xE2, 0x07, 0x00, 0x00, 0xF4, 0xBF, 0xD0,
    0x6F, 0x0B, 0x00, 0x00, 0x00, 0xFC, 0x1F, 0xFD, 0x3A, 0x00, 0x00, 0x00, 0x40, 0xFF, 0xD2, 0xFF,
    0x01, 0x00, 0x00, 0x00, 0xE0, 0x3F, 0xFD, 0x0F, 0x00, 0x00, 0x00, 0x00, 0xFC, 0xD7, 0xBF, 0x00,
    0x00, 0x00, 0x00, 0xC0, 0x7F, 0xFD, 0x07, 0x00, 0x00, 0x00, 0x00, 0xF8, 0xDB, 0x3F, 0x00, 0x00,
    0x00, 0x00, 0x40, 0xBF, 0xFD, 0x03, 0x00, 0x00, 0x00, 0x00, 0xF4, 0xDB, 0x3F, 0x00, 0x00, 0x00,
    0x00, 0x40, 0xBF, 0xFD, 0x02, 0x00, 0x00, 0x00, 0x00, 0xF4, 0xDB, 0x2F, 0x00, 0x00, 0x00, 0x00,
    0x40, 0xBF, 0xFD, 0x02, 0x00, 0x00, 0x00, 0x00, 0xF4, 0xDB, 0x2F, 0x00, 0x00, 0x00, 0x00, 0x40,
    0xBF, 0xFD, 0x02, 0x00, 0x00, 0x00, 0x00, 0xF4, 0xDB, 0x2F, 0x00, 0x00, 0x00, 0x00, 0x40, 0xBF,
    0xFD, 0x02, 0x00, 0x00, 0x00, 0x00, 0xF4, 0xDB, 0x2F, 0x00, 0x00, 0x00, 0x00, 0x40, 0xBF, 0xFD,
    0x02, 0x00, 0x00, 0x00, 0x00, 0xF4, 0xDB, 0x2F, 0x00, 0x00, 0x00, 0x00, 0x40, 0xBF, 0xFD, 0x02,
    0x00, 0x00, 0x00, 0x00, 0xF4, 0xDB, 0x2F, 0x00, 0x00, 0x00, 0x00, 0x40, 0xBF, 0xFD, 0x02, 0x00,
    0x00, 0x00, 0x00, 0xF4, 0xDB, 0x2F, 0x00, 0x00, 0x00, 0x00, 0x40, 0xBF, 0xFD, 0x02, 0x00, 0x00,
    0x00, 0x00, 0xF4, 0xDB, 0x2F, 0x00, 0x00, 0x00, 0x00, 0x40, 0xBF, 0xFD, 0x02, 0x00, 0x00, 0x00,
    0x00, 0xF4, 0xDB, 0x2F, 0x00, 0x00, 0x00, 0x00, 0x40, 0xBF,
    // Unicode: [0x0069, i]
    0xE4, 0x07, 0xFF, 0xD7, 0xFF, 0xF6, 0xBF, 0xF8, 0x1F, 0xA4, 0x01, 0x00, 0x00, 0x00, 0x00, 0x00,
    0x00, 0x00, 0x00, 0x00, 0x00, 0xF4, 0x0B, 0xFD, 0x42, 0xBF, 0xD0, 0x2F, 0xF4, 0x0B, 0xFD, 0x42,
    0xBF, 0xD0, 0x2F, 0xF4, 0x0B, 0xFD, 0x42, 0xBF, 0xD0, 0x2F, 0xF4, 0x0B, 0xFD, 0x42, 0xBF, 0xD0,
    0x2F, 0xF4, 0x0B, 0xFD, 0x42, 0xBF, 0xD0, 0x2F, 0xF4, 0x0B, 0xFD, 0x42, 0xBF, 0xD0, 0x2F, 0xF4,
    0x0B, 0xFD, 0x42, 0xBF, 0xD0, 0x2F, 0xF4, 0x0B, 0xFD, 0x42, 0xBF, 0xD0, 0x2F, 0xF4, 0x0B,
    // Unicode: [0x006A, j]
    0x00, 0x40, 0x1A, 0x00, 0xD0, 0xBF, 0x00, 0xF0, 0xFF, 0x00, 0xF0, 0xFF, 0x00, 0xE0, 0xFF, 0x00,
    0x80, 0x2F, 0x00, 0x00, 0x00, 0x00, 0x00, 0x00, 0x00, 0x00, 0x00, 0x00, 0x00, 0x00, 0x00, 0x00,
    0x00, 0x00, 0x00, 0x00, 0x00, 0x00, 0x00, 0x00, 0xC0, 0x7F, 0x00, 0xC0, 0x7F, 0x00, 0xC0, 0x7F,
    0x00, 0xC0, 0x7F, 0x00, 0xC0, 0x7F, 0x00, 0xC0, 0x7F, 0x00, 0xC0, 0x7F, 0x00, 0xC0, 0x7F, 0x00,
    0xC0, 0x7F, 0x00, 0xC0, 0x7F, 0x00, 0xC0, 0x7F, 0x00, 0xC0, 0x7F, 0x00, 0xC0, 0x7F, 0x00, 0xC0,
    0x7F, 0x00, 0xC0, 0x7F, 0x00, 0xC0, 0x7F, 0x00, 0xC0, 0x7F, 0x00, 0xC0, 0x7F, 0x00, 0xC0, 0x7F,
    0x00, 0xC0, 0x7F, 0x00, 0xC0, 0x7F, 0x00, 0xC0, 0x7F, 0x00, 0xC0, 0x7F, 0x00, 0xC0, 0x7F, 0x00,
    0xC0, 0x7F, 0x00, 0xC0, 0x7F, 0x00, 0xC0, 0x7F, 0x00, 0xC0, 0x7F, 0x00, 0xC0, 0x7F, 0x00, 0xC0,
    0x7F, 0x00, 0xC0, 0x7F, 0x00, 0xC0, 0x7F, 0x00, 0xC0, 0x7F, 0x00, 0xC0, 0x7F, 0x00, 0xC0, 0x7F,
    0x00, 0xC0, 0x7F, 0x00, 0xC0, 0x7F, 0x00, 0xC0, 0x7F, 0x00, 0xC0, 0x7F, 0x00, 0xC0, 0x7F, 0x00,
    0xC0, 0x7F, 0x00, 0xC0, 0x3F, 0x00, 0xD0, 0x3F, 0x00, 0xF4, 0x2F, 0xA9, 0xFF, 0x1F, 0xFE, 0xFF,
    0x0B, 0xFE, 0xFF, 0x02, 0xFE, 0x2B, 0x00,
    // Unicode: [0x006B, k]
    0xFD, 0x02, 0x00, 0x00, 0x00, 0x40, 0xBF, 0x00, 0x00, 0x00, 0x00, 0xD0, 0x2F, 0x00, 0x00, 0x00,
    0x00, 0xF4, 0x0B, 0x00, 0x00, 0x00, 0x00, 0xFD, 0x02, 0x00, 0x00, 0x00, 0x40, 0xBF, 0x00, 0x00,
    0x00, 0x00, 0xD0, 0x2F, 0x00, 0x00, 0x00, 0x00, 0xF4, 0x0B, 0x00, 0x00, 0x00, 0x00, 0xFD, 0x02,
    0x00, 0x00, 0x00, 0x40, 0xBF, 0x00, 0x00, 0x00, 0x00, 0xD0, 0x2F, 0x00, 0x00, 0x00, 0x00, 0xF4,
    0x0B, 0x00, 0x00, 0xE0, 0xBF, 0xFD, 0x02, 0x00, 0x00, 0xFE, 0x4B, 0xBF, 0x00, 0x00, 0xD0, 0xBF,
    0xD0, 0x2F, 0x00, 0x00, 0xFD, 0x0B, 0xF4, 0x0B, 0x00, 0xD0, 0xFF, 0x00, 0xFD, 0x02, 0x00, 0xFC,
    0x0F, 0x40, 0xBF, 0x00, 0xC0, 0xFF, 0x00, 0xD0, 0x2F, 0x00, 0xF8, 0x1F, 0x00, 0xF4, 0x0B, 0x80,
    0xFF, 0x01, 0x00, 0xFD, 0x02, 0xF8, 0x1F, 0x00, 0x40, 0xBF, 0x80, 0xFF, 0x01, 0x00, 0xD0, 0x2F,
    0xF4, 0x1F, 0x00, 0x00, 0xF4, 0x4B, 0xFF, 0x02, 0x00, 0x00, 0xFD, 0xF6, 0x2F, 0x00, 0x00, 0x40,
    0xFF, 0xFF, 0x02, 0x00, 0x00, 0xD0, 0xFF, 0x2F, 0x00, 0x00, 0x00, 0xF4, 0xFF, 0x07, 0x00, 0x00,
    0x00, 0xFD, 0xFF, 0x07, 0x00, 0x00, 0x40, 0xBF, 0xFE, 0x03, 0x00, 0x00, 0xD0, 0x2F, 0xFE, 0x03,
    0x00, 0x00, 0xF4, 0x0B, 0xFF, 0x02, 0x00, 0x00, 0xFD, 0x02, 0xFF, 0x02, 0x00, 0x40, 0xBF, 0x40,
    0xFF, 0x02, 0x00, 0xD0, 0x2F, 0x40, 0xFF, 0x02, 0x00, 0xF4, 0x0B, 0x40, 0xFF, 0x02, 0x00, 0xFD,
    0x02, 0x80, 0xFF, 0x02, 0x40, 0xBF, 0x00, 0x80, 0xFF, 0x01, 0xD0, 0x2F, 0x00, 0x80, 0xFF, 0x01,
    0xF4, 0x0B, 0x00, 0x80, 0xFF, 0x01, 0xFD, 0x02, 0x00, 0xC0, 0xFF, 0x41, 0xBF, 0x00, 0x00, 0xD0,
    0xFF, 0xD1, 0x2F, 0x00, 0x00, 0xD0, 0xFF, 0xF4, 0x0B, 0x00, 0x00, 0xD0, 0xFF,
    // Unicode: [0x006C, l]
    0xFD, 0xF6, 0xDB, 0x6F, 0xBF, 0xFD, 0xF6, 0xDB, 0x6F, 0xBF, 0xFD, 0xF6, 0xDB, 0x6F, 0xBF, 0xFD,
    0xF6, 0xDB, 0x6F, 0xBF, 0xFD, 0xF6, 0xDB, 0x6F, 0xBF, 0xFD, 0xF6, 0xDB, 0x6F, 0xBF, 0xFD, 0xF6,
    0xDB, 0x6F, 0xBF, 0xFD, 0xF6, 0xDB, 0x6F, 0xBF, 0xFD, 0xF6, 0xDB, 0x6F, 0xBF, 0xFD, 0xF6, 0xDB,
    0x6F, 0xBF, 0xFD, 0xF6, 0xDB, 0x6F, 0xBF,
    // Unicode: [0x006D, m]
    0xFD, 0x02, 0x00, 0xF9, 0xBF, 0x01, 0x00, 0x00, 0x00, 0xF9, 0xAF, 0x01, 0x00, 0xF4, 0x0B, 0x80,
    0xFF, 0xFF, 0xBF, 0x00, 0x00, 0x80, 0xFF, 0xFF, 0xBF, 0x00, 0xD0, 0x2F, 0xD0, 0xFF, 0xFF, 0xFF,
    0x1F, 0x00, 0xD0, 0xFF, 0xFF, 0xFF, 0x1F, 0x40, 0xBF, 0xD0, 0xFF, 0xAA, 0xFF, 0xFF, 0x01, 0xE0,
    0xFF, 0xAA, 0xFF, 0xFF, 0x01, 0xFD, 0xD2, 0x6F, 0x00, 0x80, 0xFF, 0x0F, 0xD0, 0x6F, 0x00, 0x40,
    0xFF, 0x1F, 0xF4, 0xCB, 0x1F, 0x00, 0x00, 0xE0, 0xBF, 0xD0, 0x1F, 0x00, 0x00, 0xE0, 0xFF, 0xD0,
    0x6F, 0x0B, 0x00, 0x00, 0x00, 0xFE, 0x87, 0x0F, 0x00, 0x00, 0x00, 0xFE, 0x47, 0xBF, 0x0F, 0x00,
    0x00, 0x00, 0xF0, 0x6F, 0x1F, 0x00, 0x00, 0x00, 0xF0, 0x3F, 0xFD, 0x1F, 0x00, 0x00, 0x00, 0x40,
    0xFF, 0x1E, 0x00, 0x00, 0x00, 0x40, 0xFF, 0xF5, 0x3F, 0x00, 0x00, 0x00, 0x00, 0xFC, 0x3F, 0x00,
    0x00, 0x00, 0x00, 0xFC, 0xD7, 0xBF, 0x00, 0x00, 0x00, 0x00, 0xE0, 0xBF, 0x00, 0x00, 0x00, 0x00,
    0xE0, 0x6F, 0xFF, 0x01, 0x00, 0x00, 0x00, 0x80, 0xFF, 0x01, 0x00, 0x00, 0x00, 0x40, 0xBF, 0xFD,
    0x03, 0x00, 0x00, 0x00, 0x00, 0xFD, 0x03, 0x00, 0x00, 0x00, 0x00, 0xFD, 0xF7, 0x0F, 0x00, 0x00,
    0x00, 0x00, 0xF4, 0x0F, 0x00, 0x00, 0x00, 0x00, 0xF4, 0xDF, 0x3F, 0x00, 0x00, 0x00, 0x00, 0xD0,
    0x3F, 0x00, 0x00, 0x00, 0x00, 0xD0, 0x7F, 0xBF, 0x00, 0x00, 0x00, 0x00, 0x40, 0xFF, 0x00, 0x00,
    0x00, 0x00, 0x40, 0xFF, 0xFD, 0x02, 0x00, 0x00, 0x00, 0x00, 0xFD, 0x03, 0x00, 0x00, 0x00, 0x00,
    0xFD, 0xF7, 0x0B, 0x00, 0x00, 0x00, 0x00, 0xF4, 0x0F, 0x00, 0x00, 0x00, 0x00, 0xF4, 0xDF, 0x2F,
    0x00, 0x00, 0x00, 0x00, 0xD0, 0x3F, 0x00, 0x00, 0x00, 0x00, 0xD0, 0x7F, 0xBF, 0x00, 0x00, 0x00,
    0x00, 0x40, 0xFF, 0x00, 0x00, 0x00, 0x00, 0x40, 0xFF, 0xFD, 0x02, 0x00, 0x00, 0x00, 0x00, 0xFD,
    0x03, 0x00, 0x00, 0x00, 0x00, 0xFD, 0xF7, 0x0B, 0x00, 0x00, 0x00, 0x00, 0xF4, 0x0F, 0x00, 0x00,
    0x00, 0x00, 0xF4, 0xDF, 0x2F, 0x00, 0x00, 0x00, 0x00, 0xD0, 0x3F, 0x00, 0x00, 0x00, 0x00, 0xD0,
    0x7F, 0xBF, 0x00, 0x00, 0x00, 0x00, 0x40, 0xFF, 0x00, 0x00, 0x00, 0x00, 0x40, 0xFF, 0xFD, 0x02,
    0x00, 0x00, 0x00, 0x00, 0xFD, 0x03, 0x00, 0x00, 0x00, 0x00, 0xFD, 0xF7, 0x0B, 0x00, 0x00, 0x00,
    0x00, 0xF4, 0x0F, 0x00, 0x00, 0x00, 0x00, 0xF4, 0xDF, 0x2F, 0x00, 0x00, 0x00, 0x00, 0xD0, 0x3F,
    0x00, 0x00, 0x00, 0x00, 0xD0, 0x7F, 0xBF, 0x00, 0x00, 0x00, 0x00, 0x40, 0xFF, 0x00, 0x00, 0x00,
    0x00, 0x40, 0xFF, 0xFD, 0x02, 0x00, 0x00, 0x00, 0x00, 0xFD, 0x03, 0x00, 0x00, 0x00, 0x00, 0xFD,
    0xF7, 0x0B, 0x00, 0x00, 0x00, 0x00, 0xF4, 0x0F, 0x00, 0x00, 0x00, 0x00, 0xF4, 0xDF, 0x2F, 0x00,
    0x00, 0x00, 0x00, 0xD0, 0x3F, 0x00, 0x00, 0x00, 0x00, 0xD0, 0x7F, 0xBF, 0x00, 0x00, 0x00, 0x00,
    0x40, 0xFF, 0x00, 0x00, 0x00, 0x00, 0x40, 0xFF, 0xFD, 0x02, 0x00, 0x00, 0x00, 0x00, 0xFD, 0x03,
    0x00, 0x00, 0x00, 0x00, 0xFD, 0x03,
    // Unicode: [0x006E, n]
    0xFD, 0x02, 0x00, 0xE9, 0xBF, 0x06, 0x00, 0xD0, 0x2F, 0x00, 0xFD, 0xFF, 0xFF, 0x07, 0x00, 0xFD,
    0x02, 0xF8, 0xFF, 0xFF, 0xFF, 0x02, 0xD0, 0x2F, 0xF4, 0xBF, 0xAA, 0xFF, 0xFF, 0x00, 0xFD, 0xC2,
    0x6F, 0x00, 0x00, 0xFE, 0x3F, 0xD0, 0x2F, 0x7E, 0x00, 0x00, 0x40, 0xFF, 0x0B, 0xFD, 0xB6, 0x00,
    0x00, 0x00, 0xC0, 0xFF, 0xD1, 0xAF, 0x03, 0x00, 0x00, 0x00, 0xF4, 0x2F, 0xFD, 0x1F, 0x00, 0x00,
    0x00, 0x00, 0xFE, 0xD3, 0xFF, 0x00, 0x00, 0x00, 0x00, 0xC0, 0x7F, 0xFD, 0x0B, 0x00, 0x00, 0x00,
    0x00, 0xFC, 0xD7, 0x7F, 0x00, 0x00, 0x00, 0x00, 0x80, 0xBF, 0xFD, 0x03, 0x00, 0x00, 0x00, 0x00,
    0xF4, 0xDB, 0x3F, 0x00, 0x00, 0x00, 0x00, 0x40, 0xBF, 0xFD, 0x03, 0x00, 0x00, 0x00, 0x00, 0xF4,
    0xDB, 0x2F, 0x00, 0x00, 0x00, 0x00, 0x40, 0xBF, 0xFD, 0x02, 0x00, 0x00, 0x00, 0x00, 0xF4, 0xDB,
    0x2F, 0x00, 0x00, 0x00, 0x00, 0x40, 0xBF, 0xFD, 0x02, 0x00, 0x00, 0x00, 0x00, 0xF4, 0xDB, 0x2F,
    0x00, 0x00, 0x00, 0x00, 0x40, 0xBF, 0xFD, 0x02, 0x00, 0x00, 0x00, 0x00, 0xF4, 0xDB, 0x2F, 0x00,
    0x00, 0x00, 0x00, 0x40, 0xBF, 0xFD, 0x02, 0x00, 0x00, 0x00, 0x00, 0xF4, 0xDB, 0x2F, 0x00, 0x00,
    0x00, 0x00, 0x40, 0xBF, 0xFD, 0x02, 0x00, 0x00, 0x00, 0x00, 0xF4, 0xDB, 0x2F, 0x00, 0x00, 0x00,
    0x00, 0x40, 0xBF, 0xFD, 0x02, 0x00, 0x00, 0x00, 0x00, 0xF4, 0xDB, 0x2F, 0x00, 0x00, 0x00, 0x00,
    0x40, 0xBF, 0xFD, 0x02, 0x00, 0x00, 0x00, 0x00, 0xF4, 0xDB, 0x2F, 0x00, 0x00, 0x00, 0x00, 0x40,
    0xBF, 0xFD, 0x02, 0x00, 0x00, 0x00, 0x00, 0xF4, 0xDB, 0x2F, 0x00, 0x00, 0x00, 0x00, 0x40, 0xBF,
    0xFD, 0x02, 0x00, 0x00, 0x00, 0x00, 0xF4, 0x0B,
    // Unicode: [0x006F, o]
    0x00, 0x00, 0x40, 0xFA, 0xBF, 0x06, 0x00, 0x00, 0x00, 0x00, 0xE4, 0xFF, 0xFF, 0xFF, 0x02, 0x00,
    0x00, 0x00, 0xF8, 0xFF, 0xFF, 0xFF, 0xBF, 0x00, 0x00, 0x00, 0xFD, 0xFF, 0xAB, 0xFA, 0xFF, 0x0F,
    0x00, 0x00, 0xFD, 0xBF, 0x01, 0x00, 0xF9, 0xFF, 0x01, 0x00, 0xFD, 0x2F, 0x00, 0x00, 0x40, 0xFE,
    0x0F, 0x00, 0xFC, 0x1F, 0x00, 0x00, 0x00, 0xE0, 0xBF, 0x00, 0xF8, 0x1F, 0x00, 0x00, 0x00, 0x00,
    0xFE, 0x07, 0xF4, 0x2F, 0x00, 0x00, 0x00, 0x00, 0xF0, 0x3F, 0xE0, 0x3F, 0x00, 0x00, 0x00, 0x00,
    0x40, 0xFF, 0xC1, 0x7F, 0x00, 0x00, 0x00, 0x00, 0x00, 0xF8, 0x4B, 0xFF, 0x00, 0x00, 0x00, 0x00,
    0x00, 0xD0, 0x3F, 0xFE, 0x02, 0x00, 0x00, 0x00, 0x00, 0x00, 0xFF, 0xF9, 0x0B, 0x00, 0x00, 0x00,
    0x00, 0x00, 0xFC, 0xF7, 0x1F, 0x00, 0x00, 0x00, 0x00, 0x00, 0xE0, 0xEF, 0x7F, 0x00, 0x00, 0x00,
    0x00, 0x00, 0x80, 0xBF, 0xFF, 0x01, 0x00, 0x00, 0x00, 0x00, 0x00, 0xFE, 0xFE, 0x07, 0x00, 0x00,
    0x00, 0x00, 0x00, 0xF8, 0xFB, 0x1F, 0x00, 0x00, 0x00, 0x00, 0x00, 0xE0, 0xAF, 0xBF, 0x00, 0x00,
    0x00, 0x00, 0x00, 0xC0, 0x7F, 0xFE, 0x02, 0x00, 0x00, 0x00, 0x00, 0x00, 0xFF, 0xF5, 0x0F, 0x00,
    0x00, 0x00, 0x00, 0x00, 0xFD, 0xC3, 0x7F, 0x00, 0x00, 0x00, 0x00, 0x00, 0xF8, 0x0B, 0xFE, 0x03,
    0x00, 0x00, 0x00, 0x00, 0xF4, 0x1F, 0xF4, 0x2F, 0x00, 0x00, 0x00, 0x00, 0xF0, 0x3F, 0x80, 0xFF,
    0x01, 0x00, 0x00, 0x00, 0xE0, 0x7F, 0x00, 0xFC, 0x1F, 0x00, 0x00, 0x00, 0xE0, 0xBF, 0x00, 0xD0,
    0xFF, 0x02, 0x00, 0x00, 0xF4, 0xFF, 0x00, 0x00, 0xFD, 0xBF, 0x01, 0x00, 0xF9, 0xFF, 0x00, 0x00,
    0xD0, 0xFF, 0xFF, 0xEA, 0xFF, 0xBF, 0x00, 0x00, 0x00, 0xF8, 0xFF, 0xFF, 0xFF, 0xBF, 0x00, 0x00,
    0x00, 0x40, 0xFE, 0xFF, 0xFF, 0x2F, 0x00, 0x00, 0x00, 0x00, 0x40, 0xFA, 0xBF, 0x06, 0x00, 0x00,
    0x00,
    // Unicode: [0x0070, p]
    0xFD, 0x02, 0x00, 0xA4, 0xFF, 0x1A, 0x00, 0x00, 0xD0, 0x2F, 0x00, 0xF8, 0xFF, 0xFF, 0x6F, 0x00,
    0x00, 0xFD, 0x02, 0xF4, 0xFF, 0xFF, 0xFF, 0x2F, 0x00, 0xD0, 0x2F, 0xE0, 0xFF, 0xAB, 0xFF, 0xFF,
    0x1F, 0x00, 0xFD, 0x82, 0xFF, 0x01, 0x00, 0xF5, 0xFF, 0x07, 0xD0, 0x2F, 0xFD, 0x01, 0x00, 0x00,
    0xF4, 0xFF, 0x00, 0xFD, 0xF2, 0x03, 0x00, 0x00, 0x00, 0xF8, 0x2F, 0xD0, 0xAF, 0x0F, 0x00, 0x00,
    0x00, 0x00, 0xFF, 0x07, 0xFD, 0x3E, 0x00, 0x00, 0x00, 0x00, 0xD0, 0xBF, 0xD0, 0xFF, 0x01, 0x00,
    0x00, 0x00, 0x00, 0xF8, 0x1F, 0xFD, 0x0F, 0x00, 0x00, 0x00, 0x00, 0x00, 0xFF, 0xD2, 0xBF, 0x00,
    0x00, 0x00, 0x00, 0x00, 0xE0, 0x2F, 0xFD, 0x07, 0x00, 0x00, 0x00, 0x00, 0x00, 0xFD, 0xD3, 0x3F,
    0x00, 0x00, 0x00, 0x00, 0x00, 0xC0, 0x3F, 0xFD, 0x03, 0x00, 0x00, 0x00, 0x00, 0x00, 0xFC, 0xD7,
    0x2F, 0x00, 0x00, 0x00, 0x00, 0x00, 0xC0, 0x7F, 0xFD, 0x02, 0x00, 0x00, 0x00, 0x00, 0x00, 0xFC,
    0xD7, 0x2F, 0x00, 0x00, 0x00, 0x00, 0x00, 0xC0, 0x7F, 0xFD, 0x03, 0x00, 0x00, 0x00, 0x00, 0x00,
    0xFC, 0xD7, 0x3F, 0x00, 0x00, 0x00, 0x00, 0x00, 0xC0, 0x3F, 0xFD, 0x07, 0x00, 0x00, 0x00, 0x00,
    0x00, 0xFD, 0xD3, 0xBF, 0x00, 0x00, 0x00, 0x00, 0x00, 0xE0, 0x2F, 0xFD, 0x0F, 0x00, 0x00, 0x00,
    0x00, 0x00, 0xFF, 0xD2, 0xFF, 0x01, 0x00, 0x00, 0x00, 0x00, 0xF8, 0x1F, 0xFD, 0x3E, 0x00, 0x00,
    0x00, 0x00, 0xD0, 0xBF, 0xD0, 0xAF, 0x0F, 0x00, 0x00, 0x00, 0x00, 0xFF, 0x07, 0xFD, 0xF2, 0x03,
    0x00, 0x00, 0x00, 0xF8, 0x2F, 0xD0, 0x2F, 0xFD, 0x01, 0x00, 0x00, 0xF4, 0xFF, 0x00, 0xFD, 0x82,
    0xFF, 0x01, 0x00, 0xF4, 0xFF, 0x07, 0xD0, 0x2F, 0xE0, 0xFF, 0xAB, 0xFE, 0xFF, 0x1F, 0x00, 0xFD,
    0x02, 0xF4, 0xFF, 0xFF, 0xFF, 0x2F, 0x00, 0xD0, 0x2F, 0x00, 0xF8, 0xFF, 0xFF, 0x6F, 0x00, 0x00,
    0xFD, 0x02, 0x00, 0xA4, 0xFF, 0x1A, 0x00, 0x00, 0xD0, 0x2F, 0x00, 0x00, 0x00, 0x00, 0x00, 0x00,
    0x00, 0xFD, 0x02, 0x00, 0x00, 0x00, 0x00, 0x00, 0x00, 0xD0, 0x2F, 0x00, 0x00, 0x00, 0x00, 0x00,
    0x00, 0x00, 0xFD, 0x02, 0x00, 0x00, 0x00, 0x00, 0x00, 0x00, 0xD0, 0x2F, 0x00, 0x00, 0x00, 0x00,
    0x00, 0x00, 0x00, 0xFD, 0x02, 0x00, 0x00, 0x00, 0x00, 0x00, 0x00, 0xD0, 0x2F, 0x00, 0x00, 0x00,
    0x00, 0x00, 0x00, 0x00, 0xFD, 0x02, 0x00, 0x00, 0x00, 0x00, 0x00, 0x00, 0xD0, 0x2F, 0x00, 0x00,
    0x00, 0x00, 0x00, 0x00, 0x00, 0xFD, 0x02, 0x00, 0x00, 0x00, 0x00, 0x00, 0x00, 0xD0, 0x2F, 0x00,
    0x00, 0x00, 0x00, 0x00, 0x00, 0x00, 0xFD, 0x02, 0x00, 0x00, 0x00, 0x00, 0x00, 0x00, 0xD0, 0x2F,
    0x00, 0x00, 0x00, 0x00, 0x00, 0x00, 0x00, 0xFD, 0x02, 0x00, 0x00, 0x00, 0x00, 0x00, 0x00, 0xD0,
    0x2F, 0x00, 0x00, 0x00, 0x00, 0x00, 0x00, 0x00,
    // Unicode: [0x0071, q]
    0x00, 0x00, 0x90, 0xFE, 0xAF, 0x01, 0x00, 0xFD, 0x02, 0x00, 0xF4, 0xFF, 0xFF, 0x7F, 0x00, 0xF4,
    0x0B, 0x00, 0xFD, 0xFF, 0xFF, 0xFF, 0x0B, 0xD0, 0x2F, 0x00, 0xFD, 0xFF, 0xAB, 0xFA, 0xFF, 0x41,
    0xBF, 0x00, 0xFE, 0xBF, 0x01, 0x00, 0xF9, 0x1F, 0xFD, 0x02, 0xFD, 0x2F, 0x00, 0x00, 0x00, 0xFE,
    0xF4, 0x0B, 0xFD, 0x1F, 0x00, 0x00, 0x00, 0xE0, 0xDB, 0x2F, 0xF8, 0x1F, 0x00, 0x00, 0x00, 0x00,
    0x7E, 0xBF, 0xF4, 0x2F, 0x00, 0x00, 0x00, 0x00, 0xE0, 0xFF, 0xE2, 0x3F, 0x00, 0x00, 0x00, 0x00,
    0x00, 0xFF, 0xCB, 0x7F, 0x00, 0x00, 0x00, 0x00, 0x00, 0xF8, 0x6F, 0xFF, 0x00, 0x00, 0x00, 0x00,
    0x00, 0xC0, 0xBF, 0xFE, 0x02, 0x00, 0x00, 0x00, 0x00, 0x00, 0xFE, 0xFA, 0x0B, 0x00, 0x00, 0x00,
    0x00, 0x00, 0xF8, 0xFB, 0x1F, 0x00, 0x00, 0x00, 0x00, 0x00, 0xD0, 0xEF, 0x7F, 0x00, 0x00, 0x00,
    0x00, 0x00, 0x40, 0xBF, 0xFF, 0x01, 0x00, 0x00, 0x00, 0x00, 0x00, 0xFD, 0xFE, 0x07, 0x00, 0x00,
    0x00, 0x00, 0x00, 0xF4, 0xFB, 0x1F, 0x00, 0x00, 0x00, 0x00, 0x00, 0xD0, 0xAF, 0xBF, 0x00, 0x00,
    0x00, 0x00, 0x00, 0x80, 0xBF, 0xFE, 0x02, 0x00, 0x00, 0x00, 0x00, 0x00, 0xFF, 0xF6, 0x0F, 0x00,
    0x00, 0x00, 0x00, 0x00, 0xFC, 0xCB, 0x7F, 0x00, 0x00, 0x00, 0x00, 0x00, 0xF8, 0x2F, 0xFE, 0x03,
    0x00, 0x00, 0x00, 0x00, 0xF0, 0xBF, 0xF4, 0x1F, 0x00, 0x00, 0x00, 0x00, 0xE0, 0xFE, 0x82, 0xFF,
    0x01, 0x00, 0x00, 0x00, 0xE0, 0xF7, 0x0B, 0xFD, 0x1F, 0x00, 0x00, 0x00, 0xE0, 0xD7, 0x2F, 0xD0,
    0xFF, 0x02, 0x00, 0x00, 0xE4, 0x4B, 0xBF, 0x00, 0xFE, 0xBF, 0x01, 0x00, 0xF9, 0x0F, 0xFD, 0x02,
    0xE0, 0xFF, 0xFF, 0xEA, 0xFF, 0x1F, 0xF4, 0x0B, 0x00, 0xFD, 0xFF, 0xFF, 0xFF, 0x0B, 0xD0, 0x2F,
    0x00, 0x40, 0xFF, 0xFF, 0xFF, 0x06, 0x40, 0xBF, 0x00, 0x00, 0x90, 0xFE, 0xAF, 0x01, 0x00, 0xFD,
    0x02, 0x00, 0x00, 0x00, 0x00, 0x00, 0x00, 0xF4, 0x0B, 0x00, 0x00, 0x00, 0x00, 0x00, 0x00, 0xD0,
    0x2F, 0x00, 0x00, 0x00, 0x00, 0x00, 0x00, 0x40, 0xBF, 0x00, 0x00, 0x00, 0x00, 0x00, 0x00, 0x00,
    0xFD, 0x02, 0x00, 0x00, 0x00, 0x00, 0x00, 0x00, 0xF4, 0x0B, 0x00, 0x00, 0x00, 0x00, 0x00, 0x00,
    0xD0, 0x2F, 0x00, 0x00, 0x00, 0x00, 0x00, 0x00, 0x40, 0xBF, 0x00, 0x00, 0x00, 0x00, 0x00, 0x00,
    0x00, 0xFD, 0x02, 0x00, 0x00, 0x00, 0x00, 0x00, 0x00, 0xF4, 0x0B, 0x00, 0x00, 0x00, 0x00, 0x00,
    0x00, 0xD0, 0x2F, 0x00, 0x00, 0x00, 0x00, 0x00, 0x00, 0x40, 0xBF, 0x00, 0x00, 0x00, 0x00, 0x00,
    0x00, 0x00, 0xFD, 0x02, 0x00, 0x00, 0x00, 0x00, 0x00, 0x00, 0xF4, 0x0B, 0x00, 0x00, 0x00, 0x00,
    0x00, 0x00, 0xD0, 0x2F, 0x00, 0x00, 0x00, 0x00, 0x00, 0x00, 0x40, 0xBF,
    // Unicode: [0x0072, r]
    0xFD, 0x02, 0x00, 0xE9, 0xD7, 0x2F, 0x00, 0xFE, 0x7F, 0xFD, 0x02, 0xFD, 0xFF, 0xD7, 0x2F, 0xF8,
    0xFF, 0x7F, 0xFD, 0xE2, 0xFF, 0xAB, 0xD2, 0x6F, 0xFF, 0x06, 0x00, 0xFD, 0xFA, 0x02, 0x00, 0xD0,
    0xFF, 0x0B, 0x00, 0x00, 0xFD, 0x2F, 0x00, 0x00, 0xD0, 0xFF, 0x00, 0x00, 0x00, 0xFD, 0x0B, 0x00,
    0x00, 0xD0, 0x7F, 0x00, 0x00, 0x00, 0xFD, 0x03, 0x00, 0x00, 0xD0, 0x3F, 0x00, 0x00, 0x00, 0xFD,
    0x03, 0x00, 0x00, 0xD0, 0x2F, 0x00, 0x00, 0x00, 0xFD, 0x02, 0x00, 0x00, 0xD0, 0x2F, 0x00, 0x00,
    0x00, 0xFD, 0x02, 0x00, 0x00, 0xD0, 0x2F, 0x00, 0x00, 0x00, 0xFD, 0x02, 0x00, 0x00, 0xD0, 0x2F,
    0x00, 0x00, 0x00, 0xFD, 0x02, 0x00, 0x00, 0xD0, 0x2F, 0x00, 0x00, 0x00, 0xFD, 0x02, 0x00, 0x00,
    0xD0, 0x2F, 0x00, 0x00, 0x00, 0xFD, 0x02, 0x00, 0x00, 0xD0, 0x2F, 0x00, 0x00, 0x00, 0xFD, 0x02,
    0x00, 0x00, 0xD0, 0x2F, 0x00, 0x00, 0x00, 0xFD, 0x02, 0x00, 0x00, 0xD0, 0x2F, 0x00, 0x00, 0x00,
    0xFD, 0x02, 0x00, 0x00, 0x00,
    // Unicode: [0x0073, s]
    0x00, 0x90, 0xFE, 0x6F, 0x01, 0x00, 0x00, 0xE4, 0xFF, 0xFF, 0x6F, 0x00, 0x00, 0xF8, 0xFF, 0xFF,
    0xFF, 0x0B, 0x00, 0xF8, 0xBF, 0x41, 0xF9, 0xBF, 0x00, 0xF4, 0x2F, 0x00, 0x00, 0xFE, 0x0B, 0xE0,
    0x2F, 0x00, 0x00, 0xD0, 0x7F, 0xC0, 0x3F, 0x00, 0x00, 0x00, 0xFD, 0x43, 0xBF, 0x00, 0x00, 0x00,
    0xF0, 0x1F, 0xFD, 0x01, 0x00, 0x00, 0x40, 0xBF, 0xF4, 0x07, 0x00, 0x00, 0x00, 0xFD, 0xD2, 0x2F,
    0x00, 0x00, 0x00, 0x50, 0x05, 0xFF, 0x01, 0x00, 0x00, 0x00, 0x00, 0xF8, 0x1F, 0x00, 0x00, 0x00,
    0x00, 0xC0, 0xFF, 0x06, 0x00, 0x00, 0x00, 0x00, 0xF8, 0xFF, 0x16, 0x00, 0x00, 0x00, 0x40, 0xFF,
    0xFF, 0x1B, 0x00, 0x00, 0x00, 0x90, 0xFF, 0xFF, 0x1B, 0x00, 0x00, 0x00, 0x90, 0xFE, 0xFF, 0x0B,
    0x00, 0x00, 0x00, 0x40, 0xFA, 0xBF, 0x00, 0x00, 0x00, 0x00, 0x40, 0xFE, 0x0B, 0x00, 0x00, 0x00,
    0x00, 0xD0, 0x7F, 0x00, 0x00, 0x00, 0x00, 0x00, 0xFD, 0x53, 0x05, 0x00, 0x00, 0x00, 0xF0, 0x8F,
    0x7F, 0x00, 0x00, 0x00, 0x80, 0x7F, 0xFD, 0x02, 0x00, 0x00, 0x00, 0xFE, 0xF1, 0x0F, 0x00, 0x00,
    0x00, 0xF8, 0x87, 0xBF, 0x00, 0x00, 0x00, 0xF0, 0x0F, 0xFC, 0x0B, 0x00, 0x00, 0xE0, 0x2F, 0xD0,
    0xBF, 0x01, 0x00, 0xE0, 0x3F, 0x00, 0xFD, 0x6F, 0x05, 0xF9, 0x7F, 0x00, 0xD0, 0xFF, 0xFF, 0xFF,
    0x7F, 0x00, 0x00, 0xF8, 0xFF, 0xFF, 0x6F, 0x00, 0x00, 0x00, 0xE9, 0xFF, 0x1A, 0x00, 0x00,
    // Unicode: [0x0074, t]
    0x00, 0xFC, 0x07, 0x00, 0x00, 0x00, 0xFF, 0x01, 0x00, 0x00, 0xC0, 0x7F, 0x00, 0x00, 0x00, 0xF0,
    0x1F, 0x00, 0x00, 0x00, 0xFC, 0x07, 0x00, 0x00, 0x00, 0xFF, 0x01, 0x00, 0x00, 0xC0, 0x7F, 0x00,
    0x00, 0x00, 0xF0, 0x1F, 0x00, 0x00, 0xFF, 0xFF, 0xFF, 0xFF, 0xDF, 0xFF, 0xFF, 0xFF, 0xFF, 0xF7,
    0xFF, 0xFF, 0xFF, 0xFF, 0xA9, 0xFA, 0xAF, 0xAA, 0x6A, 0x00, 0xFC, 0x07, 0x00, 0x00, 0x00, 0xFF,
    0x01, 0x00, 0x00, 0xC0, 0x7F, 0x00, 0x00, 0x00, 0xF0, 0x1F, 0x00, 0x00, 0x00, 0xFC, 0x07, 0x00,
    0x00, 0x00, 0xFF, 0x01, 0x00, 0x00, 0xC0, 0x7F, 0x00, 0x00, 0x00, 0xF0, 0x1F, 0x00, 0x00, 0x00,
    0xFC, 0x07, 0x00, 0x00, 0x00, 0xFF, 0x01, 0x00, 0x00, 0xC0, 0x7F, 0x00, 0x00, 0x00, 0xF0, 0x1F,
    0x00, 0x00, 0x00, 0xFC, 0x07, 0x00, 0x00, 0x00, 0xFF, 0x01, 0x00, 0x00, 0xC0, 0x7F, 0x00, 0x00,
    0x00, 0xF0, 0x1F, 0x00, 0x00, 0x00, 0xFC, 0x07, 0x00, 0x00, 0x00, 0xFF, 0x01, 0x00, 0x00, 0xC0,
    0x7F, 0x00, 0x00, 0x00, 0xF0, 0x1F, 0x00, 0x00, 0x00, 0xF8, 0x07, 0x00, 0x00, 0x00, 0xFE, 0x02,
    0x00, 0x00, 0x80, 0xBF, 0x00, 0x00, 0x00, 0xD0, 0x7F, 0x00, 0x00, 0x00, 0xF0, 0x7F, 0x00, 0x00,
    0x00, 0xF4, 0xFF, 0xAA, 0x06, 0x00, 0xF8, 0xFF, 0xFF, 0x01, 0x00, 0xF8, 0xFF, 0x7F, 0x00, 0x00,
    0x90, 0xFF, 0x1F,
    // Unicode: [0x0075, u]
    0xFD, 0x02, 0x00, 0x00, 0x00, 0x00, 0xF4, 0xDB, 0x2F, 0x00, 0x00, 0x00, 0x00, 0x40, 0xBF, 0xFD,
    0x02, 0x00, 0x00, 0x00, 0x00, 0xF4, 0xDB, 0x2F, 0x00, 0x00, 0x00, 0x00, 0x40, 0xBF, 0xFD, 0x02,
    0x00, 0x00, 0x00, 0x00, 0xF4, 0xDB, 0x2F, 0x00, 0x00, 0x00, 0x00, 0x40, 0xBF, 0xFD, 0x02, 0x00,
    0x00, 0x00, 0x00, 0xF4, 0xDB, 0x2F, 0x00, 0x00, 0x00, 0x00, 0x40, 0xBF, 0xFD, 0x02, 0x00, 0x00,
    0x00, 0x00, 0xF4, 0xDB, 0x2F, 0x00, 0x00, 0x00, 0x00, 0x40, 0xBF, 0xFD, 0x02, 0x00, 0x00, 0x00,
    0x00, 0xF4, 0xDB, 0x2F, 0x00, 0x00, 0x00, 0x00, 0x40, 0xBF, 0xFD, 0x02, 0x00, 0x00, 0x00, 0x00,
    0xF4, 0xDB, 0x2F, 0x00, 0x00, 0x00, 0x00, 0x40, 0xBF, 0xFD, 0x02, 0x00, 0x00, 0x00, 0x00, 0xF4,
    0xDB, 0x2F, 0x00, 0x00, 0x00, 0x00, 0x40, 0xBF, 0xFD, 0x02, 0x00, 0x00, 0x00, 0x00, 0xF4, 0xDB,
    0x2F, 0x00, 0x00, 0x00, 0x00, 0x40, 0xBF, 0xFD, 0x02, 0x00, 0x00, 0x00, 0x00, 0xF4, 0xDB, 0x3F,
    0x00, 0x00, 0x00, 0x00, 0x80, 0xBF, 0xFD, 0x03, 0x00, 0x00, 0x00, 0x00, 0xF8, 0xDB, 0x3F, 0x00,
    0x00, 0x00, 0x00, 0xC0, 0xBF, 0xFC, 0x07, 0x00, 0x00, 0x00, 0x00, 0xFC, 0xCB, 0xBF, 0x00, 0x00,
    0x00, 0x00, 0xE0, 0xBF, 0xF8, 0x0F, 0x00, 0x00, 0x00, 0x00, 0xFF, 0x4B, 0xFF, 0x02, 0x00, 0x00,
    0x00, 0xB8, 0xBF, 0xE0, 0x7F, 0x00, 0x00, 0x00, 0xD0, 0xF6, 0x0B, 0xFD, 0x1F, 0x00, 0x00, 0x80,
    0x5F, 0xBF, 0x80, 0xFF, 0x1B, 0x00, 0x40, 0xBF, 0xF4, 0x0B, 0xE0, 0xFF, 0xAF, 0xAA, 0xFF, 0x42,
    0xBF, 0x00, 0xF8, 0xFF, 0xFF, 0xFF, 0x07, 0xF4, 0x0B, 0x00, 0xF9, 0xFF, 0xFF, 0x0B, 0x40, 0xBF,
    0x00, 0x00, 0xE4, 0xFF, 0x06, 0x00, 0xF4, 0x0B,
    // Unicode: [0x0076, v]
    0xFE, 0x02, 0x00, 0x00, 0x00, 0x00, 0xE0, 0x7F, 0xFF, 0x01, 0x00, 0x00, 0x00, 0x00, 0xFC, 0xCB,
    0xBF, 0x00, 0x00, 0x00, 0x00, 0x40, 0xFF, 0xE1, 0x3F, 0x00, 0x00, 0x00, 0x00, 0xE0, 0x2F, 0xF4,
    0x1F, 0x00, 0x00, 0x00, 0x00, 0xFC, 0x07, 0xF8, 0x0B, 0x00, 0x00, 0x00, 0x80, 0xFF, 0x00, 0xFD,
    0x07, 0x00, 0x00, 0x00, 0xF0, 0x2F, 0x00, 0xFF, 0x02, 0x00, 0x00, 0x00, 0xFD, 0x07, 0x80, 0xFF,
    0x00, 0x00, 0x00, 0x80, 0xBF, 0x00, 0xD0, 0x7F, 0x00, 0x00, 0x00, 0xF0, 0x1F, 0x00, 0xE0, 0x2F,
    0x00, 0x00, 0x00, 0xFD, 0x03, 0x00, 0xF4, 0x0F, 0x00, 0x00, 0xC0, 0xBF, 0x00, 0x00, 0xFC, 0x0B,
    0x00, 0x00, 0xF4, 0x1F, 0x00, 0x00, 0xFE, 0x03, 0x00, 0x00, 0xFE, 0x02, 0x00, 0x40, 0xFF, 0x01,
    0x00, 0xC0, 0x7F, 0x00, 0x00, 0x80, 0xBF, 0x00, 0x00, 0xF4, 0x0F, 0x00, 0x00, 0xD0, 0x3F, 0x00,
    0x00, 0xFF, 0x02, 0x00, 0x00, 0xF0, 0x2F, 0x00, 0xD0, 0x7F, 0x00, 0x00, 0x00, 0xF8, 0x0F, 0x00,
    0xF8, 0x0B, 0x00, 0x00, 0x00, 0xFD, 0x07, 0x00, 0xFF, 0x01, 0x00, 0x00, 0x00, 0xFE, 0x02, 0xD0,
    0x3F, 0x00, 0x00, 0x00, 0x40, 0xFF, 0x00, 0xF8, 0x0B, 0x00, 0x00, 0x00, 0xC0, 0xBF, 0x40, 0xFF,
    0x01, 0x00, 0x00, 0x00, 0xE0, 0x3F, 0xE0, 0x2F, 0x00, 0x00, 0x00, 0x00, 0xF4, 0x1F, 0xFC, 0x07,
    0x00, 0x00, 0x00, 0x00, 0xF8, 0x4B, 0xFF, 0x00, 0x00, 0x00, 0x00, 0x00, 0xFD, 0xE3, 0x2F, 0x00,
    0x00, 0x00, 0x00, 0x00, 0xFF, 0xFE, 0x07, 0x00, 0x00, 0x00, 0x00, 0x80, 0xFF, 0xBF, 0x00, 0x00,
    0x00, 0x00, 0x00, 0xD0, 0xFF, 0x1F, 0x00, 0x00, 0x00, 0x00, 0x00, 0xE0, 0xFF, 0x03, 0x00, 0x00,
    0x00, 0x00, 0x00, 0xF4, 0xBF, 0x00, 0x00, 0x00, 0x00, 0x00, 0x00, 0xFC, 0x1F, 0x00, 0x00, 0x00,
    // Unicode: [0x0077, w]
    0xFF, 0x01, 0x00, 0x00, 0x00, 0xF4, 0x1F, 0x00, 0x00, 0x00, 0x40, 0xBF, 0xFE, 0x02, 0x00, 0x00,
    0x00, 0xF8, 0x2F, 0x00, 0x00, 0x00, 0x80, 0x7F, 0xFD, 0x03, 0x00, 0x00, 0x00, 0xFC, 0x3F, 0x00,
    0x00, 0x00, 0xC0, 0x3F, 0xFC, 0x03, 0x00, 0x00, 0x00, 0xFD, 0x7F, 0x00, 0x00, 0x00, 0xD0, 0x2F,
    0xF8, 0x07, 0x00, 0x00, 0x00, 0xFE, 0xBF, 0x00, 0x00, 0x00, 0xD0, 0x2F, 0xF4, 0x0B, 0x00, 0x00,
    0x00, 0xBF, 0xFF, 0x00, 0x00, 0x00, 0xE0, 0x1F, 0xF4, 0x0F, 0x00, 0x00, 0x40, 0x7F, 0xFE, 0x01,
    0x00, 0x00, 0xF0, 0x0F, 0xF0, 0x1F, 0x00, 0x00, 0x80, 0x3F, 0xFD, 0x02, 0x00, 0x00, 0xF4, 0x0B,
    0xE0, 0x1F, 0x00, 0x00, 0xC0, 0x2F, 0xFC, 0x03, 0x00, 0x00, 0xF8, 0x07, 0xD0, 0x2F, 0x00, 0x00,
    0xD0, 0x1F, 0xF8, 0x07, 0x00, 0x00, 0xF8, 0x03, 0xC0, 0x3F, 0x00, 0x00, 0xE0, 0x0F, 0xF0, 0x0B,
    0x00, 0x00, 0xFC, 0x02, 0x80, 0x7F, 0x00, 0x00, 0xF0, 0x0B, 0xE0, 0x0F, 0x00, 0x00, 0xFD, 0x01,
    0x40, 0xBF, 0x00, 0x00, 0xF8, 0x07, 0xD0, 0x1F, 0x00, 0x00, 0xFE, 0x01, 0x00, 0xFF, 0x00, 0x00,
    0xFC, 0x03, 0xC0, 0x2F, 0x00, 0x00, 0xFF, 0x00, 0x00, 0xFF, 0x00, 0x00, 0xFD, 0x02, 0x80, 0x3F,
    0x00, 0x00, 0xBF, 0x00, 0x00, 0xFE, 0x01, 0x00, 0xFE, 0x00, 0x40, 0x7F, 0x00, 0x40, 0x7F, 0x00,
    0x00, 0xFD, 0x02, 0x00, 0xBF, 0x00, 0x00, 0xBF, 0x00, 0x80, 0x3F, 0x00, 0x00, 0xFC, 0x03, 0x40,
    0x7F, 0x00, 0x00, 0xFE, 0x01, 0xC0, 0x2F, 0x00, 0x00, 0xF8, 0x07, 0x80, 0x3F, 0x00, 0x00, 0xFD,
    0x02, 0xD0, 0x1F, 0x00, 0x00, 0xF4, 0x07, 0xC0, 0x2F, 0x00, 0x00, 0xFC, 0x03, 0xE0, 0x0F, 0x00,
    0x00, 0xF0, 0x0B, 0xD0, 0x1F, 0x00, 0x00, 0xF8, 0x07, 0xE0, 0x0F, 0x00, 0x00, 0xE0, 0x0F, 0xE0,
    0x0F, 0x00, 0x00, 0xF4, 0x0B, 0xF0, 0x0B, 0x00, 0x00, 0xE0, 0x1F, 0xF0, 0x0B, 0x00, 0x00, 0xF0,
    0x0F, 0xF4, 0x07, 0x00, 0x00, 0xD0, 0x2F, 0xF4, 0x07, 0x00, 0x00, 0xE0, 0x1F, 0xF8, 0x03, 0x00,
    0x00, 0xC0, 0x3F, 0xF8, 0x03, 0x00, 0x00, 0xD0, 0x2F, 0xFC, 0x02, 0x00, 0x00, 0x80, 0x3F, 0xFC,
    0x02, 0x00, 0x00, 0xC0, 0x3F, 0xFC, 0x01, 0x00, 0x00, 0x40, 0x7F, 0xFD, 0x01, 0x00, 0x00, 0x80,
    0x7F, 0xFD, 0x00, 0x00, 0x00, 0x00, 0xBF, 0xFE, 0x00, 0x00, 0x00, 0x40, 0xBF, 0xBE, 0x00, 0x00,
    0x00, 0x00, 0xFE, 0xBF, 0x00, 0x00, 0x00, 0x00, 0xFF, 0xBF, 0x00, 0x00, 0x00, 0x00, 0xFD, 0x7F,
    0x00, 0x00, 0x00, 0x00, 0xFD, 0x7F, 0x00, 0x00, 0x00, 0x00, 0xFD, 0x2F, 0x00, 0x00, 0x00, 0x00,
    0xFC, 0x3F, 0x00, 0x00, 0x00, 0x00, 0xFC, 0x1F, 0x00, 0x00, 0x00, 0x00, 0xF8, 0x2F, 0x00, 0x00,
    0x00, 0x00, 0xF8, 0x0F, 0x00, 0x00, 0x00, 0x00, 0xF4, 0x1F, 0x00, 0x00,
    // Unicode: [0x0078, x]
    0xFE, 0x07, 0x00, 0x00, 0x00, 0xF4, 0x1F, 0xFF, 0x03, 0x00, 0x00, 0x00, 0xFF, 0x42, 0xFF, 0x02,
    0x00, 0x00, 0xE0, 0x3F, 0x80, 0xFF, 0x01, 0x00, 0x00, 0xFD, 0x07, 0xC0, 0xFF, 0x00, 0x00, 0xC0,
    0xBF, 0x00, 0xD0, 0xBF, 0x00, 0x00, 0xF8, 0x0F, 0x00, 0xE0, 0x7F, 0x00, 0x40, 0xFF, 0x01, 0x00,
    0xF0, 0x3F, 0x00, 0xE0, 0x2F, 0x00, 0x00, 0xF4, 0x2F, 0x00, 0xFD, 0x03, 0x00, 0x00, 0xF8, 0x1F,
    0xC0, 0x7F, 0x00, 0x00, 0x00, 0xFC, 0x0F, 0xF8, 0x0B, 0x00, 0x00, 0x00, 0xFD, 0x4B, 0xFF, 0x00,
    0x00, 0x00, 0x00, 0xFE, 0xF7, 0x1F, 0x00, 0x00, 0x00, 0x00, 0xFF, 0xFF, 0x02, 0x00, 0x00, 0x00,
    0x40, 0xFF, 0x7F, 0x00, 0x00, 0x00, 0x00, 0x80, 0xFF, 0x0B, 0x00, 0x00, 0x00, 0x00, 0xE0, 0xFF,
    0x00, 0x00, 0x00, 0x00, 0x00, 0xFD, 0xBF, 0x00, 0x00, 0x00, 0x00, 0x80, 0xFF, 0x7F, 0x00, 0x00,
    0x00, 0x00, 0xF4, 0xFF, 0x2F, 0x00, 0x00, 0x00, 0x00, 0xFF, 0xF5, 0x2F, 0x00, 0x00, 0x00, 0xE0,
    0x2F, 0xF8, 0x1F, 0x00, 0x00, 0x00, 0xFD, 0x07, 0xFC, 0x0B, 0x00, 0x00, 0xC0, 0xBF, 0x00, 0xFD,
    0x0B, 0x00, 0x00, 0xF8, 0x0F, 0x00, 0xFE, 0x07, 0x00, 0x40, 0xFF, 0x01, 0x00, 0xFF, 0x02, 0x00,
    0xE0, 0x2F, 0x00, 0x40, 0xFF, 0x02, 0x00, 0xFD, 0x03, 0x00, 0x80, 0xFF, 0x01, 0xC0, 0x7F, 0x00,
    0x00, 0xC0, 0xBF, 0x00, 0xF8, 0x0F, 0x00, 0x00, 0xD0, 0xBF, 0x40, 0xFF, 0x01, 0x00, 0x00, 0xE0,
    0x7F, 0xF0, 0x2F, 0x00, 0x00, 0x00, 0xF0, 0x2F, 0xFE, 0x03, 0x00, 0x00, 0x00, 0xF4, 0x2F,
    // Unicode: [0x0079, y]
    0xFF, 0x02, 0x00, 0x00, 0x00, 0x00, 0xF0, 0xBF, 0xFF, 0x00, 0x00, 0x00, 0x00, 0x00, 0xFD, 0xC7,
    0xBF, 0x00, 0x00, 0x00, 0x00, 0x80, 0xFF, 0xE0, 0x3F, 0x00, 0x00, 0x00, 0x00, 0xF0, 0x2F, 0xF4,
    0x1F, 0x00, 0x00, 0x00, 0x00, 0xFD, 0x07, 0xFC, 0x0B, 0x00, 0x00, 0x00, 0x80, 0xFF, 0x00, 0xFD,
    0x07, 0x00, 0x00, 0x00, 0xF0, 0x1F, 0x00, 0xFF, 0x02, 0x00, 0x00, 0x00, 0xFE, 0x03, 0x80, 0xFF,
    0x00, 0x00, 0x00, 0xC0, 0xBF, 0x00, 0xC0, 0x7F, 0x00, 0x00, 0x00, 0xF4, 0x1F, 0x00, 0xE0, 0x3F,
    0x00, 0x00, 0x00, 0xFE, 0x02, 0x00, 0xF4, 0x1F, 0x00, 0x00, 0xC0, 0x7F, 0x00, 0x00, 0xFC, 0x0B,
    0x00, 0x00, 0xF4, 0x0F, 0x00, 0x00, 0xFD, 0x03, 0x00, 0x00, 0xFF, 0x02, 0x00, 0x00, 0xFF, 0x02,
    0x00, 0xD0, 0x7F, 0x00, 0x00, 0x80, 0xFF, 0x00, 0x00, 0xF8, 0x0B, 0x00, 0x00, 0xC0, 0x7F, 0x00,
    0x00, 0xFF, 0x01, 0x00, 0x00, 0xE0, 0x2F, 0x00, 0xD0, 0x3F, 0x00, 0x00, 0x00, 0xF4, 0x1F, 0x00,
    0xF8, 0x0B, 0x00, 0x00, 0x00, 0xFC, 0x0B, 0x40, 0xFF, 0x01, 0x00, 0x00, 0x00, 0xFD, 0x03, 0xE0,
    0x2F, 0x00, 0x00, 0x00, 0x00, 0xFF, 0x01, 0xFC, 0x07, 0x00, 0x00, 0x00, 0x80, 0xFF, 0x40, 0xFF,
    0x00, 0x00, 0x00, 0x00, 0xC0, 0x7F, 0xE0, 0x2F, 0x00, 0x00, 0x00, 0x00, 0xE0, 0x2F, 0xFC, 0x07,
    0x00, 0x00, 0x00, 0x00, 0xF4, 0x4F, 0xBF, 0x00, 0x00, 0x00, 0x00, 0x00, 0xFC, 0xFB, 0x1F, 0x00,
    0x00, 0x00, 0x00, 0x00, 0xFD, 0xFF, 0x03, 0x00, 0x00, 0x00, 0x00, 0x00, 0xFF, 0xBF, 0x00, 0x00,
    0x00, 0x00, 0x00, 0x80, 0xFF, 0x1F, 0x00, 0x00, 0x00, 0x00, 0x00, 0xD0, 0xFF, 0x02, 0x00, 0x00,
    0x00, 0x00, 0x00, 0xE0, 0x7F, 0x00, 0x00, 0x00, 0x00, 0x00, 0x00, 0xF8, 0x0F, 0x00, 0x00, 0x00,
    0x00, 0x00, 0x00, 0xFF, 0x02, 0x00, 0x00, 0x00, 0x00, 0x00, 0xD0, 0x7F, 0x00, 0x00, 0x00, 0x00,
    0x00, 0x00, 0xF8, 0x0B, 0x00, 0x00, 0x00, 0x00, 0x00, 0x40, 0xFF, 0x01, 0x00, 0x00, 0x00, 0x00,
    0x00, 0xE0, 0x3F, 0x00, 0x00, 0x00, 0x00, 0x00, 0x00, 0xFC, 0x0B, 0x00, 0x00, 0x00, 0x00, 0x00,
    0x40, 0xFF, 0x01, 0x00, 0x00, 0x00, 0x00, 0x00, 0xF0, 0x2F, 0x00, 0x00, 0x00, 0x00, 0x00, 0x00,
    0xFD, 0x07, 0x00, 0x00, 0x00, 0x00, 0x00, 0x80, 0xFF, 0x00, 0x00, 0x00, 0x00, 0x00, 0x00, 0xF0,
    0x2F, 0x00, 0x00, 0x00, 0x00, 0x00, 0x00, 0xFE, 0x07, 0x00, 0x00, 0x00, 0x00, 0x00, 0xC0, 0xBF,
    0x00, 0x00, 0x00, 0x00, 0x00, 0x00, 0xF4, 0x1F, 0x00, 0x00, 0x00, 0x00, 0x00, 0x00, 0xFE, 0x03,
    0x00, 0x00, 0x00, 0x00,
    // Unicode: [0x007A, z]
    0xFC, 0xFF, 0xFF, 0xFF, 0xFF, 0x2F, 0xFC, 0xFF, 0xFF, 0xFF, 0xFF, 0x2F, 0xFC, 0xFF, 0xFF, 0xFF,
    0xFF, 0x2F, 0xA4, 0xAA, 0xAA, 0xAA, 0xFA, 0x2F, 0x00, 0x00, 0x00, 0x00, 0xF8, 0x0F, 0x00, 0x00,
    0x00, 0x00, 0xFD, 0x07, 0x00, 0x00, 0x00, 0x00, 0xFF, 0x02, 0x00, 0x00, 0x00, 0x80, 0xFF, 0x00,
    0x00, 0x00, 0x00, 0xD0, 0x7F, 0x00, 0x00, 0x00, 0x00, 0xF0, 0x2F, 0x00, 0x00, 0x00, 0x00, 0xF8,
    0x0F, 0x00, 0x00, 0x00, 0x00, 0xFD, 0x07, 0x00, 0x00, 0x00, 0x00, 0xFF, 0x02, 0x00, 0x00, 0x00,
    0x80, 0xFF, 0x00, 0x00, 0x00, 0x00, 0xD0, 0x7F, 0x00, 0x00, 0x00, 0x00, 0xF0, 0x2F, 0x00, 0x00,
    0x00, 0x00, 0xF8, 0x0F, 0x00, 0x00, 0x00, 0x00, 0xFD, 0x07, 0x00, 0x00, 0x00, 0x00, 0xFF, 0x02,
    0x00, 0x00, 0x00, 0x80, 0xFF, 0x00, 0x00, 0x00, 0x00, 0xD0, 0x7F, 0x00, 0x00, 0x00, 0x00, 0xF0,
    0x2F, 0x00, 0x00, 0x00, 0x00, 0xF8, 0x0F, 0x00, 0x00, 0x00, 0x00, 0xFD, 0x07, 0x00, 0x00, 0x00,
    0x00, 0xFF, 0x02, 0x00, 0x00, 0x00, 0x80, 0xFF, 0x00, 0x00, 0x00, 0x00, 0xD0, 0x7F, 0x00, 0x00,
    0x00, 0x00, 0xF0, 0x2F, 0x00, 0x00, 0x00, 0x00, 0xF8, 0x0B, 0x00, 0x00, 0x00, 0x00, 0xFD, 0xAB,
    0xAA, 0xAA, 0xAA, 0x6A, 0xFD, 0xFF, 0xFF, 0xFF, 0xFF, 0x7F, 0xFD, 0xFF, 0xFF, 0xFF, 0xFF, 0x7F,
    0xFD, 0xFF, 0xFF, 0xFF, 0xFF, 0x7F,
    // Unicode: [0x007B, braceleft]
    0x00, 0x00, 0x00, 0xFE, 0x02, 0x00, 0x00, 0xFF, 0x01, 0x00, 0x00, 0xFF, 0x01, 0x00, 0x00, 0xFE,
    0x01, 0x00, 0x00, 0xFE, 0x02, 0x00, 0x00, 0xFD, 0x03, 0x00, 0x00, 0xF8, 0x07, 0x00, 0x00, 0xF0,
    0x0F, 0x00, 0x00, 0xD0, 0x1F, 0x00, 0x00, 0x80, 0x3F, 0x00, 0x00, 0x00, 0xFF, 0x00, 0x00, 0x00,
    0xFC, 0x02, 0x00, 0x00, 0xF4, 0x0B, 0x00, 0x00, 0xD0, 0x2F, 0x00, 0x00, 0x40, 0xBF, 0x00, 0x00,
    0x00, 0xFD, 0x02, 0x00, 0x00, 0xF4, 0x0B, 0x00, 0x00, 0xC0, 0x3F, 0x00, 0x00, 0x00, 0xFF, 0x00,
    0x00, 0x00, 0xF8, 0x07, 0x00, 0x00, 0xE0, 0x1F, 0x00, 0x00, 0x40, 0xBF, 0x00, 0x00, 0x00, 0xFC,
    0x02, 0x00, 0x00, 0xF0, 0x0F, 0x00, 0x00, 0xC0, 0x3F, 0x00, 0x00, 0x00, 0xFF, 0x00, 0x00, 0x00,
    0xFC, 0x03, 0x00, 0x00, 0xF0, 0x0F, 0x00, 0x00, 0xC0, 0x2F, 0x00, 0x00, 0x40, 0x7F, 0x00, 0x00,
    0x00, 0xFF, 0x00, 0x00, 0x00, 0xFE, 0x02, 0x00, 0x00, 0xFE, 0x02, 0x00, 0x90, 0xFF, 0x02, 0x00,
    0xD0, 0xBF, 0x01, 0x00, 0x40, 0xBF, 0x01, 0x00, 0x00, 0xE4, 0x7F, 0x00, 0x00, 0x00, 0xFD, 0x0B,
    0x00, 0x00, 0x80, 0x7F, 0x00, 0x00, 0x00, 0xFC, 0x03, 0x00, 0x00, 0xE0, 0x1F, 0x00, 0x00, 0x40,
    0xBF, 0x00, 0x00, 0x00, 0xFC, 0x03, 0x00, 0x00, 0xF0, 0x0F, 0x00, 0x00, 0x80, 0x3F, 0x00, 0x00,
    0x00, 0xFF, 0x00, 0x00, 0x00, 0xFC, 0x03, 0x00, 0x00, 0xF0, 0x0B, 0x00, 0x00, 0xD0, 0x2F, 0x00,
    0x00, 0x40, 0x7F, 0x00, 0x00, 0x00, 0xFE, 0x01, 0x00, 0x00, 0xFC, 0x03, 0x00, 0x00, 0xF0, 0x0F,
    0x00, 0x00, 0xC0, 0x2F, 0x00, 0x00, 0x40, 0xBF, 0x00, 0x00, 0x00, 0xFD, 0x02, 0x00, 0x00, 0xF4,
    0x0B, 0x00, 0x00, 0xD0, 0x2F, 0x00, 0x00, 0x40, 0xBF, 0x00, 0x00, 0x00, 0xFC, 0x03, 0x00, 0x00,
    0xF0, 0x0F, 0x00, 0x00, 0x80, 0x7F, 0x00, 0x00, 0x00, 0xFD, 0x02, 0x00, 0x00, 0xE0, 0x1F, 0x00,
    0x00, 0x40, 0xBF, 0x00, 0x00, 0x00, 0xF8, 0x07, 0x00, 0x00, 0xC0, 0x7F, 0x00, 0x00, 0x00, 0xFD,
    0x03, 0x00, 0x00, 0xD0, 0x7F, 0x00, 0x00, 0x00, 0xFD, 0x07, 0x00, 0x00, 0x40, 0x15,
    // Unicode: [0x007C, bar]
    0xFF, 0xFD, 0xF7, 0xDF, 0x7F, 0xFF, 0xFD, 0xF7, 0xDF, 0x7F, 0xFF, 0xFD, 0xF7, 0xDF, 0x7F, 0xFF,
    0xFD, 0xF7, 0xDF, 0x7F, 0xFF, 0xFD, 0xF7, 0xDF, 0x7F, 0xFF, 0xFD, 0xF7, 0xDF, 0x7F, 0xFF, 0xFD,
    0xF7, 0xDF, 0x7F, 0xFF, 0xFD, 0xF7, 0xDF, 0x7F, 0xFF, 0xFD, 0xF7, 0xDF, 0x7F, 0xFF, 0xFD, 0xF7,
    0xDF, 0x7F, 0xFF, 0xFD, 0xF7, 0xDF, 0x7F, 0xFF, 0xFD, 0xF7, 0xDF, 0x7F, 0xFF, 0xFD, 0xF7, 0xDF,
    0x7F, 0xFF, 0x01,
    // Unicode: [0x007D, braceright]
    0x55, 0x00, 0x00, 0x00, 0xF4, 0x1F, 0x00, 0x00, 0x00, 0xFE, 0x02, 0x00, 0x00, 0xE0, 0x2F, 0x00,
    0x00, 0x00, 0xFF, 0x01, 0x00, 0x00, 0xF4, 0x0F, 0x00, 0x00, 0x80, 0xBF, 0x00, 0x00, 0x00, 0xFC,
    0x07, 0x00, 0x00, 0xE0, 0x2F, 0x00, 0x00, 0x00, 0xFF, 0x00, 0x00, 0x00, 0xFC, 0x07, 0x00, 0x00,
    0xE0, 0x1F, 0x00, 0x00, 0x40, 0xBF, 0x00, 0x00, 0x00, 0xFD, 0x02, 0x00, 0x00, 0xF4, 0x0B, 0x00,
    0x00, 0xD0, 0x2F, 0x00, 0x00, 0x40, 0xBF, 0x00, 0x00, 0x00, 0xFD, 0x02, 0x00, 0x00, 0xF8, 0x07,
    0x00, 0x00, 0xE0, 0x1F, 0x00, 0x00, 0xC0, 0x3F, 0x00, 0x00, 0x00, 0xFF, 0x00, 0x00, 0x00, 0xFD,
    0x02, 0x00, 0x00, 0xF4, 0x07, 0x00, 0x00, 0xE0, 0x1F, 0x00, 0x00, 0x80, 0x7F, 0x00, 0x00, 0x00,
    0xFE, 0x01, 0x00, 0x00, 0xF8, 0x07, 0x00, 0x00, 0xE0, 0x1F, 0x00, 0x00, 0x40, 0xBF, 0x00, 0x00,
    0x00, 0xFC, 0x03, 0x00, 0x00, 0xE0, 0x1F, 0x00, 0x00, 0x00, 0xFF, 0x01, 0x00, 0x00, 0xF4, 0x1F,
    0x00, 0x00, 0x00, 0xFE, 0x1B, 0x00, 0x00, 0x90, 0xBF, 0x00, 0x00, 0x80, 0xFF, 0x02, 0x00, 0xD0,
    0xBF, 0x01, 0x00, 0xD0, 0x7F, 0x00, 0x00, 0xD0, 0x3F, 0x00, 0x00, 0x80, 0x7F, 0x00, 0x00, 0x40,
    0xBF, 0x00, 0x00, 0x00, 0xFD, 0x02, 0x00, 0x00, 0xF8, 0x07, 0x00, 0x00, 0xE0, 0x1F, 0x00, 0x00,
    0x80, 0x7F, 0x00, 0x00, 0x00, 0xFE, 0x01, 0x00, 0x00, 0xF4, 0x07, 0x00, 0x00, 0xD0, 0x2F, 0x00,
    0x00, 0x00, 0xBF, 0x00, 0x00, 0x00, 0xFC, 0x03, 0x00, 0x00, 0xE0, 0x0F, 0x00, 0x00, 0x80, 0x7F,
    0x00, 0x00, 0x00, 0xFD, 0x01, 0x00, 0x00, 0xF4, 0x0B, 0x00, 0x00, 0xD0, 0x2F, 0x00, 0x00, 0x40,
    0xBF, 0x00, 0x00, 0x00, 0xFD, 0x02, 0x00, 0x00, 0xF4, 0x0B, 0x00, 0x00, 0xD0, 0x2F, 0x00, 0x00,
    0x80, 0x7F, 0x00, 0x00, 0x00, 0xFF, 0x00, 0x00, 0x00, 0xFD, 0x03, 0x00, 0x00, 0xF8, 0x07, 0x00,
    0x00, 0xF4, 0x0F, 0x00, 0x00, 0xE0, 0x2F, 0x00, 0x00, 0xD0, 0x3F, 0x00, 0x00, 0xC0, 0x7F, 0x00,
    0x00, 0xC0, 0x7F, 0x00, 0x00, 0xD0, 0x7F, 0x00, 0x00, 0xD0, 0x7F, 0x00, 0x00, 0x00,
    // Unicode: [0x007E, asciitilde]
    0x00, 0xE8, 0x1A, 0x00, 0x00, 0xF4, 0x03, 0xFE, 0xFF, 0x06, 0x00, 0xE0, 0x0B, 0xFE, 0xFF, 0xBF,
    0x00, 0xD0, 0x1F, 0xFD, 0xFF, 0xFF, 0x1F, 0xD0, 0x3F, 0xF8, 0x0B, 0xF4, 0xFF, 0xFF, 0xBF, 0xF4,
    0x0B, 0x00, 0xFE, 0xFF, 0xBF, 0xE0, 0x0F, 0x00, 0x90, 0xFF, 0xBF, 0x80, 0x2F, 0x00, 0x00, 0xE4,
    0x6F, 0x00
};
