# SleepLab epoch log, schema 2. One row per 30 s recording epoch.
# uptime_ms is device uptime and survives an app restart; wall_utc is the
# wall clock and can jump. Durations come from uptime, times of day from
# the wall clock, and -1 means not measured (never 0).
# Schema 2 adds the delivery and power columns the Tier 0 probe used to own,
# so one night can answer both what the wearer did and what the hardware did.
# They are absent, not zero, when the diagnostics setting is off.
uptime_ms,wall_utc,span_ms,count,peak,samples,motion,sig_motion,step_delta,hr_mean_x10,hr_min_x10,hr_samples,hr_source,worn_pct,worn_edges,batt_pct_x10,charging,rmssd_x10,sdnn_x10,rr_count,acc_batches,acc_max_gap_ms,touch_n,hr_trust_x10,hrex_opt,hrex_ext,hrex_unk,batt_mv,batt_ma_x10,batt_avg_ma_x10,batt_mah,wakes,msgs
37218,1787195819,30000,51603,9989,1375,2,4,-1,877,860,7,1,50,1,1000,0,-1,-1,0,143,45,2,11,27,0,0,-1,-1,-1,-1,219,217
67218,1787195849,30000,21612,6269,1375,0,0,0,780,650,29,1,100,0,1000,0,-1,-1,0,143,40,0,12,29,0,0,4356,0,-12,213,206,204
97218,1787195879,30000,41454,7882,1500,1,3,44,635,620,29,1,100,0,1000,0,-1,-1,0,156,40,0,10,29,0,0,4357,35,15,213,226,224
127219,1787195909,30001,49148,7530,1500,1,0,4,761,690,29,1,100,0,1000,0,-1,-1,0,156,40,0,11,29,0,0,4357,-6,-9,213,219,217
157218,1787195939,29999,26785,3184,1500,0,0,0,804,780,29,1,100,0,1000,0,-1,-1,0,156,21,0,11,29,0,0,4358,6,4,213,217,215
187220,1787195969,30002,21539,2565,1375,0,0,18,838,810,28,1,100,0,1000,0,-1,-1,0,143,21,0,11,28,0,0,4357,-35,-28,213,209,207
217219,1787195999,29999,22549,2108,1500,0,2,10,842,810,29,1,100,0,1000,0,-1,-1,0,156,21,0,9,29,0,0,4358,-21,-31,213,223,221
247218,1787196029,29999,23863,2261,1500,0,0,8,809,800,28,1,100,0,1000,0,-1,-1,0,156,21,0,15,28,0,0,4357,-50,-54,213,217,216
277219,1787196059,30001,21853,3126,1375,2,0,0,794,770,30,1,100,0,1000,0,-1,-1,0,143,45,0,13,30,0,0,4357,-14,-17,213,210,208
307218,1787196089,29999,42783,9581,1500,1,1,0,777,760,29,1,100,0,1000,0,-1,-1,0,156,40,0,14,29,0,0,4356,-14,-4,213,220,219
337219,1787196119,30001,72422,16319,1500,0,4,20,852,780,30,1,100,0,1000,0,-1,-1,0,156,21,0,11,30,0,0,4356,-21,-28,213,231,229
367219,1787196149,30000,49923,15129,1500,0,2,22,733,630,29,1,100,0,1000,0,-1,-1,0,156,40,0,11,29,0,0,4359,29,17,213,226,224
397218,1787196179,29999,13028,7108,1375,1,0,4,610,600,29,1,100,0,1000,0,-1,-1,0,143,40,0,20,29,0,0,4357,0,-17,213,207,206
427219,1787196209,30001,18649,10992,1375,2,0,0,611,600,29,1,100,0,1000,0,-1,-1,0,143,40,0,14,29,0,0,4356,-79,-53,213,207,205
457218,1787196239,29999,4410,2121,1500,1,0,0,608,590,30,1,100,0,1000,0,-1,-1,0,156,40,0,22,30,0,0,4357,0,-21,213,221,220
487218,1787196269,30000,18268,7226,1375,1,0,0,602,590,29,1,100,0,1000,0,-1,-1,0,143,40,0,22,29,0,0,4356,-6,-6,213,206,204
517218,1787196299,30000,18550,14503,1500,2,0,0,610,580,30,1,100,0,1000,0,-1,-1,0,156,40,0,20,30,0,0,4355,-50,-31,213,222,221
547218,1787196329,30000,1618,955,1375,1,0,0,644,610,30,1,100,0,1000,0,-1,-1,0,143,46,0,13,30,0,0,4357,-57,-4,213,208,206
577219,1787196359,30001,927,385,1500,0,0,0,597,580,30,1,100,0,1000,0,-1,-1,0,156,21,0,22,30,0,0,4356,6,-7,213,219,217
607218,1787196389,29999,1329,843,1500,1,0,0,607,570,29,1,100,0,1000,0,-1,-1,0,156,40,0,16,29,0,0,4357,-6,-9,213,219,217
637219,1787196419,30001,1117,611,1500,0,0,0,585,570,30,1,100,0,1000,0,-1,-1,0,156,21,0,17,30,0,0,4356,14,-4,213,219,217
667219,1787196449,30000,577,119,1500,0,0,0,641,590,30,1,100,0,999,0,-1,-1,0,156,40,0,16,30,0,0,4356,-50,-48,213,219,218
697220,1787196479,30001,1490,543,1375,0,0,0,673,590,30,1,100,0,999,0,-1,-1,0,143,21,0,15,30,0,0,4356,-35,-14,213,206,204
727218,1787196509,29998,1264,302,1500,0,0,0,589,580,30,1,100,0,999,0,-1,-1,0,156,21,0,22,30,0,0,4355,21,0,213,218,217
757218,1787196539,30000,2763,677,1500,1,0,0,601,590,29,1,100,0,999,0,-1,-1,0,156,40,0,27,29,0,0,4354,-107,-75,213,219,217
787218,1787196569,30000,22619,7119,1375,1,0,0,624,590,30,1,100,0,999,0,-1,-1,0,143,40,0,18,30,0,0,4356,50,18,213,208,206
817218,1787196599,30000,13051,9130,1500,1,0,0,621,580,29,1,100,0,1000,0,-1,-1,0,156,40,0,23,29,0,0,4355,-21,4,213,219,218
847219,1787196629,30001,293,46,1500,0,0,0,590,580,30,1,100,0,1000,0,-1,-1,0,156,21,0,30,30,0,0,4357,-14,-31,213,219,217
877219,1787196659,30000,228,31,1500,0,0,0,602,600,30,1,100,0,1000,0,-1,-1,0,156,21,0,30,30,0,0,4357,6,-3,213,219,217
907218,1787196689,29999,223,24,1500,0,0,0,610,610,30,1,100,0,1000,0,-1,-1,0,156,21,0,30,30,0,0,4356,57,21,213,219,217
937220,1787196719,30002,477,453,1375,0,0,0,603,600,30,1,100,0,1000,0,-1,-1,0,143,21,0,30,30,0,0,4356,-21,-35,213,206,204
967218,1787196749,29998,233,26,1500,0,0,0,601,600,29,1,100,0,1000,0,-1,-1,0,156,21,0,30,29,0,0,4355,-35,-23,213,217,215
997218,1787196779,30000,251,47,1500,0,0,0,608,600,30,1,100,0,1000,0,-1,-1,0,156,40,0,30,30,0,0,4355,-35,-29,213,219,217
1027218,1787196809,30000,213,21,1500,0,0,0,604,600,30,1,100,0,1000,0,-1,-1,0,156,21,0,30,30,0,0,4351,-159,-84,213,219,217
1057218,1787196839,30000,218,26,1500,0,0,0,600,600,30,1,100,0,1000,0,-1,-1,0,156,21,0,30,30,0,0,4356,0,-4,213,219,217
1087218,1787196869,30000,417,296,1500,0,0,0,602,600,30,1,100,0,1000,0,-1,-1,0,156,21,0,30,30,0,0,4355,21,29,213,219,217
1117218,1787196899,30000,231,26,1500,0,0,0,600,600,29,1,100,0,1000,0,-1,-1,0,156,21,0,30,29,0,0,4338,-562,-279,213,217,215
1147218,1787196929,30000,221,37,1500,0,0,0,599,590,30,1,100,0,1000,0,-1,-1,0,156,21,0,30,30,0,0,4356,21,20,213,219,217
1177219,1787196959,30001,209,21,1500,0,0,0,581,570,30,1,100,0,1000,0,-1,-1,0,156,21,0,30,30,0,0,4355,-35,-18,213,219,217
1207218,1787196989,29999,216,19,1500,0,0,0,577,570,30,1,100,0,1000,0,-1,-1,0,156,21,0,30,30,0,0,4355,65,21,213,218,217
1237218,1787197019,30000,15768,4555,1375,2,0,0,596,580,29,1,100,0,1000,0,-1,-1,0,143,42,0,25,29,0,0,4355,-42,-26,213,207,205
1267219,1787197049,30001,16003,5088,1375,1,0,0,652,610,30,1,100,0,1000,0,-1,-1,0,143,40,0,15,30,0,0,4354,14,-10,213,209,207
1297218,1787197079,29999,269,104,1500,0,0,0,596,590,30,1,100,0,1000,0,-1,-1,0,156,21,0,30,30,0,0,4356,6,17,213,219,217
1327218,1787197109,30000,205,19,1500,0,0,0,606,600,30,1,100,0,1000,0,-1,-1,0,156,21,0,30,30,0,0,4356,-14,-17,213,218,217
1357218,1787197139,30000,196,22,1500,0,0,0,610,600,30,1,100,0,1000,0,-1,-1,0,156,21,0,30,30,0,0,4352,6,-3,213,219,217
1387218,1787197169,30000,465,140,1500,0,0,0,616,610,29,1,100,0,1000,0,-1,-1,0,156,21,0,29,29,0,0,4355,71,37,213,217,215
1417219,1787197199,30001,199,19,1500,0,0,0,625,620,30,1,100,0,1000,0,-1,-1,0,156,21,0,30,30,0,0,4354,-6,-4,213,219,217
1447218,1787197229,29999,203,23,1500,0,0,0,615,610,30,1,100,0,1000,0,-1,-1,0,156,21,0,30,30,0,0,4354,-6,-9,213,219,217
1477218,1787197259,30000,212,22,1500,0,0,0,607,600,30,1,100,0,1000,0,-1,-1,0,156,40,0,30,30,0,0,4355,-6,7,213,219,217
1507218,1787197289,30000,223,34,1500,0,0,0,626,610,30,1,100,0,1000,0,-1,-1,0,156,21,0,30,30,0,0,4355,14,-1,213,219,217
1537218,1787197319,30000,194,18,1500,0,0,0,617,610,29,1,100,0,1000,0,-1,-1,0,156,21,0,30,29,0,0,4354,-6,10,213,217,215
1567219,1787197349,30001,201,20,1500,0,0,0,594,590,30,1,100,0,1000,0,-1,-1,0,156,21,0,30,30,0,0,4355,-14,-3,213,219,217
1597218,1787197379,29999,199,19,1500,0,0,0,592,590,30,1,100,0,999,0,-1,-1,0,156,21,0,30,30,0,0,4354,-35,-35,213,219,218
1627219,1787197409,30001,187,17,1500,0,0,0,599,590,30,1,100,0,999,0,-1,-1,0,156,21,0,30,30,0,0,4354,79,37,213,221,219
1657219,1787197439,30000,176,18,1375,0,0,0,613,600,29,1,100,0,999,0,-1,-1,0,143,21,0,30,29,0,0,4353,-21,-20,212,204,202
1687218,1787197469,29999,197,21,1500,0,0,0,614,600,30,1,100,0,999,0,-1,-1,0,156,21,0,30,30,0,0,4355,6,-32,212,219,217
1717218,1787197499,30000,208,21,1500,0,0,0,595,590,30,1,100,0,999,0,-1,-1,0,156,40,0,30,30,0,0,4356,-6,-25,212,219,217
1747218,1787197529,30000,222,39,1500,0,0,0,599,590,30,1,100,0,999,0,-1,-1,0,156,21,0,30,30,0,0,4354,-14,-18,212,218,217
1777218,1787197559,30000,202,21,1500,0,0,0,601,590,30,1,100,0,999,0,-1,-1,0,156,21,0,30,30,0,0,4354,-6,0,212,218,217
1807218,1787197589,30000,207,27,1500,0,0,0,601,600,29,1,100,0,999,0,-1,-1,0,156,21,0,30,29,0,0,4355,0,-6,212,217,215
1837218,1787197619,30000,210,33,1500,0,0,0,594,590,30,1,100,0,999,0,-1,-1,0,156,21,0,30,30,0,0,4354,0,-1,212,219,217
1867218,1787197649,30000,209,20,1500,0,0,0,594,590,30,1,100,0,999,0,-1,-1,0,156,21,0,30,30,0,0,4353,-50,-37,212,218,217
1897219,1787197679,30001,201,21,1500,0,0,0,603,600,30,1,100,0,999,0,-1,-1,0,156,21,0,30,30,0,0,4354,-35,-31,212,219,217
1927219,1787197709,30000,211,21,1500,0,0,0,600,590,29,1,100,0,1000,0,-1,-1,0,156,21,0,30,29,0,0,4353,-35,-6,212,218,216
1957218,1787197739,29999,205,19,1500,0,0,0,599,590,30,1,100,0,1000,0,-1,-1,0,156,40,0,30,30,0,0,4353,14,9,212,219,217
1987218,1787197769,30000,206,20,1500,0,0,0,601,590,30,1,100,0,1000,0,-1,-1,0,156,21,0,30,30,0,0,4353,29,18,212,219,217
2017218,1787197799,30000,246,42,1500,0,0,0,594,580,30,1,100,0,1000,0,-1,-1,0,156,21,0,30,30,0,0,4354,6,9,212,219,217
2047219,1787197829,30001,247,156,1500,0,0,0,592,590,30,1,100,0,1000,0,-1,-1,0,156,21,0,30,30,0,0,4354,-71,-56,212,219,217
2077218,1787197859,29999,204,22,1500,0,0,0,593,590,30,1,100,0,1000,0,-1,-1,0,156,21,0,30,30,0,0,4353,-50,-31,212,218,217
2107218,1787197889,30000,203,21,1500,0,0,0,591,590,29,1,100,0,1000,0,-1,-1,0,156,21,0,30,29,0,0,4355,21,4,212,217,215
2137218,1787197919,30000,515,804,1375,1,0,0,606,600,30,1,100,0,1000,0,-1,-1,0,143,40,0,30,30,0,0,4353,-65,-32,212,208,206
2167218,1787197949,30000,212,25,1500,0,0,0,598,590,30,1,100,0,1000,0,-1,-1,0,156,40,0,30,30,0,0,4354,35,21,212,218,217
2197218,1787197979,30000,205,23,1500,0,0,0,604,590,30,1,100,0,1000,0,-1,-1,0,156,40,0,30,30,0,0,4354,-21,-15,212,219,217
2227218,1787198009,30000,198,18,1500,0,0,0,607,600,29,1,100,0,1000,0,-1,-1,0,156,21,0,30,29,0,0,4353,50,20,212,217,215
2257218,1787198039,30000,200,19,1500,0,0,0,600,600,30,1,100,0,1000,0,-1,-1,0,156,21,0,30,30,0,0,4353,14,-34,212,218,217
2287218,1787198069,30000,203,25,1500,0,0,0,610,610,30,1,100,0,1000,0,-1,-1,0,156,21,0,30,30,0,0,4354,-50,-43,212,218,217
2317218,1787198099,30000,203,20,1500,0,0,0,602,600,30,1,100,0,1000,0,-1,-1,0,156,21,0,30,30,0,0,4353,-50,-45,212,218,217
2347219,1787198129,30001,200,20,1500,0,0,0,605,590,30,1,100,0,1000,0,-1,-1,0,156,21,0,30,30,0,0,4355,-6,9,212,219,217
2377219,1787198159,30000,187,20,1375,0,0,0,593,590,29,1,100,0,1000,0,-1,-1,0,143,21,0,30,29,0,0,4354,50,37,212,204,202
2407218,1787198189,29999,203,20,1500,0,0,0,594,580,30,1,100,0,1000,0,-1,-1,0,156,21,0,30,30,0,0,4355,-29,-54,212,219,217
2437218,1787198219,30000,204,19,1500,0,0,0,607,600,30,1,100,0,1000,0,-1,-1,0,156,40,0,30,30,0,0,4352,6,0,212,218,217
2467218,1787198249,30000,226,40,1500,0,0,0,603,590,30,1,100,0,1000,0,-1,-1,0,156,21,0,30,30,0,0,4355,21,-14,212,219,217
2497218,1787198279,30000,192,20,1500,0,0,0,605,600,30,1,100,0,1000,0,-1,-1,0,156,21,0,30,30,0,0,4353,-6,1,212,218,217
2527218,1787198309,30000,204,19,1500,0,0,0,612,610,29,1,100,0,1000,0,-1,-1,0,156,21,0,30,29,0,0,4355,-21,-3,212,216,215
2557218,1787198339,30000,198,19,1500,0,0,0,603,590,30,1,100,0,999,0,-1,-1,0,156,21,0,30,30,0,0,4354,57,21,212,220,218
2587218,1787198369,30000,198,22,1500,0,0,0,606,600,30,1,100,0,999,0,-1,-1,0,156,40,0,30,30,0,0,4351,-14,-14,212,219,217
2617218,1787198399,30000,190,20,1500,0,0,0,605,600,30,1,100,0,999,0,-1,-1,0,156,21,0,30,30,0,0,4344,-115,-57,212,219,217
2647218,1787198429,30000,180,18,1375,0,0,0,619,600,29,1,100,0,999,0,-1,-1,0,143,21,0,30,29,0,0,4352,-6,-1,212,204,202
2677218,1787198459,30000,25225,11855,1500,1,0,0,617,600,30,1,100,0,999,0,-1,-1,0,156,40,0,29,30,0,0,4353,-65,-39,212,221,219
2707218,1787198489,30000,10064,9674,1500,0,1,0,683,620,30,1,100,0,999,0,-1,-1,0,156,40,0,22,30,0,0,4354,-29,-25,212,221,220
2737218,1787198519,30000,708,855,1500,0,0,0,620,600,30,1,100,0,999,0,-1,-1,0,156,21,0,27,30,0,0,4354,-14,-20,212,218,217
2767218,1787198549,30000,281,26,1500,0,0,0,620,620,30,1,100,0,999,0,-1,-1,0,156,21,0,29,30,0,0,4353,-35,-54,212,219,217
2797219,1787198579,30001,266,26,1500,0,0,0,617,610,29,1,100,0,999,0,-1,-1,0,156,21,0,30,29,0,0,4355,6,4,212,217,215
2827218,1787198609,29999,271,28,1500,0,0,0,616,610,30,1,100,0,999,0,-1,-1,0,156,21,0,30,30,0,0,4353,0,-1,212,219,217
2857219,1787198639,30001,250,27,1375,0,0,0,612,610,30,1,100,0,999,0,-1,-1,0,143,21,0,30,30,0,0,4352,-14,-12,212,206,204
2887218,1787198669,29999,286,32,1500,0,0,0,608,590,30,1,100,0,999,0,-1,-1,0,156,21,0,30,30,0,0,4354,-6,-3,212,219,217
2917218,1787198699,30000,304,28,1500,0,0,0,603,600,29,1,100,0,1000,0,-1,-1,0,156,40,0,30,29,0,0,4353,65,26,212,218,216
2947218,1787198729,30000,290,26,1500,0,0,0,590,590,30,1,100,0,1000,0,-1,-1,0,156,21,0,30,30,0,0,4353,-14,-10,212,219,217
2977218,1787198759,30000,289,30,1500,0,0,0,591,580,30,1,100,0,1000,0,-1,-1,0,156,21,0,30,30,0,0,4352,-21,-7,212,218,217
3007218,1787198789,30000,284,33,1500,0,0,0,600,590,30,1,100,0,1000,0,-1,-1,0,156,21,0,30,30,0,0,4353,-29,-9,212,219,217
3037218,1787198819,30000,289,29,1500,0,0,0,595,590,30,1,100,0,1000,0,-1,-1,0,156,21,0,30,30,0,0,4352,6,-3,212,219,217
3067218,1787198849,30000,295,27,1500,0,0,0,594,590,30,1,100,0,1000,0,-1,-1,0,156,21,0,30,30,0,0,4353,-14,-29,212,219,217
3097220,1787198879,30002,294,25,1500,0,0,0,601,590,29,1,100,0,1000,0,-1,-1,0,156,21,0,30,29,0,0,4354,0,-14,212,217,215
3127218,1787198909,29998,291,28,1500,0,0,0,600,600,30,1,100,0,1000,0,-1,-1,0,156,21,0,30,30,0,0,4352,-28,-14,212,219,217
3157218,1787198939,30000,306,30,1500,0,0,0,605,600,30,1,100,0,1000,0,-1,-1,0,156,40,0,30,30,0,0,4354,14,-32,212,218,217
3187218,1787198969,30000,286,27,1500,0,0,0,600,590,30,1,100,0,1000,0,-1,-1,0,156,21,0,30,30,0,0,4353,21,3,212,218,217
3217218,1787198999,30000,300,28,1500,0,0,0,601,600,30,1,100,0,1000,0,-1,-1,0,156,21,0,30,30,0,0,4351,-14,-6,212,218,217
3247218,1787199029,30000,290,29,1500,0,0,0,602,600,29,1,100,0,1000,0,-1,-1,0,156,21,0,30,29,0,0,4352,-28,-12,212,217,215
3277218,1787199059,30000,301,48,1500,0,0,0,610,590,30,1,100,0,1000,0,-1,-1,0,156,21,0,27,30,0,0,4354,6,-4,212,219,217
3307218,1787199089,30000,251,27,1375,0,0,0,596,590,30,1,100,0,1000,0,-1,-1,0,143,21,0,30,30,0,0,4352,29,0,212,205,204
3337219,1787199119,30001,299,26,1500,0,0,0,602,590,30,1,100,0,1000,0,-1,-1,0,156,21,0,30,30,0,0,4351,-57,-29,212,219,217
3367218,1787199149,29999,282,26,1500,0,0,0,602,600,30,1,100,0,1000,0,-1,-1,0,156,21,0,30,30,0,0,4352,-35,-6,212,219,217
3397218,1787199179,30000,272,25,1500,0,0,0,604,600,29,1,100,0,999,0,-1,-1,0,156,21,0,30,29,0,0,4353,-6,-31,212,217,216
3427218,1787199209,30000,293,25,1500,0,0,0,602,600,30,1,100,0,999,0,-1,-1,0,156,21,0,28,30,0,0,4347,6,-29,211,219,217
3457218,1787199239,30000,299,33,1500,0,0,0,605,600,30,1,100,0,999,0,-1,-1,0,156,21,0,30,30,0,0,4351,35,9,211,219,217
3487218,1787199269,30000,295,27,1500,0,0,0,611,600,30,1,100,0,999,0,-1,-1,0,156,21,0,30,30,0,0,4352,-14,-6,211,219,217
3517219,1787199299,30001,295,29,1500,0,0,0,621,620,30,1,100,0,999,0,-1,-1,0,156,21,0,30,30,0,0,4353,-14,-29,211,219,217
3547219,1787199329,30000,296,27,1500,0,0,0,614,600,29,1,100,0,1000,0,-1,-1,0,156,21,0,27,29,0,0,4353,35,23,211,218,216
3577218,1787199359,29999,291,29,1500,0,0,0,605,600,30,1,100,0,1000,0,-1,-1,0,156,21,0,30,30,0,0,4353,0,-12,211,219,217
3607218,1787199389,30000,297,25,1500,0,0,0,619,610,30,1,100,0,1000,0,-1,-1,0,156,21,0,30,30,0,0,4352,0,-10,211,218,217
3637218,1787199419,30000,289,28,1500,0,0,0,616,610,30,1,100,0,1000,0,-1,-1,0,156,21,0,30,30,0,0,4352,-28,-17,211,219,217
3667219,1787199449,30001,294,27,1500,0,0,0,609,600,30,1,100,0,1000,0,-1,-1,0,156,21,0,30,30,0,0,4352,35,17,211,219,217
3697218,1787199479,29999,298,28,1500,0,0,0,602,600,29,1,100,0,1000,0,-1,-1,0,156,21,0,30,29,0,0,4352,-35,-15,211,217,215
3727219,1787199509,30001,285,30,1500,0,0,0,617,610,30,1,100,0,1000,0,-1,-1,0,156,21,0,28,30,0,0,4352,-64,-40,211,218,217
3757218,1787199539,29999,290,28,1500,0,0,0,610,600,30,1,100,0,1000,0,-1,-1,0,156,21,0,26,30,0,0,4351,29,10,211,218,217
3787219,1787199569,30001,277,32,1375,0,0,0,614,610,30,1,100,0,1000,0,-1,-1,0,143,21,0,30,30,0,0,4352,-50,-20,211,206,204
3817218,1787199599,29999,284,31,1500,0,0,0,613,610,30,1,100,0,1000,0,-1,-1,0,156,21,0,29,30,0,0,4350,-107,-75,211,218,217
3847219,1787199629,30001,307,30,1500,0,0,0,611,610,29,1,100,0,1000,0,-1,-1,0,156,40,0,30,29,0,0,4350,0,-6,211,217,215
3877218,1787199659,29999,296,36,1500,0,0,0,620,610,30,1,100,0,1000,0,-1,-1,0,156,21,0,30,30,0,0,4352,6,14,211,219,217
3907218,1787199689,30000,302,27,1500,0,0,0,613,600,30,1,100,0,1000,0,-1,-1,0,156,21,0,30,30,0,0,4351,-28,-20,211,219,217
3937218,1787199719,30000,291,29,1500,0,0,0,617,610,30,1,100,0,1000,0,-1,-1,0,156,21,0,30,30,0,0,4353,35,28,211,218,217
3967218,1787199749,30000,302,28,1500,0,0,0,609,600,30,1,100,0,1000,0,-1,-1,0,156,21,0,30,30,0,0,4351,35,14,211,219,217
3997218,1787199779,30000,290,26,1500,0,0,0,614,600,30,1,100,0,1000,0,-1,-1,0,156,21,0,28,30,0,0,4351,-28,-14,211,219,217
4027218,1787199809,30000,281,33,1500,0,0,0,614,610,29,1,100,0,1000,0,-1,-1,0,156,21,0,29,29,0,0,4352,-50,-48,211,217,215
4057218,1787199839,30000,295,31,1500,0,0,0,609,600,30,1,100,0,1000,0,-1,-1,0,156,21,0,30,30,0,0,4351,-14,-12,211,219,217
4087218,1787199869,30000,299,29,1500,0,0,0,600,600,30,1,100,0,1000,0,-1,-1,0,156,21,0,30,30,0,0,4351,21,6,211,219,217
4117219,1787199899,30001,318,73,1500,0,0,0,617,600,30,1,100,0,1000,0,-1,-1,0,156,21,0,28,30,0,0,4350,6,-4,211,219,217
4147218,1787199929,29999,289,31,1500,0,0,0,595,590,30,1,100,0,1000,0,-1,-1,0,156,21,0,30,30,0,0,4351,14,18,211,218,217
4177218,1787199959,30000,286,32,1500,0,0,0,604,600,29,1,100,0,1000,0,-1,-1,0,156,21,0,30,29,0,0,4350,21,-6,211,217,215
4207218,1787199989,30000,291,25,1500,0,0,0,610,600,30,1,100,0,1000,0,-1,-1,0,156,21,0,30,30,0,0,4349,-221,-117,211,219,217
4237218,1787200019,30000,256,28,1375,0,0,0,610,610,30,1,100,0,1000,0,-1,-1,0,143,21,0,30,30,0,0,4350,-28,-9,211,206,204
4267218,1787200049,30000,299,28,1500,0,0,0,618,610,30,1,100,0,1000,0,-1,-1,0,156,21,0,30,30,0,0,4353,0,-9,211,219,217
4297218,1787200079,30000,297,27,1500,0,0,0,620,620,30,1,100,0,1000,0,-1,-1,0,156,40,0,29,30,0,0,4352,0,-7,211,219,217
4327218,1787200109,30000,286,28,1500,0,0,0,632,620,29,1,100,0,1000,0,-1,-1,0,156,21,0,30,29,0,0,4351,0,-18,211,217,215
4357218,1787200139,30000,289,27,1500,0,0,0,621,620,30,1,100,0,1000,0,-1,-1,0,156,21,0,30,30,0,0,4351,-64,-42,211,219,217
4387219,1787200169,30001,275,29,1500,0,0,0,624,620,30,1,100,0,1000,0,-1,-1,0,156,21,0,30,30,0,0,4350,-21,0,211,219,217
4417218,1787200199,29999,350,86,1500,0,0,0,615,610,30,1,100,0,1000,0,-1,-1,0,156,21,0,30,30,0,0,4350,0,-1,211,219,217
4447219,1787200229,30001,285,29,1500,0,0,0,607,600,30,1,100,0,1000,0,-1,-1,0,156,40,0,30,30,0,0,4349,-6,-17,211,219,217
4477218,1787200259,29999,304,29,1500,0,0,0,615,600,29,1,100,0,999,0,-1,-1,0,156,21,0,30,29,0,0,4349,-214,-100,211,218,216
4507219,1787200289,30001,266,28,1375,0,0,0,598,590,30,1,100,0,999,0,-1,-1,0,143,40,0,30,30,0,0,4350,14,1,211,206,204
4537219,1787200319,30000,288,28,1500,0,0,0,617,610,30,1,100,0,999,0,-1,-1,0,156,21,0,30,30,0,0,4349,21,-20,211,219,217
4567218,1787200349,29999,276,28,1500,0,0,0,611,600,30,1,100,0,999,0,-1,-1,0,156,21,0,30,30,0,0,4350,-50,-37,211,219,217
4597218,1787200379,30000,281,27,1500,0,0,0,607,600,30,1,100,0,999,0,-1,-1,0,156,21,0,30,30,0,0,4350,28,25,211,219,217
4627218,1787200409,30000,281,27,1500,0,0,0,608,600,29,1,100,0,999,0,-1,-1,0,156,21,0,30,29,0,0,4351,-14,-28,211,217,215
4657218,1787200439,30000,293,31,1500,0,0,0,612,600,30,1,100,0,999,0,-1,-1,0,156,40,0,30,30,0,0,4348,-50,-46,211,219,217
4687218,1787200469,30000,283,26,1500,0,0,0,614,610,30,1,100,0,999,0,-1,-1,0,156,40,0,29,30,0,0,4350,-6,7,211,218,217
4717218,1787200499,30000,278,34,1500,0,0,0,616,610,30,1,100,0,999,0,-1,-1,0,156,21,0,30,30,0,0,4350,-79,-7,211,219,217
4747218,1787200529,30000,289,29,1500,0,0,0,612,610,30,1,100,0,999,0,-1,-1,0,156,21,0,30,30,0,0,4351,-21,-23,211,219,217
4777218,1787200559,30000,275,24,1500,0,0,0,606,600,29,1,100,0,999,0,-1,-1,0,156,21,0,30,29,0,0,4350,-14,-7,211,216,215
4807218,1787200589,30000,287,30,1500,0,0,0,615,600,30,1,100,0,999,0,-1,-1,0,156,21,0,29,30,0,0,4349,-64,-28,211,219,217
4837218,1787200619,30000,247,26,1375,0,0,0,610,610,30,1,100,0,999,0,-1,-1,0,143,21,0,30,30,0,0,4349,-21,-43,211,205,204
4867218,1787200649,30000,269,28,1500,0,0,0,603,600,30,1,100,0,999,0,-1,-1,0,156,21,0,30,30,0,0,4351,-157,-82,211,219,217
4897218,1787200679,30000,285,26,1500,0,0,0,608,600,30,1,100,0,999,0,-1,-1,0,156,40,0,30,30,0,0,4350,0,-15,211,219,217
4927218,1787200709,30000,272,25,1500,0,0,0,611,600,29,1,100,0,999,0,-1,-1,0,156,21,0,29,29,0,0,4351,50,14,211,217,215
4957218,1787200739,30000,265,27,1500,0,0,0,607,600,30,1,100,0,999,0,-1,-1,0,156,21,0,30,30,0,0,4348,0,-15,211,219,217
4987218,1787200769,30000,273,25,1500,0,0,0,612,600,30,1,100,0,1000,0,-1,-1,0,156,21,0,30,30,0,0,4350,0,-4,211,219,218
5017218,1787200799,30000,274,27,1500,0,0,0,612,610,30,1,100,0,1000,0,-1,-1,0,156,21,0,30,30,0,0,4349,28,15,211,218,217
5047219,1787200829,30001,276,27,1500,0,0,0,618,610,30,1,100,0,1000,0,-1,-1,0,156,21,0,30,30,0,0,4351,-28,-14,211,219,217
5077218,1787200859,29999,275,29,1500,0,0,0,613,600,29,1,100,0,1000,0,-1,-1,0,156,21,0,30,29,0,0,4351,6,6,211,216,215
5107218,1787200889,30000,273,25,1500,0,0,0,623,610,30,1,100,0,1000,0,-1,-1,0,156,40,0,29,30,0,0,4350,6,-1,211,219,217
5137218,1787200919,30000,274,28,1500,0,0,0,613,610,30,1,100,0,1000,0,-1,-1,0,156,21,0,30,30,0,0,4349,-14,-6,211,218,217
5167218,1787200949,30000,271,24,1500,0,0,0,613,610,30,1,100,0,1000,0,-1,-1,0,156,21,0,30,30,0,0,4348,6,6,211,218,217
5197218,1787200979,30000,273,25,1500,0,0,0,617,610,30,1,100,0,1000,0,-1,-1,0,156,21,0,30,30,0,0,4349,0,-4,211,219,217
5227218,1787201009,30000,267,28,1500,0,0,0,619,610,29,1,100,0,1000,0,-1,-1,0,156,21,0,30,29,0,0,4349,-14,-14,211,217,215
5257219,1787201039,30001,250,26,1375,0,0,0,619,610,30,1,100,0,1000,0,-1,-1,0,143,21,0,28,30,0,0,4351,28,-7,211,206,204
5287218,1787201069,29999,281,26,1500,0,0,0,620,620,30,1,100,0,1000,0,-1,-1,0,156,21,0,30,30,0,0,4348,0,-3,211,219,217
5317219,1787201099,30001,278,26,1500,0,0,0,614,610,30,1,100,0,1000,0,-1,-1,0,156,40,0,30,30,0,0,4351,-64,-57,211,219,217
5347218,1787201129,29999,274,25,1500,0,0,0,620,610,30,1,100,0,1000,0,-1,-1,0,156,21,0,30,30,0,0,4350,-42,-26,211,218,217
5377218,1787201159,30000,264,26,1500,0,0,0,619,610,29,1,100,0,1000,0,-1,-1,0,156,21,0,30,29,0,0,4348,14,-3,211,217,215
5407218,1787201189,30000,4435,5245,1500,1,0,0,619,610,30,1,100,0,999,0,-1,-1,0,156,40,0,28,30,0,0,4348,-64,-57,210,221,219
5437219,1787201219,30001,1966,2608,1500,0,0,0,699,640,30,1,100,0,999,0,-1,-1,0,156,40,0,21,30,0,0,4350,35,9,210,220,218
5467219,1787201249,30000,503,96,1375,0,0,0,627,610,29,1,100,0,999,0,-1,-1,0,143,21,0,25,29,0,0,4348,-6,-6,210,204,202
5497218,1787201279,29999,352,33,1500,0,0,0,585,580,30,1,100,0,999,0,-1,-1,0,156,21,0,30,30,0,0,4349,14,6,210,219,217
5527219,1787201309,30001,402,46,1500,0,0,0,596,590,30,1,100,0,999,0,-1,-1,0,156,40,0,26,30,0,0,4348,-14,-25,210,219,217
5557218,1787201339,29999,365,36,1500,0,0,0,601,600,30,1,100,0,999,0,-1,-1,0,156,21,0,30,30,0,0,4348,6,-3,210,219,217
5587218,1787201369,30000,382,34,1500,0,0,0,597,590,30,1,100,0,999,0,-1,-1,0,156,21,0,28,30,0,0,4347,-79,-37,210,219,217
5617218,1787201399,30000,428,38,1500,0,0,0,595,590,29,1,100,0,1000,0,-1,-1,0,156,21,0,30,29,0,0,4348,-92,-42,210,217,216
5647218,1787201429,30000,400,41,1500,0,0,0,600,600,30,1,100,0,1000,0,-1,-1,0,156,21,0,30,30,0,0,4347,-42,-39,210,218,217
5677219,1787201459,30001,383,36,1500,0,0,0,600,590,30,1,100,0,1000,0,-1,-1,0,156,21,0,30,30,0,0,4349,-50,-23,210,219,217
5707218,1787201489,29999,359,36,1500,0,0,0,603,600,30,1,100,0,1000,0,-1,-1,0,156,21,0,30,30,0,0,4349,-71,-29,210,219,217
5737219,1787201519,30001,346,33,1375,0,0,0,615,590,29,1,100,0,1000,0,-1,-1,0,143,40,0,27,29,0,0,4348,0,-4,210,204,202
5767218,1787201549,29999,350,34,1500,0,0,0,593,580,30,1,100,0,1000,0,-1,-1,0,156,21,0,29,30,0,0,4348,-35,-18,210,219,217
5797219,1787201579,30001,382,37,1500,0,0,0,603,590,30,1,100,0,1000,0,-1,-1,0,156,21,0,28,30,0,0,4348,43,7,210,219,217
5827218,1787201609,29999,422,39,1500,0,0,0,612,600,30,1,100,0,1000,0,-1,-1,0,156,21,0,30,30,0,0,4348,-6,-4,210,219,217
5857218,1787201639,30000,403,38,1500,0,0,0,605,600,30,1,100,0,1000,0,-1,-1,0,156,21,0,30,30,0,0,4348,-6,-20,210,219,217
5887218,1787201669,30000,363,37,1500,0,0,0,600,590,29,1,100,0,1000,0,-1,-1,0,156,21,0,30,29,0,0,4348,-56,-35,210,217,215
5917218,1787201699,30000,401,38,1500,0,0,0,615,590,30,1,100,0,1000,0,-1,-1,0,156,21,0,28,30,0,0,4349,6,0,210,219,217
5947218,1787201729,30000,352,33,1500,0,0,0,614,600,30,1,100,0,1000,0,-1,-1,0,156,21,0,30,30,0,0,4348,-78,-50,210,219,217
5977218,1787201759,30000,464,127,1500,0,0,0,607,600,30,1,100,0,1000,0,-1,-1,0,156,21,0,29,30,0,0,4350,56,-18,210,218,217
6007218,1787201789,30000,387,37,1500,0,0,0,604,590,30,1,100,0,1000,0,-1,-1,0,156,21,0,30,30,0,0,4347,-28,-4,210,219,217
6037218,1787201819,30000,374,36,1500,0,0,0,597,590,29,1,100,0,1000,0,-1,-1,0,156,21,0,29,29,0,0,4349,43,-20,210,217,215
6067218,1787201849,30000,433,73,1500,0,0,0,610,590,30,1,100,0,1000,0,-1,-1,0,156,21,0,29,30,0,0,4348,71,23,210,219,217
6097218,1787201879,30000,386,51,1500,0,0,0,589,580,30,1,100,0,1000,0,-1,-1,0,156,21,0,29,30,0,0,4348,-6,-10,210,218,217
6127218,1787201909,30000,348,34,1375,0,0,0,584,580,30,1,100,0,1000,0,-1,-1,0,143,40,0,30,30,0,0,4349,-14,-9,210,206,204
6157218,1787201939,30000,389,39,1500,0,0,0,590,590,30,1,100,0,1000,0,-1,-1,0,156,21,0,30,30,0,0,4347,-28,-42,210,218,217
6187218,1787201969,30000,374,39,1500,0,0,0,595,580,29,1,100,0,1000,0,-1,-1,0,156,21,0,25,29,0,0,4347,-106,-71,210,217,215
6217218,1787201999,30000,389,38,1500,0,0,0,591,570,30,1,100,0,1000,0,-1,-1,0,156,21,0,25,30,0,0,4348,-28,-34,210,219,217
6247218,1787202029,30000,371,38,1500,0,0,0,606,600,30,1,100,0,1000,0,-1,-1,0,156,21,0,25,30,0,0,4347,-28,-45,210,218,217
6277218,1787202059,30000,427,73,1500,0,0,0,605,590,30,1,100,0,1000,0,-1,-1,0,156,21,0,29,30,0,0,4346,-21,-21,210,218,217
6307218,1787202089,30000,374,35,1500,0,0,0,600,580,30,1,100,0,999,0,-1,-1,0,156,21,0,30,30,0,0,4347,-70,-32,210,220,218
6337218,1787202119,30000,390,35,1500,0,0,0,600,590,29,1,100,0,999,0,-1,-1,0,156,21,0,30,29,0,0,4346,28,-1,210,217,215
6367218,1787202149,30000,503,273,1500,0,0,0,591,570,30,1,100,0,999,0,-1,-1,0,156,40,0,29,30,0,0,4347,-14,-15,210,219,217
6397219,1787202179,30001,15839,9400,1375,1,1,0,647,570,30,1,100,0,999,0,-1,-1,0,143,40,0,24,30,0,0,4344,-6,-14,210,211,209
6427218,1787202209,29999,356,39,1500,0,0,0,679,560,30,1,100,0,999,0,-1,-1,0,156,21,0,17,30,0,0,4347,28,18,210,218,217
6457219,1787202239,30001,337,35,1500,0,0,0,567,560,29,1,100,0,999,0,-1,-1,0,156,21,0,30,29,0,0,4348,-78,-42,210,217,215
6487218,1787202269,29999,311,34,1500,0,0,0,589,580,30,1,100,0,999,0,-1,-1,0,156,21,0,30,30,0,0,4348,-21,-20,210,219,217
6517218,1787202299,30000,329,36,1500,0,0,0,586,570,30,1,100,0,999,0,-1,-1,0,156,40,0,28,30,0,0,4348,35,6,210,218,217
6547218,1787202329,30000,311,35,1500,0,0,0,601,590,30,1,100,0,999,0,-1,-1,0,156,21,0,21,30,0,0,4348,-14,-21,210,219,217
6577218,1787202359,30000,357,94,1375,1,1,0,593,580,29,1,100,0,999,0,-1,-1,0,143,40,0,26,29,0,0,4346,-6,12,210,207,205
6607218,1787202389,30000,329,57,1500,0,0,0,582,570,30,1,100,0,1000,0,-1,-1,0,156,21,0,30,30,0,0,4346,-48,-23,210,219,218
6637218,1787202419,30000,353,36,1500,0,0,0,606,600,30,1,100,0,1000,0,-1,-1,0,156,21,0,28,30,0,0,4347,43,35,210,218,217
6667219,1787202449,30001,332,37,1500,0,0,0,592,580,30,1,100,0,1000,0,-1,-1,0,156,21,0,30,30,0,0,4348,-21,-20,210,219,217
6697218,1787202479,29999,333,35,1500,0,0,0,603,600,29,1,100,0,1000,0,-1,-1,0,156,21,0,30,29,0,0,4347,-6,-12,210,217,215
6727218,1787202509,30000,328,31,1500,0,0,0,607,600,30,1,100,0,1000,0,-1,-1,0,156,21,0,26,30,0,0,4347,-28,-9,210,219,217
6757218,1787202539,30000,305,33,1500,0,0,0,601,590,30,1,100,0,1000,0,-1,-1,0,156,21,0,28,30,0,0,4347,-35,-18,210,219,217
6787218,1787202569,30000,346,37,1500,0,0,0,603,590,30,1,100,0,1000,0,-1,-1,0,156,21,0,30,30,0,0,4347,-14,-12,210,219,217
6817218,1787202599,30000,4456,3168,1500,1,0,0,625,610,29,1,100,0,1000,0,-1,-1,0,156,40,0,24,29,0,0,4346,28,14,210,219,217
6847218,1787202629,30000,386,44,1500,0,0,0,587,570,30,1,100,0,1000,0,-1,-1,0,156,21,0,30,30,0,0,4347,-92,-73,210,219,217
6877219,1787202659,30001,438,47,1375,0,0,0,596,580,30,1,100,0,1000,0,-1,-1,0,143,21,0,27,30,0,0,4347,6,4,210,206,204
6907218,1787202689,29999,403,50,1500,0,0,0,591,580,30,1,100,0,1000,0,-1,-1,0,156,21,0,29,30,0,0,4347,-14,-3,210,219,217
6937218,1787202719,30000,478,46,1500,0,0,0,591,590,30,1,100,0,1000,0,-1,-1,0,156,21,0,28,30,0,0,4347,6,-28,210,218,217
6967218,1787202749,30000,403,50,1500,0,0,0,602,580,29,1,100,0,1000,0,-1,-1,0,156,21,0,28,29,0,0,4347,21,14,210,217,215
6997218,1787202779,30000,418,39,1500,0,0,0,589,580,30,1,100,0,1000,0,-1,-1,0,156,21,0,30,30,0,0,4347,-21,-6,210,219,217
7027218,1787202809,30000,6441,4602,1500,1,0,0,603,590,30,1,100,0,1000,0,-1,-1,0,156,40,0,24,30,0,0,4346,-21,-14,210,221,219
7057218,1787202839,30000,505,101,1500,0,0,0,589,580,30,1,100,0,1000,0,-1,-1,0,156,21,0,28,30,0,0,4345,-100,-57,210,219,217
7087219,1787202869,30001,584,408,1375,0,0,0,598,590,29,1,100,0,1000,0,-1,-1,0,143,21,0,30,29,0,0,4346,-28,0,210,204,202
7117218,1787202899,29999,393,43,1500,0,0,0,598,590,30,1,100,0,1000,0,-1,-1,0,156,21,0,28,30,0,0,4347,-14,-14,210,219,217
7147218,1787202929,30000,390,42,1500,0,0,0,589,580,30,1,100,0,1000,0,-1,-1,0,156,21,0,30,30,0,0,4348,-35,-62,210,218,217
7177218,1787202959,30000,491,52,1500,0,0,0,587,580,30,1,100,0,1000,0,-1,-1,0,156,21,0,30,30,0,0,4348,0,-18,210,218,217
7207218,1787202989,30000,505,49,1500,0,0,0,585,580,30,1,100,0,1000,0,-1,-1,0,156,21,0,30,30,0,0,4347,6,-10,210,218,217
7237218,1787203019,30000,427,44,1500,0,0,0,594,590,29,1,100,0,1000,0,-1,-1,0,156,21,0,30,29,0,0,4347,-35,-25,210,217,215
7267218,1787203049,30000,492,50,1500,0,0,0,599,590,30,1,100,0,1000,0,-1,-1,0,156,21,0,30,30,0,0,4346,6,3,210,218,217
7297219,1787203079,30001,483,53,1500,0,0,0,599,590,30,1,100,0,1000,0,-1,-1,0,156,21,0,30,30,0,0,4347,14,10,210,219,217
7327218,1787203109,29999,466,47,1500,0,0,0,600,590,30,1,100,0,1000,0,-1,-1,0,156,21,0,30,30,0,0,4346,14,10,210,219,217
7357218,1787203139,30000,482,53,1500,0,0,0,591,590,30,1,100,0,1000,0,-1,-1,0,156,40,0,30,30,0,0,4344,-14,-28,210,219,217
7387218,1787203169,30000,569,51,1500,0,0,0,590,590,29,1,100,0,1000,0,-1,-1,0,156,21,0,30,29,0,0,4345,14,-4,210,217,215
7417218,1787203199,30000,3908,4179,1375,1,0,0,625,590,30,1,100,0,1000,0,-1,-1,0,143,40,0,22,30,0,0,4345,28,6,210,208,206
7447218,1787203229,30000,375,123,1500,0,0,0,587,570,30,1,100,0,1000,0,-1,-1,0,156,21,0,27,30,0,0,4346,-14,-7,210,219,217
7477219,1787203259,30001,342,33,1500,0,0,0,585,580,30,1,100,0,1000,0,-1,-1,0,156,21,0,30,30,0,0,4347,21,-20,210,219,217
7507219,1787203289,30000,323,32,1500,0,0,0,603,590,30,1,100,0,1000,0,-1,-1,0,156,21,0,30,30,0,0,4344,43,0,210,219,217
7537219,1787203319,30000,339,33,1500,0,0,0,593,590,29,1,100,0,1000,0,-1,-1,0,156,21,0,28,29,0,0,4346,-42,-25,210,217,215
7567218,1787203349,29999,379,52,1500,0,0,0,593,580,30,1,100,0,1000,0,-1,-1,0,156,21,0,30,30,0,0,4346,-28,-18,210,218,217
7597218,1787203379,30000,317,35,1500,0,0,0,588,580,30,1,100,0,999,0,-1,-1,0,156,21,0,30,30,0,0,4346,-114,-39,209,220,218
7627218,1787203409,30000,340,36,1500,0,0,0,586,580,30,1,100,0,999,0,-1,-1,0,156,21,0,30,30,0,0,4346,14,12,209,219,217
7657218,1787203439,30000,333,34,1500,0,0,0,584,580,29,1,100,0,999,0,-1,-1,0,156,21,0,30,29,0,0,4347,21,4,209,217,215
7687218,1787203469,30000,325,29,1500,0,0,0,588,580,30,1,100,0,999,0,-1,-1,0,156,21,0,30,30,0,0,4345,-28,-29,209,218,217
7717218,1787203499,30000,347,141,1500,0,0,0,596,580,30,1,100,0,999,0,-1,-1,0,156,21,0,29,30,0,0,4344,14,3,209,218,217
7747218,1787203529,30000,1564,865,1500,0,0,0,580,560,30,1,100,0,999,0,-1,-1,0,156,21,0,27,30,0,0,4345,-56,-23,209,219,217
7777218,1787203559,30000,472,55,1375,0,0,0,570,560,30,1,100,0,999,0,-1,-1,0,143,40,0,30,30,0,0,4345,-6,-15,209,206,204
7807218,1787203589,30000,469,52,1500,0,0,0,567,560,29,1,100,0,999,0,-1,-1,0,156,21,0,28,29,0,0,4346,-14,-1,209,217,215
7837218,1787203619,30000,508,49,1500,0,0,0,579,570,30,1,100,0,999,0,-1,-1,0,156,21,0,30,30,0,0,4346,-21,-21,209,219,217
7867218,1787203649,30000,548,57,1500,0,0,0,580,570,30,1,100,0,999,0,-1,-1,0,156,21,0,30,30,0,0,4347,-35,-10,209,219,217
7897218,1787203679,30000,418,42,1500,0,0,0,579,570,30,1,100,0,999,0,-1,-1,0,156,21,0,30,30,0,0,4344,-56,-31,209,219,217
7927218,1787203709,30000,450,50,1500,0,0,0,578,570,30,1,100,0,999,0,-1,-1,0,156,21,0,30,30,0,0,4345,-14,-25,209,219,217
7957218,1787203739,30000,505,61,1500,0,0,0,584,580,29,1,100,0,999,0,-1,-1,0,156,21,0,30,29,0,0,4347,-14,-4,209,216,215
7987218,1787203769,30000,451,50,1500,0,0,0,579,570,30,1,100,0,999,0,-1,-1,0,156,40,0,30,30,0,0,4346,28,10,209,218,217
8017218,1787203799,30000,513,50,1500,0,0,0,593,580,30,1,100,0,1000,0,-1,-1,0,156,21,0,30,30,0,0,4344,-14,-32,209,220,218
8047218,1787203829,30000,493,51,1500,0,0,0,578,570,30,1,100,0,1000,0,-1,-1,0,156,21,0,30,30,0,0,4343,14,12,209,218,217
8077218,1787203859,30000,468,46,1500,0,0,0,570,570,30,1,100,0,1000,0,-1,-1,0,156,21,0,29,30,0,0,4346,6,0,209,219,217
8107218,1787203889,30000,496,50,1500,0,0,0,577,570,29,1,100,0,1000,0,-1,-1,0,156,21,0,30,29,0,0,4345,-28,-4,209,217,215
8137218,1787203919,30000,508,45,1500,0,0,0,585,580,30,1,100,0,1000,0,-1,-1,0,156,21,0,30,30,0,0,4344,57,26,209,219,217
8167218,1787203949,30000,443,44,1500,0,0,0,588,580,30,1,100,0,1000,0,-1,-1,0,156,21,0,30,30,0,0,4345,-42,-31,209,219,217
8197218,1787203979,30000,518,50,1500,0,0,0,588,580,30,1,100,0,1000,0,-1,-1,0,156,21,0,30,30,0,0,4345,-6,1,209,219,217
8227218,1787204009,30000,490,50,1500,0,0,0,586,580,30,1,100,0,1000,0,-1,-1,0,156,21,0,30,30,0,0,4345,-35,-20,209,218,217
8257218,1787204039,30000,421,56,1500,0,0,0,570,560,29,1,100,0,1000,0,-1,-1,0,156,21,0,30,29,0,0,4346,-28,-1,209,217,215
8287218,1787204069,30000,530,61,1375,0,0,0,571,560,30,1,100,0,1000,0,-1,-1,0,143,40,0,30,30,0,0,4345,-6,10,209,206,204
8317218,1787204099,30000,10230,6912,1500,1,0,0,632,590,30,1,100,0,1000,0,-1,-1,0,156,40,0,24,30,0,0,4345,50,32,209,221,219
8347219,1787204129,30001,215,21,1500,0,0,0,631,580,30,1,100,0,1000,0,-1,-1,0,156,21,0,28,30,0,0,4345,0,-15,209,219,217
8377219,1787204159,30000,228,22,1500,0,0,0,579,570,29,1,100,0,1000,0,-1,-1,0,156,21,0,30,29,0,0,4344,-28,-4,209,217,215
8407219,1787204189,30000,208,25,1375,0,0,0,598,590,30,1,100,0,1000,0,-1,-1,0,143,40,0,30,30,0,0,4346,14,-1,209,206,204
8437219,1787204219,30000,218,21,1500,0,0,0,617,600,30,1,100,0,1000,0,-1,-1,0,156,21,0,29,30,0,0,4345,0,18,209,219,217
8467218,1787204249,29999,223,26,1500,0,0,0,620,610,30,1,100,0,1000,0,-1,-1,0,156,21,0,30,30,0,0,4344,28,-12,209,219,217
8497219,1787204279,30001,228,25,1500,0,0,0,630,620,30,1,100,0,1000,0,-1,-1,0,156,21,0,30,30,0,0,4344,28,-12,209,218,216
8527218,1787204309,29999,291,89,1500,0,0,0,617,610,29,1,100,0,1000,0,-1,-1,0,156,21,0,28,29,0,0,4346,14,-4,209,217,215
8557218,1787204339,30000,232,24,1500,0,0,0,624,610,30,1,100,0,1000,0,-1,-1,0,156,21,0,30,30,0,0,4346,-21,-18,209,218,217
8587218,1787204369,30000,213,22,1500,0,0,0,614,600,30,1,100,0,1000,0,-1,-1,0,156,21,0,30,30,0,0,4346,-6,-14,209,218,217
8617218,1787204399,30000,231,20,1500,0,0,0,612,610,30,1,100,0,1000,0,-1,-1,0,156,40,0,30,30,0,0,4345,6,-40,209,219,217
8647218,1787204429,30000,223,24,1500,0,0,0,617,610,30,1,100,0,1000,0,-1,-1,0,156,21,0,23,30,0,0,4344,28,12,209,218,217
8677218,1787204459,30000,226,21,1500,0,0,0,614,610,29,1,100,0,1000,0,-1,-1,0,156,21,0,30,29,0,0,4345,-28,-10,209,217,215
8707218,1787204489,30000,221,21,1500,0,0,0,622,620,30,1,100,0,1000,0,-1,-1,0,156,21,0,30,30,0,0,4343,21,-25,209,219,217
8737218,1787204519,30000,222,22,1500,0,0,0,625,610,30,1,100,0,1000,0,-1,-1,0,156,21,0,30,30,0,0,4344,28,28,209,218,217
8767218,1787204549,30000,202,22,1375,0,0,0,613,600,30,1,100,0,1000,0,-1,-1,0,143,21,0,30,30,0,0,4343,6,-12,209,205,204
8797218,1787204579,30000,227,21,1500,0,0,0,620,610,30,1,100,0,1000,0,-1,-1,0,156,21,0,28,30,0,0,4344,14,-1,209,219,217
8827218,1787204609,30000,227,21,1500,0,0,0,612,600,29,1,100,0,1000,0,-1,-1,0,156,40,0,30,29,0,0,4344,28,9,209,216,215
8857219,1787204639,30001,219,21,1500,0,0,0,625,620,30,1,100,0,1000,0,-1,-1,0,156,21,0,30,30,0,0,4345,21,-6,209,219,217
8887218,1787204669,29999,221,19,1500,0,0,0,614,610,30,1,100,0,1000,0,-1,-1,0,156,21,0,28,30,0,0,4343,-6,-6,209,219,217
8917218,1787204699,30000,227,22,1500,0,0,0,608,590,30,1,100,0,1000,0,-1,-1,0,156,21,0,26,30,0,0,4345,14,21,209,218,217
8947218,1787204729,30000,223,24,1500,0,0,0,599,590,30,1,100,0,1000,0,-1,-1,0,156,21,0,30,30,0,0,4344,35,21,209,219,217
8977218,1787204759,30000,224,28,1500,0,0,0,611,600,29,1,100,0,1000,0,-1,-1,0,156,21,0,30,29,0,0,4332,-298,-140,209,217,215
9007218,1787204789,30000,223,26,1500,0,0,0,599,590,30,1,100,0,999,0,-1,-1,0,156,21,0,30,30,0,0,4344,-35,-31,209,219,218
9037218,1787204819,30000,231,22,1500,0,0,0,618,610,30,1,100,0,999,0,-1,-1,0,156,40,0,29,30,0,0,4344,-6,-28,209,218,217
9067218,1787204849,30000,236,23,1500,0,0,0,618,610,30,1,100,0,999,0,-1,-1,0,156,21,0,30,30,0,0,4336,-185,-104,209,219,217
9097218,1787204879,30000,219,22,1500,0,0,0,602,590,30,1,100,0,999,0,-1,-1,0,156,21,0,30,30,0,0,4344,-42,-25,209,218,217
9127218,1787204909,30000,217,21,1500,0,0,0,609,600,29,1,100,0,999,0,-1,-1,0,156,21,0,30,29,0,0,4345,6,-53,209,216,215
9157218,1787204939,30000,225,22,1500,0,0,0,607,600,30,1,100,0,999,0,-1,-1,0,156,21,0,30,30,0,0,4343,21,4,209,218,217
9187219,1787204969,30001,208,22,1375,0,0,0,599,590,30,1,100,0,999,0,-1,-1,0,143,21,0,30,30,0,0,4344,21,-3,209,206,204
9217218,1787204999,29999,230,24,1500,0,0,0,608,600,30,1,100,0,999,0,-1,-1,0,156,21,0,30,30,0,0,4343,-71,-21,209,219,217
9247219,1787205029,30001,227,21,1500,0,0,0,596,590,30,1,100,0,999,0,-1,-1,0,156,40,0,30,30,0,0,4343,-35,-29,209,219,217
9277218,1787205059,29999,217,19,1500,0,0,0,607,600,29,1,100,0,999,0,-1,-1,0,156,21,0,30,29,0,0,4345,-6,-14,209,217,215
9307218,1787205089,30000,217,19,1500,0,0,0,600,600,30,1,100,0,1000,0,-1,-1,0,156,21,0,30,30,0,0,4344,0,-4,209,220,218
9337218,1787205119,30000,228,23,1500,0,0,0,598,590,30,1,100,0,1000,0,-1,-1,0,156,21,0,30,30,0,0,4344,-28,-21,209,218,217
9367218,1787205149,30000,223,26,1500,0,0,0,599,590,30,1,100,0,1000,0,-1,-1,0,156,40,0,30,30,0,0,4343,-84,-54,209,219,217
9397219,1787205179,30001,207,25,1375,0,0,0,609,600,30,1,100,0,1000,0,-1,-1,0,143,21,0,30,30,0,0,4343,21,7,209,206,204
9427218,1787205209,29999,226,22,1500,0,0,0,601,590,29,1,100,0,1000,0,-1,-1,0,156,21,0,30,29,0,0,4343,6,-1,209,217,215
9457218,1787205239,30000,232,23,1500,0,0,0,604,600,30,1,100,0,1000,0,-1,-1,0,156,40,0,30,30,0,0,4343,28,-45,209,219,217
9487218,1787205269,30000,218,21,1500,0,0,0,614,610,30,1,100,0,1000,0,-1,-1,0,156,21,0,30,30,0,0,4344,50,31,209,219,217
9517219,1787205299,30001,217,21,1500,0,0,0,601,590,30,1,100,0,1000,0,-1,-1,0,156,21,0,30,30,0,0,4344,28,-1,209,219,217
9547218,1787205329,29999,216,19,1500,0,0,0,588,580,30,1,100,0,1000,0,-1,-1,0,156,21,0,28,30,0,0,4344,-64,-25,209,219,217
9577218,1787205359,30000,215,22,1500,0,0,0,595,590,29,1,100,0,1000,0,-1,-1,0,156,21,0,28,29,0,0,4343,-21,-28,209,217,215
9607219,1787205389,30001,211,22,1500,0,0,0,594,590,30,1,100,0,1000,0,-1,-1,0,156,21,0,28,30,0,0,4339,-50,-18,209,219,217
9637218,1787205419,29999,211,23,1500,0,0,0,597,590,30,1,100,0,1000,0,-1,-1,0,156,21,0,27,30,0,0,4343,-42,-29,209,219,217
9667219,1787205449,30001,210,21,1500,0,0,0,587,580,30,1,100,0,1000,0,-1,-1,0,156,40,0,30,30,0,0,4343,-6,-23,209,219,217
9697218,1787205479,29999,242,45,1500,0,0,0,589,580,30,1,100,0,1000,0,-1,-1,0,156,21,0,30,30,0,0,4344,-21,-3,209,218,217
9727218,1787205509,30000,247,68,1500,0,0,0,583,570,29,1,100,0,1000,0,-1,-1,0,156,21,0,28,29,0,0,4342,-150,-62,209,216,215
9757218,1787205539,30000,227,24,1500,0,0,0,577,560,30,1,100,0,1000,0,-1,-1,0,156,21,0,30,30,0,0,4343,35,4,209,219,217
9787218,1787205569,30000,221,20,1500,0,0,0,591,580,30,1,100,0,1000,0,-1,-1,0,156,21,0,30,30,0,0,4343,-71,-14,209,218,217
9817218,1787205599,30000,212,37,1375,0,0,0,590,580,30,1,100,0,1000,0,-1,-1,0,143,21,0,30,30,0,0,4343,6,-3,209,205,204
9847218,1787205629,30000,212,26,1500,0,0,0,583,580,30,1,100,0,999,0,-1,-1,0,156,21,0,30,30,0,0,4327,-306,-157,209,220,218
9877218,1787205659,30000,229,22,1500,0,0,0,586,580,29,1,100,0,999,0,-1,-1,0,156,40,0,30,29,0,0,4342,6,-3,208,216,215
9907218,1787205689,30000,211,21,1500,0,0,0,589,580,30,1,100,0,999,0,-1,-1,0,156,21,0,30,30,0,0,4342,-35,-21,208,219,217
9937218,1787205719,30000,214,19,1500,0,0,0,597,580,30,1,100,0,999,0,-1,-1,0,156,21,0,30,30,0,0,4343,0,-1,208,219,217
9967218,1787205749,30000,260,37,1500,0,0,0,584,580,30,1,100,0,1000,0,-1,-1,0,156,21,0,30,30,0,0,4342,-42,-7,208,219,218
9997218,1787205779,30000,239,30,1500,0,0,0,589,580,30,1,100,0,1000,0,-1,-1,0,156,21,0,27,30,0,0,4341,6,1,208,219,217
10027219,1787205809,30001,223,20,1500,0,0,0,586,580,29,1,100,0,1000,0,-1,-1,0,156,21,0,30,29,0,0,4342,14,-3,208,217,215
10057218,1787205839,29999,227,25,1500,0,0,0,593,590,30,1,100,0,1000,0,-1,-1,0,156,21,0,30,30,0,0,4343,-28,-25,208,219,217
10087219,1787205869,30001,206,21,1375,0,0,0,594,590,30,1,100,0,1000,0,-1,-1,0,143,40,0,30,30,0,0,4342,43,14,208,206,204
10117218,1787205899,29999,210,22,1500,0,0,0,589,580,30,1,100,0,1000,0,-1,-1,0,156,21,0,29,30,0,0,4341,35,17,208,219,217
10147218,1787205929,30000,217,22,1500,0,0,0,581,570,30,1,100,0,1000,0,-1,-1,0,156,21,0,30,30,0,0,4342,14,9,208,218,217
10177218,1787205959,30000,217,21,1500,0,0,0,593,580,29,1,100,0,1000,0,-1,-1,0,156,21,0,30,29,0,0,4343,-78,-51,208,217,215
10207218,1787205989,30000,223,20,1500,0,0,0,584,580,30,1,100,0,1000,0,-1,-1,0,156,21,0,30,30,0,0,4342,-21,-17,208,219,217
10237219,1787206019,30001,222,22,1500,0,0,0,587,580,30,1,100,0,1000,0,-1,-1,0,156,21,0,30,30,0,0,4342,-28,-32,208,219,217
10267219,1787206049,30000,221,21,1500,0,0,0,588,580,30,1,100,0,1000,0,-1,-1,0,156,21,0,28,30,0,0,4342,28,20,208,219,217
10297218,1787206079,29999,222,25,1500,0,0,0,595,580,30,1,100,0,1000,0,-1,-1,0,156,40,0,30,30,0,0,4343,14,-4,208,219,217
10327218,1787206109,30000,220,22,1500,0,0,0,590,590,29,1,100,0,1000,0,-1,-1,0,156,21,0,30,29,0,0,4342,6,-21,208,217,215
10357218,1787206139,30000,217,26,1500,0,0,0,592,590,30,1,100,0,1000,0,-1,-1,0,156,21,0,30,30,0,0,4341,28,0,208,219,217
10387219,1787206169,30001,206,18,1500,0,0,0,598,590,30,1,100,0,1000,0,-1,-1,0,156,21,0,30,30,0,0,4341,-114,-70,208,218,217
10417219,1787206199,30000,216,20,1500,0,0,0,588,580,30,1,100,0,1000,0,-1,-1,0,156,21,0,30,30,0,0,4341,-21,-21,208,218,217
10447219,1787206229,30000,202,19,1375,0,0,0,590,590,30,1,100,0,1000,0,-1,-1,0,143,21,0,30,30,0,0,4342,28,28,208,206,204
10477218,1787206259,29999,214,21,1500,0,0,0,589,580,29,1,100,0,1000,0,-1,-1,0,156,21,0,30,29,0,0,4343,0,-15,208,217,215
10507219,1787206289,30001,232,24,1500,0,0,0,587,580,30,1,100,0,1000,0,-1,-1,0,156,40,0,30,30,0,0,4342,-21,-20,208,219,217
10537218,1787206319,29999,215,20,1500,0,0,0,598,580,30,1,100,0,1000,0,-1,-1,0,156,21,0,30,30,0,0,4342,0,-1,208,219,217
10567218,1787206349,30000,216,22,1500,0,0,0,580,570,30,1,100,0,1000,0,-1,-1,0,156,21,0,30,30,0,0,4342,-78,-35,208,218,217
10597218,1787206379,30000,218,20,1500,0,0,0,590,580,30,1,100,0,1000,0,-1,-1,0,156,21,0,29,30,0,0,4341,-6,-25,208,219,217
10627218,1787206409,30000,214,20,1500,0,0,0,593,590,29,1,100,0,1000,0,-1,-1,0,156,21,0,29,29,0,0,4341,-21,-20,208,217,215
10657218,1787206439,30000,215,20,1500,0,0,0,589,580,30,1,100,0,1000,0,-1,-1,0,156,40,0,28,30,0,0,4341,-42,-10,208,219,217
10687218,1787206469,30000,212,21,1375,0,0,0,586,580,30,1,100,0,1000,0,-1,-1,0,143,40,0,30,30,0,0,4341,-56,-32,208,205,204
10717218,1787206499,30000,216,26,1500,0,0,0,589,580,30,1,100,0,1000,0,-1,-1,0,156,21,0,30,30,0,0,4341,-71,-45,208,219,217
10747218,1787206529,30000,218,20,1500,0,0,0,598,590,30,1,100,0,1000,0,-1,-1,0,156,21,0,29,30,0,0,4341,0,-3,208,218,217
10777219,1787206559,30001,210,19,1500,0,0,0,593,580,29,1,100,0,1000,0,-1,-1,0,156,21,0,30,29,0,0,4342,64,21,208,217,215
10807218,1787206589,29999,215,23,1500,0,0,0,586,580,30,1,100,0,1000,0,-1,-1,0,156,21,0,30,30,0,0,4342,28,-95,208,219,217
10837219,1787206619,30001,217,21,1500,0,0,0,589,580,30,1,100,0,1000,0,-1,-1,0,156,21,0,30,30,0,0,4340,0,-7,208,219,217
10867218,1787206649,29999,218,20,1500,0,0,0,590,570,30,1,100,0,1000,0,-1,-1,0,156,21,0,30,30,0,0,4341,-50,-15,208,219,217
10897218,1787206679,30000,221,21,1500,0,0,0,582,580,30,1,100,0,1000,0,-1,-1,0,156,21,0,30,30,0,0,4341,-6,12,208,218,217
10927218,1787206709,30000,215,23,1500,0,0,0,576,570,29,1,100,0,1000,0,-1,-1,0,156,21,0,30,29,0,0,4342,-64,-35,208,217,215
10957218,1787206739,30000,217,22,1500,0,0,0,592,580,30,1,100,0,1000,0,-1,-1,0,156,21,0,30,30,0,0,4343,64,51,208,219,217
10987218,1787206769,30000,215,18,1500,0,0,0,586,580,30,1,100,0,1000,0,-1,-1,0,156,21,0,30,30,0,0,4340,-6,-6,208,219,217
11017218,1787206799,30000,219,22,1500,0,0,0,592,590,30,1,100,0,999,0,-1,-1,0,156,21,0,30,30,0,0,4341,-6,-29,208,220,218
11047218,1787206829,30000,221,19,1500,0,0,0,589,580,30,1,100,0,999,0,-1,-1,0,156,21,0,30,30,0,0,4340,6,7,208,219,217
11077218,1787206859,30000,232,23,1500,0,0,0,590,590,29,1,100,0,999,0,-1,-1,0,156,21,0,30,29,0,0,4342,-6,-14,208,216,215
11107218,1787206889,30000,264,70,1500,0,0,0,579,570,30,1,100,0,999,0,-1,-1,0,156,21,0,30,30,0,0,4339,-21,-17,208,218,217
11137218,1787206919,30000,400,236,1500,0,0,0,583,580,30,1,100,0,999,0,-1,-1,0,156,21,0,30,30,0,0,4340,50,-12,208,218,217
11167218,1787206949,30000,26714,9052,1375,1,1,0,658,580,30,1,100,0,999,0,-1,-1,0,143,40,0,16,30,0,0,4340,0,-6,208,209,207
11197218,1787206979,30000,408,52,1500,0,0,0,704,580,29,1,100,0,999,0,-1,-1,0,156,21,0,21,29,0,0,4341,71,35,208,217,215
11227218,1787207009,30000,437,52,1500,0,0,0,602,570,30,1,100,0,999,0,-1,-1,0,156,21,0,30,30,0,0,4341,-28,-20,208,218,217
11257219,1787207039,30001,417,46,1500,0,0,0,600,580,30,1,100,0,999,0,-1,-1,0,156,21,0,30,30,0,0,4341,-28,-20,208,219,217
11287218,1787207069,29999,430,43,1500,0,0,0,650,600,30,1,100,0,1000,0,-1,-1,0,156,21,0,20,30,0,0,4340,-14,0,208,219,218
11317218,1787207099,30000,432,54,1500,0,0,0,599,590,30,1,100,0,1000,0,-1,-1,0,156,21,0,27,30,0,0,4340,-21,-18,208,219,217
11347218,1787207129,30000,428,49,1500,0,0,0,640,600,29,1,100,0,1000,0,-1,-1,0,156,21,0,27,29,0,0,4340,6,-4,208,216,215
11377218,1787207159,30000,376,48,1500,0,0,0,593,590,30,1,100,0,1000,0,-1,-1,0,156,21,0,28,30,0,0,4341,-14,-9,208,218,217
11407218,1787207189,30000,2371,1768,1375,1,0,0,642,600,30,1,100,0,1000,0,-1,-1,0,143,40,0,25,30,0,0,4341,-35,-32,208,207,206
11437218,1787207219,30000,331,39,1500,0,0,0,611,570,30,1,100,0,1000,0,-1,-1,0,156,21,0,24,30,0,0,4341,50,25,208,219,217
11467219,1787207249,30001,410,40,1500,0,0,0,573,570,30,1,100,0,1000,0,-1,-1,0,156,21,0,28,30,0,0,4340,-150,-57,208,219,217
11497218,1787207279,29999,366,39,1500,0,0,0,581,580,29,1,100,0,1000,0,-1,-1,0,156,21,0,29,29,0,0,4341,21,23,208,217,215
11527218,1787207309,30000,381,38,1500,0,0,0,587,580,30,1,100,0,1000,0,-1,-1,0,156,21,0,26,30,0,0,4341,-50,-53,208,219,217
11557218,1787207339,30000,360,36,1500,0,0,0,582,580,30,1,100,0,1000,0,-1,-1,0,156,21,0,30,30,0,0,4341,35,1,208,219,217
11587218,1787207369,30000,366,38,1500,0,0,0,579,570,30,1,100,0,1000,0,-1,-1,0,156,21,0,30,30,0,0,4341,14,10,208,218,217
11617218,1787207399,30000,351,39,1500,0,0,0,585,560,30,1,100,0,1000,0,-1,-1,0,156,21,0,29,30,0,0,4340,-28,-10,208,219,217
11647218,1787207429,30000,349,34,1500,0,0,0,575,560,29,1,100,0,1000,0,-1,-1,0,156,21,0,29,29,0,0,4338,21,12,208,217,215
11677218,1787207459,30000,359,39,1500,0,0,0,587,580,30,1,100,0,1000,0,-1,-1,0,156,21,0,30,30,0,0,4341,-64,-54,208,219,217
11707218,1787207489,30000,355,41,1500,0,0,0,581,580,30,1,100,0,1000,0,-1,-1,0,156,21,0,29,30,0,0,4340,-92,-26,208,218,217
11737218,1787207519,30000,352,33,1500,0,0,0,583,570,30,1,100,0,1000,0,-1,-1,0,156,21,0,30,30,0,0,4341,-35,-32,208,219,217
11767218,1787207549,30000,335,36,1500,0,0,0,578,560,30,1,100,0,1000,0,-1,-1,0,156,21,0,30,30,0,0,4338,14,12,208,218,217
11797218,1787207579,30000,343,35,1500,0,0,0,575,570,29,1,100,0,1000,0,-1,-1,0,156,21,0,30,29,0,0,4339,28,18,208,216,215
11827218,1787207609,30000,344,39,1500,0,0,0,578,570,30,1,100,0,1000,0,-1,-1,0,156,21,0,28,30,0,0,4341,6,18,208,219,217
11857218,1787207639,30000,325,33,1375,0,0,0,579,570,30,1,100,0,1000,0,-1,-1,0,143,21,0,30,30,0,0,4338,-6,0,208,206,204
11887218,1787207669,30000,370,37,1500,0,0,0,585,580,30,1,100,0,1000,0,-1,-1,0,156,21,0,26,30,0,0,4340,21,4,208,218,217
11917218,1787207699,30000,343,30,1500,0,0,0,581,570,30,1,100,0,1000,0,-1,-1,0,156,21,0,27,30,0,0,4339,14,4,208,218,217
11947218,1787207729,30000,337,36,1500,0,0,0,578,570,29,1,100,0,1000,0,-1,-1,0,156,21,0,27,29,0,0,4337,-328,-167,208,217,215
11977218,1787207759,30000,341,37,1500,0,0,0,582,570,30,1,100,0,1000,0,-1,-1,0,156,21,0,27,30,0,0,4339,21,17,208,219,217
12007218,1787207789,30000,329,31,1500,0,0,0,576,570,30,1,100,0,1000,0,-1,-1,0,156,21,0,25,30,0,0,4338,0,1,208,219,217
12037218,1787207819,30000,339,32,1500,0,0,0,590,590,30,1,100,0,1000,0,-1,-1,0,156,21,0,28,30,0,0,4340,14,12,208,218,217
12067218,1787207849,30000,342,33,1500,0,0,0,590,590,30,1,100,0,1000,0,-1,-1,0,156,21,0,30,30,0,0,4339,14,-18,208,218,217
12097218,1787207879,30000,355,34,1500,0,0,0,585,580,29,1,100,0,1000,0,-1,-1,0,156,21,0,30,29,0,0,4339,-21,-20,208,217,215
12127218,1787207909,30000,333,34,1500,0,0,0,580,580,30,1,100,0,1000,0,-1,-1,0,156,21,0,29,30,0,0,4340,-6,-6,208,219,217
12157218,1787207939,30000,344,32,1500,0,0,0,582,570,30,1,100,0,1000,0,-1,-1,0,156,40,0,28,30,0,0,4340,-50,-18,208,219,217
12187218,1787207969,30000,342,34,1500,0,0,0,590,590,30,1,100,0,1000,0,-1,-1,0,156,21,0,30,30,0,0,4340,-28,-35,208,219,217
12217218,1787207999,30000,346,34,1500,0,0,0,586,580,30,1,100,0,1000,0,-1,-1,0,156,21,0,28,30,0,0,4341,21,28,208,218,217
12247218,1787208029,30000,356,36,1500,0,0,0,598,590,29,1,100,0,1000,0,-1,-1,0,156,21,0,27,29,0,0,4339,64,45,208,217,215
12277218,1787208059,30000,323,34,1500,0,0,0,582,580,30,1,100,0,1000,0,-1,-1,0,156,21,0,30,30,0,0,4340,-71,-35,208,218,217
12307219,1787208089,30001,296,35,1375,0,0,0,588,580,30,1,100,0,1000,0,-1,-1,0,143,21,0,28,30,0,0,4340,0,0,208,206,204
12337218,1787208119,29999,341,38,1500,0,0,0,581,570,30,1,100,0,1000,0,-1,-1,0,156,21,0,30,30,0,0,4340,14,3,208,218,217
12367219,1787208149,30001,345,33,1500,0,0,0,579,570,30,1,100,0,1000,0,-1,-1,0,156,40,0,30,30,0,0,4338,50,35,208,219,217
12397218,1787208179,29999,335,34,1500,0,0,0,587,580,29,1,100,0,1000,0,-1,-1,0,156,21,0,30,29,0,0,4339,-28,-21,208,217,215
12427218,1787208209,30000,339,34,1500,0,0,0,587,580,30,1,100,0,1000,0,-1,-1,0,156,21,0,30,30,0,0,4340,-42,-14,208,219,217
12457218,1787208239,30000,329,36,1500,0,0,0,586,580,30,1,100,0,1000,0,-1,-1,0,156,21,0,30,30,0,0,4338,-6,-18,208,219,217
12487218,1787208269,30000,355,35,1500,0,0,0,595,580,30,1,100,0,1000,0,-1,-1,0,156,21,0,28,30,0,0,4339,-134,-71,208,218,217
12517218,1787208299,30000,345,38,1500,0,0,0,592,590,30,1,100,0,1000,0,-1,-1,0,156,21,0,30,30,0,0,4339,-6,-4,208,218,217
12547218,1787208329,30000,342,34,1500,0,0,0,587,580,29,1,100,0,1000,0,-1,-1,0,156,21,0,30,29,0,0,4339,14,3,208,217,215
12577218,1787208359,30000,363,53,1375,0,0,0,599,570,30,1,100,0,1000,0,-1,-1,0,143,40,0,22,30,0,0,4339,-6,-7,208,205,204
12607218,1787208389,30000,429,71,1500,0,0,0,586,560,30,1,100,0,1000,0,-1,-1,0,156,21,0,22,30,0,0,4340,28,12,208,219,217
12637218,1787208419,30000,341,34,1500,0,0,0,580,570,30,1,100,0,1000,0,-1,-1,0,156,21,0,26,30,0,0,4340,28,-46,208,219,217
12667219,1787208449,30001,358,53,1500,0,0,0,572,560,30,1,100,0,999,0,-1,-1,0,156,21,0,30,30,0,0,4339,-28,-39,207,220,218
12697218,1787208479,29999,343,41,1500,0,0,0,566,560,29,1,100,0,999,0,-1,-1,0,156,21,0,28,29,0,0,4340,14,-70,207,216,215
12727218,1787208509,30000,345,35,1500,0,0,0,576,560,30,1,100,0,999,0,-1,-1,0,156,21,0,30,30,0,0,4340,-14,-4,207,219,217
12757219,1787208539,30001,410,201,1500,0,0,0,592,570,30,1,100,0,999,0,-1,-1,0,156,21,0,22,30,0,0,4337,43,1,207,219,217
12787218,1787208569,29999,343,33,1500,0,0,0,573,560,30,1,100,0,999,0,-1,-1,0,156,40,0,25,30,0,0,4338,6,-1,207,218,217
12817218,1787208599,30000,395,57,1500,0,0,0,583,570,30,1,100,0,999,0,-1,-1,0,156,21,0,30,30,0,0,4340,21,3,207,218,217
12847219,1787208629,30001,318,32,1500,0,0,0,577,560,29,1,100,0,1000,0,-1,-1,0,156,21,0,29,29,0,0,4339,-42,-18,207,218,216
12877218,1787208659,29999,327,35,1500,0,0,0,570,560,30,1,100,0,1000,0,-1,-1,0,156,21,0,28,30,0,0,4339,-14,-3,207,218,217
12907218,1787208689,30000,325,33,1500,0,0,0,579,570,30,1,100,0,1000,0,-1,-1,0,156,21,0,27,30,0,0,4339,35,3,207,218,217
12937219,1787208719,30001,337,38,1375,0,0,0,576,560,30,1,100,0,1000,0,-1,-1,0,143,21,0,30,30,0,0,4339,-21,-1,207,206,204
12967218,1787208749,29999,329,33,1500,0,0,0,565,560,29,1,100,0,1000,0,-1,-1,0,156,21,0,27,29,0,0,4338,6,-1,207,217,215
12997218,1787208779,30000,368,37,1500,0,0,0,578,560,30,1,100,0,1000,0,-1,-1,0,156,40,0,30,30,0,0,4338,14,0,207,218,217
13027218,1787208809,30000,350,40,1500,0,0,0,572,570,30,1,100,0,1000,0,-1,-1,0,156,21,0,29,30,0,0,4338,6,-40,207,219,217
13057218,1787208839,30000,349,37,1500,0,0,0,573,560,30,1,100,0,1000,0,-1,-1,0,156,21,0,28,30,0,0,4338,-35,-26,207,219,217
13087219,1787208869,30001,452,90,1500,0,0,0,579,570,30,1,100,0,1000,0,-1,-1,0,156,21,0,26,30,0,0,4336,-71,-42,207,219,217
13117218,1787208899,29999,377,67,1500,0,0,0,590,560,29,1,100,0,1000,0,-1,-1,0,156,21,0,27,29,0,0,4338,6,-9,207,217,215
13147218,1787208929,30000,349,37,1500,0,0,0,571,560,30,1,100,0,1000,0,-1,-1,0,156,21,0,24,30,0,0,4336,-56,-23,207,219,217
13177218,1787208959,30000,337,39,1500,0,0,0,575,560,30,1,100,0,1000,0,-1,-1,0,156,21,0,30,30,0,0,4339,-28,-12,207,219,217
13207219,1787208989,30001,352,37,1500,0,0,0,576,560,30,1,100,0,1000,0,-1,-1,0,156,40,0,28,30,0,0,4339,43,37,207,219,217
13237218,1787209019,29999,381,35,1500,0,0,0,583,580,30,1,100,0,1000,0,-1,-1,0,156,21,0,29,30,0,0,4338,21,20,207,219,217
13267218,1787209049,30000,352,35,1500,0,0,0,576,560,29,1,100,0,1000,0,-1,-1,0,156,21,0,23,29,0,0,4338,-35,-20,207,216,215
13297218,1787209079,30000,439,101,1500,0,0,0,581,560,30,1,100,0,1000,0,-1,-1,0,156,21,0,30,30,0,0,4337,-42,-20,207,219,217
13327218,1787209109,30000,390,90,1500,0,0,0,571,560,30,1,100,0,1000,0,-1,-1,0,156,21,0,27,30,0,0,4335,-71,-39,207,218,217
13357220,1787209139,30002,329,34,1375,0,0,0,576,560,30,1,100,0,1000,0,-1,-1,0,143,21,0,30,30,0,0,4337,-21,-31,207,206,204
13387219,1787209169,29999,422,40,1500,0,0,0,602,580,30,1,100,0,1000,0,-1,-1,0,156,21,0,30,30,0,0,4338,-35,-17,207,218,217
13417218,1787209199,29999,397,43,1500,0,0,0,594,570,29,1,100,0,1000,0,-1,-1,0,156,40,0,30,29,0,0,4337,-14,1,207,216,215
13447219,1787209229,30001,431,130,1500,0,0,0,584,570,30,1,100,0,1000,0,-1,-1,0,156,21,0,26,30,0,0,4337,6,-10,207,219,217
13477219,1787209259,30000,7143,3782,1500,1,1,0,672,600,30,1,100,0,1000,0,-1,-1,0,156,40,0,22,30,0,0,4338,14,4,207,222,220
13507218,1787209289,29999,442,53,1500,0,0,0,564,550,30,1,100,0,1000,0,-1,-1,0,156,21,0,27,30,0,0,4337,-50,-76,207,219,217
13537218,1787209319,30000,452,134,1500,0,0,0,564,560,29,1,100,0,1000,0,-1,-1,0,156,21,0,27,29,0,0,4337,14,-12,207,217,215
13567218,1787209349,30000,346,39,1375,0,0,0,574,570,30,1,100,0,1000,0,-1,-1,0,143,21,0,30,30,0,0,4337,-56,-39,207,205,204
13597218,1787209379,30000,392,41,1500,0,0,0,572,570,30,1,100,0,1000,0,-1,-1,0,156,21,0,28,30,0,0,4337,28,4,207,219,217
13627219,1787209409,30001,431,47,1500,0,0,0,574,570,30,1,100,0,1000,0,-1,-1,0,156,40,0,25,30,0,0,4336,-28,-17,207,219,217
13657219,1787209439,30000,437,48,1500,0,0,0,573,560,30,1,100,0,1000,0,-1,-1,0,156,21,0,28,30,0,0,4339,14,-20,207,219,217
13687218,1787209469,29999,5796,5655,1500,1,0,0,558,550,29,1,100,0,999,0,-1,-1,0,156,40,0,30,29,0,0,4338,-71,-46,207,219,217
13717218,1787209499,30000,3186,2184,1500,0,0,0,595,560,30,1,100,0,999,0,-1,-1,0,156,40,0,26,30,0,0,4337,56,20,207,219,218
13747218,1787209529,30000,428,64,1500,0,0,0,564,560,30,1,100,0,999,0,-1,-1,0,156,21,0,28,30,0,0,4337,-50,-23,207,219,217
13777219,1787209559,30001,347,37,1375,0,0,0,568,560,30,1,100,0,999,0,-1,-1,0,143,21,0,27,30,0,0,4337,-14,-15,207,206,204
13807218,1787209589,29999,4552,4687,1500,1,0,0,593,570,29,1,100,0,999,0,-1,-1,0,156,40,0,28,29,0,0,4336,-6,4,207,219,217
13837219,1787209619,30001,387,43,1500,0,0,0,612,550,30,1,100,0,1000,0,-1,-1,0,156,40,0,30,30,0,0,4338,43,26,207,220,218
13867218,1787209649,29999,417,38,1500,0,0,0,558,550,30,1,100,0,1000,0,-1,-1,0,156,21,0,30,30,0,0,4336,14,6,207,218,217
13897218,1787209679,30000,402,38,1500,0,0,0,555,550,29,1,100,0,1000,0,-1,-1,0,156,21,0,27,29,0,0,4338,28,-12,207,216,215
13927218,1787209709,30000,446,84,1500,0,0,0,561,550,30,1,100,0,1000,0,-1,-1,0,156,21,0,24,30,0,0,4336,-6,0,207,219,217
13957218,1787209739,30000,349,38,1500,0,0,0,557,550,30,1,100,0,1000,0,-1,-1,0,156,21,0,24,30,0,0,4337,21,17,207,218,217
13987220,1787209769,30002,1432,1578,1375,1,0,0,586,570,30,1,100,0,1000,0,-1,-1,0,143,40,0,26,30,0,0,4335,-35,-20,207,208,206
14017218,1787209799,29998,355,35,1500,0,0,0,550,530,29,1,100,0,1000,0,-1,-1,0,156,21,0,30,29,0,0,4337,56,32,207,217,215
14047219,1787209829,30001,383,115,1500,0,0,0,542,530,30,1,100,0,1000,0,-1,-1,0,156,40,0,26,30,0,0,4337,6,4,207,219,217
14077219,1787209859,30000,9149,4416,1375,1,0,0,595,550,30,1,100,0,1000,0,-1,-1,0,143,40,0,21,30,0,0,4336,14,-18,207,208,206
14107218,1787209889,29999,341,40,1500,0,0,0,553,540,30,1,100,0,1000,0,-1,-1,0,156,21,0,26,30,0,0,4337,50,21,207,219,217
14137219,1787209919,30001,409,47,1500,0,0,0,555,550,29,1,100,0,1000,0,-1,-1,0,156,21,0,25,29,0,0,4336,6,-10,207,217,215
14167218,1787209949,29999,364,37,1500,0,0,0,562,560,30,1,100,0,1000,0,-1,-1,0,156,21,0,30,30,0,0,4338,6,-20,207,219,217
14197219,1787209979,30001,405,49,1500,0,0,0,556,550,30,1,100,0,1000,0,-1,-1,0,156,21,0,28,30,0,0,4336,21,-3,207,219,217
14227218,1787210009,29999,420,47,1500,0,0,0,570,550,30,1,100,0,1000,0,-1,-1,0,156,21,0,29,30,0,0,4337,-42,-23,207,218,217
14257219,1787210039,30001,382,44,1500,0,0,0,557,550,30,1,100,0,1000,0,-1,-1,0,156,40,0,30,30,0,0,4337,35,25,207,219,217
14287219,1787210069,30000,371,38,1500,0,0,0,556,550,29,1,100,0,1000,0,-1,-1,0,156,21,0,27,29,0,0,4336,50,28,207,217,215
14317218,1787210099,29999,391,41,1500,0,0,0,558,550,30,1,100,0,1000,0,-1,-1,0,156,21,0,30,30,0,0,4335,-14,-1,207,219,217
14347219,1787210129,30001,363,41,1500,0,0,0,562,560,30,1,100,0,1000,0,-1,-1,0,156,21,0,30,30,0,0,4336,-6,-18,207,219,217
14377218,1787210159,29999,365,39,1500,0,0,0,564,560,30,1,100,0,1000,0,-1,-1,0,156,21,0,30,30,0,0,4336,0,0,207,219,217
14407219,1787210189,30001,382,50,1375,0,0,0,575,560,30,1,100,0,1000,0,-1,-1,0,143,21,0,29,30,0,0,4337,-6,-10,207,206,204
14437218,1787210219,29999,365,49,1500,0,0,0,554,550,29,1,100,0,1000,0,-1,-1,0,156,21,0,29,29,0,0,4337,28,-15,207,217,215
14467218,1787210249,30000,367,41,1500,0,0,0,566,560,30,1,100,0,1000,0,-1,-1,0,156,40,0,30,30,0,0,4336,50,-3,207,219,217
14497218,1787210279,30000,365,39,1500,0,0,0,558,550,30,1,100,0,1000,0,-1,-1,0,156,21,0,30,30,0,0,4336,-28,-3,207,219,217
14527218,1787210309,30000,348,37,1500,0,0,0,564,560,30,1,100,0,1000,0,-1,-1,0,156,21,0,29,30,0,0,4336,-14,-7,207,219,217
14557218,1787210339,30000,371,40,1500,0,0,0,571,560,30,1,100,0,1000,0,-1,-1,0,156,21,0,30,30,0,0,4336,6,6,207,219,217
14587218,1787210369,30000,343,40,1500,0,0,0,565,560,29,1,100,0,1000,0,-1,-1,0,156,21,0,30,29,0,0,4335,-28,-10,207,217,215
14617219,1787210399,30001,361,40,1500,0,0,0,566,560,30,1,100,0,1000,0,-1,-1,0,156,21,0,30,30,0,0,4336,-21,-46,207,219,217
14647218,1787210429,29999,347,36,1500,0,0,0,561,560,30,1,100,0,1000,0,-1,-1,0,156,21,0,30,30,0,0,4336,21,-3,207,219,217
14677218,1787210459,30000,361,42,1500,0,0,0,559,550,30,1,100,0,1000,0,-1,-1,0,156,40,0,29,30,0,0,4337,28,14,207,219,217
14707218,1787210489,30000,319,35,1500,0,0,0,556,550,30,1,100,0,1000,0,-1,-1,0,156,21,0,30,30,0,0,4336,-21,-7,207,218,217
14737218,1787210519,30000,347,37,1500,0,0,0,562,560,29,1,100,0,1000,0,-1,-1,0,156,21,0,30,29,0,0,4334,-21,-17,207,216,215
14767218,1787210549,30000,334,34,1500,0,0,0,567,560,30,1,100,0,1000,0,-1,-1,0,156,21,0,30,30,0,0,4335,28,18,207,218,217
14797219,1787210579,30001,346,54,1500,0,0,0,565,560,30,1,100,0,1000,0,-1,-1,0,156,21,0,30,30,0,0,4335,0,-10,207,219,217
14827218,1787210609,29999,312,37,1375,0,0,0,560,550,30,1,100,0,1000,0,-1,-1,0,143,21,0,30,30,0,0,4335,-21,-10,207,205,204
14857220,1787210639,30002,313,36,1500,0,0,0,556,550,30,1,100,0,1000,0,-1,-1,0,156,21,0,29,30,0,0,4335,0,1,207,219,217
14887218,1787210669,29998,325,39,1500,0,0,0,559,550,29,1,100,0,1000,0,-1,-1,0,156,40,0,30,29,0,0,4335,-14,7,207,216,215
14917219,1787210699,30001,337,38,1500,0,0,0,557,550,30,1,100,0,1000,0,-1,-1,0,156,21,0,30,30,0,0,4335,-142,10,207,219,217
14947219,1787210729,30000,334,38,1500,0,0,0,563,550,30,1,100,0,1000,0,-1,-1,0,156,21,0,30,30,0,0,4335,-56,-39,207,219,217
14977218,1787210759,29999,322,37,1500,0,0,0,561,560,30,1,100,0,1000,0,-1,-1,0,156,21,0,28,30,0,0,4335,0,-4,207,218,217
15007218,1787210789,30000,333,39,1500,0,0,0,565,560,30,1,100,0,1000,0,-1,-1,0,156,21,0,30,30,0,0,4336,-21,-4,207,219,217
15037220,1787210819,30002,306,43,1375,0,0,0,559,550,29,1,100,0,1000,0,-1,-1,0,143,40,0,30,29,0,0,4335,-42,-17,207,204,202
15067218,1787210849,29998,333,38,1500,0,0,0,560,550,30,1,100,0,1000,0,-1,-1,0,156,21,0,30,30,0,0,4336,-6,-9,207,219,217
15097218,1787210879,30000,337,36,1500,0,0,0,563,560,30,1,100,0,1000,0,-1,-1,0,156,40,0,30,30,0,0,4334,-64,-54,207,219,217
15127218,1787210909,30000,341,37,1500,0,0,0,569,560,30,1,100,0,1000,0,-1,-1,0,156,21,0,30,30,0,0,4336,-14,-32,207,219,217
15157218,1787210939,30000,387,59,1500,0,0,0,558,550,30,1,100,0,1000,0,-1,-1,0,156,21,0,27,30,0,0,4334,-50,-31,207,219,217
15187218,1787210969,30000,294,30,1500,0,0,0,552,550,29,1,100,0,1000,0,-1,-1,0,156,21,0,29,29,0,0,4335,-6,3,207,217,215
15217218,1787210999,30000,316,38,1500,0,0,0,560,560,30,1,100,0,1000,0,-1,-1,0,156,21,0,28,30,0,0,4334,28,7,207,218,217
15247218,1787211029,30000,336,32,1500,0,0,0,554,550,30,1,100,0,999,0,-1,-1,0,156,21,0,30,30,0,0,4336,-50,-59,206,219,218
15277218,1787211059,30000,308,39,1500,0,0,0,560,550,30,1,100,0,999,0,-1,-1,0,156,21,0,29,30,0,0,4333,-50,-48,206,218,217
15307219,1787211089,30001,336,40,1500,0,0,0,563,560,30,1,100,0,999,0,-1,-1,0,156,21,0,30,30,0,0,4335,-35,-10,206,219,217
15337218,1787211119,29999,343,41,1500,0,0,0,565,560,29,1,100,0,999,0,-1,-1,0,156,21,0,30,29,0,0,4334,21,25,206,217,215
15367218,1787211149,30000,302,34,1500,0,0,0,562,560,30,1,100,0,1000,0,-1,-1,0,156,21,0,30,30,0,0,4336,-92,-42,206,220,218
15397218,1787211179,30000,321,42,1500,0,0,0,554,550,30,1,100,0,1000,0,-1,-1,0,156,21,0,30,30,0,0,4335,6,15,206,218,217
15427218,1787211209,30000,461,101,1500,0,0,0,560,540,30,1,100,0,1000,0,-1,-1,0,156,21,0,30,30,0,0,4332,-21,-29,206,219,217
15457218,1787211239,30000,285,30,1375,0,0,0,549,540,30,1,100,0,1000,0,-1,-1,0,143,21,0,25,30,0,0,4336,-28,6,206,206,204
15487218,1787211269,30000,315,37,1500,0,0,0,556,550,29,1,100,0,1000,0,-1,-1,0,156,21,0,30,29,0,0,4334,-21,-1,206,217,215
15517218,1787211299,30000,341,38,1500,0,0,0,565,550,30,1,100,0,1000,0,-1,-1,0,156,40,0,30,30,0,0,4335,21,10,206,218,217
15547218,1787211329,30000,347,44,1500,0,0,0,558,550,30,1,100,0,1000,0,-1,-1,0,156,21,0,30,30,0,0,4336,57,23,206,219,217
15577218,1787211359,30000,402,118,1500,1,0,0,561,560,30,1,100,0,1000,0,-1,-1,0,156,21,0,30,30,0,0,4334,-35,15,206,219,218
15607219,1787211389,30001,15915,6646,1500,0,0,0,648,560,30,1,100,0,1000,0,-1,-1,0,156,40,0,21,30,0,0,4335,-14,-25,206,220,218
15637218,1787211419,29999,234,35,1500,0,0,0,606,560,29,1,100,0,1000,0,-1,-1,0,156,21,0,30,29,0,0,4335,-71,-39,206,217,215
15667219,1787211449,30001,233,30,1375,0,0,0,579,560,30,1,100,0,1000,0,-1,-1,0,143,40,0,30,30,0,0,4334,-21,-15,206,206,204
15697218,1787211479,29999,236,29,1500,0,0,0,602,590,30,1,100,0,1000,0,-1,-1,0,156,21,0,30,30,0,0,4334,-56,-34,206,218,217
15727218,1787211509,30000,263,28,1500,0,0,0,602,590,30,1,100,0,1000,0,-1,-1,0,156,21,0,30,30,0,0,4333,21,12,206,219,217
15757218,1787211539,30000,246,28,1500,0,0,0,598,590,30,1,100,0,1000,0,-1,-1,0,156,21,0,30,30,0,0,4335,-14,-4,206,218,217
15787218,1787211569,30000,242,27,1500,0,0,0,591,590,29,1,100,0,1000,0,-1,-1,0,156,21,0,29,29,0,0,4334,-56,-42,206,217,215
15817218,1787211599,30000,244,24,1500,0,0,0,593,580,30,1,100,0,1000,0,-1,-1,0,156,21,0,30,30,0,0,4332,-21,-17,206,218,217
15847218,1787211629,30000,1176,687,1500,1,0,0,608,580,30,1,100,0,1000,0,-1,-1,0,156,40,0,30,30,0,0,4334,6,4,206,221,219
15877219,1787211659,30001,226,42,1500,0,0,0,609,580,30,1,100,0,1000,0,-1,-1,0,156,40,0,30,30,0,0,4334,-35,-20,206,218,217
15907218,1787211689,29999,187,20,1375,0,0,0,580,570,30,1,100,0,1000,0,-1,-1,0,143,21,0,30,30,0,0,4335,-50,-18,206,206,204
15937218,1787211719,30000,208,20,1500,0,0,0,591,580,29,1,100,0,1000,0,-1,-1,0,156,21,0,30,29,0,0,4333,-50,-31,206,217,215
15967218,1787211749,30000,212,22,1500,0,0,0,592,590,30,1,100,0,1000,0,-1,-1,0,156,21,0,30,30,0,0,4333,-6,3,206,219,217
15997218,1787211779,30000,212,21,1500,0,0,0,576,570,30,1,100,0,1000,0,-1,-1,0,156,21,0,30,30,0,0,4334,-28,-10,206,219,217
16027218,1787211809,30000,204,20,1500,0,0,0,576,570,30,1,100,0,1000,0,-1,-1,0,156,21,0,30,30,0,0,4334,-28,-12,206,218,217
16057218,1787211839,30000,206,20,1500,0,0,0,588,580,30,1,100,0,1000,0,-1,-1,0,156,21,0,30,30,0,0,4334,-35,-39,206,218,217
16087218,1787211869,30000,218,21,1500,0,0,0,576,570,29,1,100,0,1000,0,-1,-1,0,156,21,0,30,29,0,0,4334,0,-18,206,217,215
16117219,1787211899,30001,212,21,1500,0,0,0,579,570,30,1,100,0,1000,0,-1,-1,0,156,21,0,30,30,0,0,4334,-6,-21,206,219,217
16147218,1787211929,29999,234,21,1500,0,0,0,582,570,30,1,100,0,1000,0,-1,-1,0,156,40,0,30,30,0,0,4334,-71,-35,206,219,217
16177218,1787211959,30000,216,20,1500,0,0,0,581,570,30,1,100,0,1000,0,-1,-1,0,156,21,0,30,30,0,0,4334,-21,-21,206,219,217
16207218,1787211989,30000,203,19,1500,0,0,0,575,570,30,1,100,0,1000,0,-1,-1,0,156,21,0,30,30,0,0,4330,-107,-64,206,218,217
16237218,1787212019,30000,5711,2988,1250,3,0,0,630,580,29,1,100,0,1000,0,-1,-1,0,130,44,0,28,29,0,0,4333,-120,-64,206,197,195
16267218,1787212049,30000,312,72,1500,0,0,0,608,570,30,1,100,0,1000,0,-1,-1,0,156,40,0,30,30,0,0,4333,21,4,206,218,217
16297218,1787212079,30000,204,18,1500,0,0,0,572,560,30,1,100,0,1000,0,-1,-1,0,156,21,0,30,30,0,0,4333,6,-9,206,219,217
16327219,1787212109,30001,209,20,1500,0,0,0,573,560,30,1,100,0,1000,0,-1,-1,0,156,21,0,30,30,0,0,4334,35,21,206,219,217
16357218,1787212139,29999,195,20,1500,0,0,0,574,570,29,1,100,0,1000,0,-1,-1,0,156,21,0,30,29,0,0,4333,-35,-17,206,217,215
16387218,1787212169,30000,202,18,1500,0,0,0,584,580,30,1,100,0,999,0,-1,-1,0,156,21,0,30,30,0,0,4331,-85,-73,206,220,218
16417218,1787212199,30000,207,24,1500,0,0,0,577,560,30,1,100,0,999,0,-1,-1,0,156,21,0,30,30,0,0,4334,29,17,206,219,217
16447218,1787212229,30000,216,19,1500,0,0,0,564,560,30,1,100,0,1000,0,-1,-1,0,156,21,0,30,30,0,0,4332,-120,-79,206,220,218
16477218,1787212259,30000,200,19,1500,0,0,0,577,570,30,1,100,0,1000,0,-1,-1,0,156,21,0,30,30,0,0,4333,14,-3,206,219,217
16507218,1787212289,30000,203,20,1500,0,0,0,575,570,29,1,100,0,1000,0,-1,-1,0,156,21,0,30,29,0,0,4333,-35,-10,206,217,215
16537218,1787212319,30000,202,18,1500,0,0,0,578,570,30,1,100,0,1000,0,-1,-1,0,156,21,0,30,30,0,0,4332,21,15,206,219,217
16567218,1787212349,30000,211,22,1500,0,0,0,581,570,30,1,100,0,1000,0,-1,-1,0,156,21,0,30,30,0,0,4331,21,3,206,219,217
16597219,1787212379,30001,193,19,1375,0,0,0,573,560,30,1,100,0,1000,0,-1,-1,0,143,40,0,30,30,0,0,4333,50,10,206,206,204
16627218,1787212409,29999,201,18,1500,0,0,0,580,570,30,1,100,0,1000,0,-1,-1,0,156,21,0,30,30,0,0,4334,0,3,206,219,217
16657218,1787212439,30000,205,21,1500,0,0,0,584,570,29,1,100,0,1000,0,-1,-1,0,156,21,0,30,29,0,0,4332,6,-28,206,217,215
16687218,1787212469,30000,195,20,1500,0,0,0,579,570,30,1,100,0,1000,0,-1,-1,0,156,21,0,30,30,0,0,4333,-35,-14,206,219,217
16717218,1787212499,30000,202,20,1500,0,0,0,578,570,30,1,100,0,1000,0,-1,-1,0,156,21,0,30,30,0,0,4333,-50,-29,206,218,217
16747219,1787212529,30001,210,19,1500,0,0,0,579,570,30,1,100,0,1000,0,-1,-1,0,156,21,0,30,30,0,0,4333,-35,-20,206,219,217
16777219,1787212559,30000,206,25,1500,0,0,0,585,580,30,1,100,0,1000,0,-1,-1,0,156,21,0,30,30,0,0,4333,14,-3,206,219,217
16807218,1787212589,29999,207,21,1500,0,0,0,582,570,29,1,100,0,1000,0,-1,-1,0,156,21,0,30,29,0,0,4333,-21,-32,206,217,215
16837218,1787212619,30000,199,17,1500,0,0,0,576,570,30,1,100,0,1000,0,-1,-1,0,156,21,0,30,30,0,0,4334,-21,-3,206,219,217
16867219,1787212649,30001,215,20,1500,0,0,0,572,570,30,1,100,0,1000,0,-1,-1,0,156,21,0,30,30,0,0,4332,71,35,206,219,217
16897218,1787212679,29999,199,20,1500,0,0,0,577,570,30,1,100,0,1000,0,-1,-1,0,156,21,0,30,30,0,0,4332,-42,-45,206,219,217
16927218,1787212709,30000,207,20,1500,0,0,0,576,570,30,1,100,0,1000,0,-1,-1,0,156,21,0,30,30,0,0,4333,0,-15,206,218,217
16957218,1787212739,30000,201,22,1500,0,0,0,577,570,29,1,100,0,1000,0,-1,-1,0,156,21,0,30,29,0,0,4332,0,-18,206,217,215
16987219,1787212769,30001,191,19,1375,0,0,0,580,580,30,1,100,0,1000,0,-1,-1,0,143,40,0,30,30,0,0,4332,0,-18,206,205,203
17017218,1787212799,29999,189,21,1500,0,0,0,581,580,30,1,100,0,1000,0,-1,-1,0,156,21,0,30,30,0,0,4333,50,28,206,219,217
17047219,1787212829,30001,201,20,1500,0,0,0,574,560,30,1,100,0,1000,0,-1,-1,0,156,21,0,30,30,0,0,4333,-79,-39,206,219,217
17077218,1787212859,29999,202,23,1500,0,0,0,582,570,30,1,100,0,1000,0,-1,-1,0,156,21,0,30,30,0,0,4333,-35,-18,206,218,217
17107218,1787212889,30000,199,20,1500,0,0,0,578,570,29,1,100,0,1000,0,-1,-1,0,156,21,0,30,29,0,0,4331,-50,-20,206,217,215
17137219,1787212919,30001,210,20,1500,0,0,0,574,570,30,1,100,0,1000,0,-1,-1,0,156,21,0,29,30,0,0,4331,14,9,206,219,217
17167220,1787212949,30001,205,22,1500,0,0,0,573,560,30,1,100,0,1000,0,-1,-1,0,156,21,0,30,30,0,0,4332,29,-45,206,219,217
17197218,1787212979,29998,197,19,1500,0,0,0,570,560,30,1,100,0,1000,0,-1,-1,0,156,21,0,30,30,0,0,4332,14,4,206,218,217
17227218,1787213009,30000,207,18,1500,0,0,0,570,560,30,1,100,0,1000,0,-1,-1,0,156,21,0,30,30,0,0,4334,29,15,206,219,217
17257218,1787213039,30000,197,20,1500,0,0,0,582,580,29,1,100,0,1000,0,-1,-1,0,156,21,0,30,29,0,0,4331,-14,-25,206,217,215
17287220,1787213069,30002,205,19,1500,0,0,0,569,560,30,1,100,0,1000,0,-1,-1,0,156,40,0,30,30,0,0,4332,-42,-25,206,219,217
17317218,1787213099,29998,206,21,1500,0,0,0,579,560,30,1,100,0,1000,0,-1,-1,0,156,21,0,30,30,0,0,4332,14,6,206,218,217
17347218,1787213129,30000,210,19,1500,0,0,0,580,570,30,1,100,0,1000,0,-1,-1,0,156,21,0,30,30,0,0,4330,-28,-26,206,218,217
17377218,1787213159,30000,215,21,1500,0,0,0,573,570,30,1,100,0,1000,0,-1,-1,0,156,21,0,30,30,0,0,4332,0,-45,206,219,217
17407218,1787213189,30000,200,20,1500,0,0,0,577,570,30,1,100,0,1000,0,-1,-1,0,156,21,0,30,30,0,0,4331,-21,1,206,219,217
17437218,1787213219,30000,204,18,1500,0,0,0,575,560,29,1,100,0,999,0,-1,-1,0,156,21,0,30,29,0,0,4314,-415,-209,205,217,216
17467218,1787213249,30000,212,19,1500,0,0,0,580,570,30,1,100,0,1000,0,-1,-1,0,156,21,0,30,30,0,0,4331,-28,-35,205,220,218
17497219,1787213279,30001,200,19,1500,0,0,0,575,560,30,1,100,0,1000,0,-1,-1,0,156,21,0,30,30,0,0,4332,6,15,205,219,217
17527218,1787213309,29999,208,52,1500,0,0,0,583,580,30,1,100,0,1000,0,-1,-1,0,156,21,0,30,30,0,0,4332,0,-7,205,219,217
17557218,1787213339,30000,211,24,1500,0,0,0,576,570,30,1,100,0,1000,0,-1,-1,0,156,21,0,28,30,0,0,4331,-71,-40,205,219,217
17587218,1787213369,30000,208,22,1500,0,0,0,583,570,29,1,100,0,1000,0,-1,-1,0,156,21,0,30,29,0,0,4329,29,9,205,216,215
17617218,1787213399,30000,233,31,1500,0,0,0,571,560,30,1,100,0,1000,0,-1,-1,0,156,21,0,30,30,0,0,4331,-57,-21,205,218,217
17647218,1787213429,30000,218,24,1500,0,0,0,581,570,30,1,100,0,1000,0,-1,-1,0,156,21,0,30,30,0,0,4331,21,-1,205,218,217
17677219,1787213459,30001,239,45,1375,0,0,0,580,570,30,1,100,0,1000,0,-1,-1,0,143,21,0,30,30,0,0,4332,0,-9,205,206,204
17707218,1787213489,29999,8424,4869,1500,1,0,0,656,590,30,1,100,0,1000,0,-1,-1,0,156,40,0,25,30,0,0,4331,14,-14,205,220,219
17737218,1787213519,30000,411,49,1500,0,0,0,604,560,29,1,100,0,1000,0,-1,-1,0,156,40,0,30,29,0,0,4332,-28,-10,205,216,215
17767218,1787213549,30000,356,73,1500,0,0,0,587,560,30,1,100,0,1000,0,-1,-1,0,156,21,0,29,30,0,0,4332,-28,-18,205,218,217
17797218,1787213579,30000,311,30,1500,0,0,0,580,570,30,1,100,0,1000,0,-1,-1,0,156,21,0,26,30,0,0,4330,21,-7,205,219,217
17827218,1787213609,30000,330,38,1500,0,0,0,574,560,30,1,100,0,1000,0,-1,-1,0,156,21,0,25,30,0,0,4332,50,28,205,219,217
17857218,1787213639,30000,311,32,1500,0,0,0,583,570,30,1,100,0,1000,0,-1,-1,0,156,21,0,30,30,0,0,4331,-35,-31,205,218,217
17887218,1787213669,30000,2222,1222,1375,1,0,0,623,590,29,1,100,0,1000,0,-1,-1,0,143,40,0,27,29,0,0,4328,-120,-62,205,206,204
17917218,1787213699,30000,432,47,1500,0,0,0,584,570,30,1,100,0,1000,0,-1,-1,0,156,21,0,15,30,0,0,4330,-6,-26,205,219,217
17947218,1787213729,30000,451,39,1500,0,0,0,573,570,30,1,100,0,1000,0,-1,-1,0,156,40,0,30,30,0,0,4330,-42,-25,205,219,217
17977218,1787213759,30000,429,42,1500,0,0,0,575,570,30,1,100,0,1000,0,-1,-1,0,156,21,0,24,30,0,0,4332,-35,-23,205,218,217
18007219,1787213789,30001,441,37,1500,0,0,0,580,580,29,1,100,0,1000,0,-1,-1,0,156,21,0,27,29,0,0,4330,14,-15,205,216,215
18037218,1787213819,29999,11352,6235,1375,2,0,0,619,570,30,1,100,0,1000,0,-1,-1,0,143,40,0,16,30,0,0,4331,35,4,205,210,208
18067218,1787213849,30000,390,121,1500,0,0,0,675,610,30,1,100,0,1000,0,-1,-1,0,156,40,0,24,30,0,0,4328,-21,-18,205,218,217
18097219,1787213879,30001,272,28,1500,0,0,0,593,580,30,1,100,0,1000,0,-1,-1,0,156,21,0,30,30,0,0,4330,-14,-12,205,219,217
18127218,1787213909,29999,615,316,1500,0,0,0,595,590,29,1,100,0,1000,0,-1,-1,0,156,21,0,28,29,0,0,4333,-6,1,205,217,215
18157218,1787213939,30000,42169,8741,1375,3,0,0,631,570,30,1,100,0,1000,0,-1,-1,0,143,44,0,23,30,0,0,4331,14,-17,205,211,209
18187218,1787213969,30000,7933,2408,1375,2,0,0,639,600,29,1,100,0,1000,0,-1,-1,0,143,40,0,22,29,0,0,4324,0,-1,205,207,206
18217218,1787213999,30000,9127,4637,1500,0,0,0,618,590,30,1,100,0,1000,0,-1,-1,0,156,40,0,23,30,0,0,4331,28,-6,205,219,218
18247218,1787214029,30000,7392,5348,1375,1,0,0,565,540,30,1,100,0,1000,0,-1,-1,0,143,40,0,28,30,0,0,4330,29,25,205,208,206
18277218,1787214059,30000,749,218,1500,0,0,0,568,540,29,1,100,0,1000,0,-1,-1,0,156,40,0,25,29,0,0,4330,43,-25,205,216,215
18307218,1787214089,30000,694,54,1500,0,0,0,559,550,30,1,100,0,1000,0,-1,-1,0,156,21,0,29,30,0,0,4330,50,25,205,218,217
18337218,1787214119,30000,637,57,1500,0,0,0,558,550,30,1,100,0,1000,0,-1,-1,0,156,21,0,30,30,0,0,4331,-50,-17,205,218,217
18367218,1787214149,30000,677,57,1500,0,0,0,559,550,30,1,100,0,1000,0,-1,-1,0,156,21,0,30,30,0,0,4331,-28,-29,205,219,217
18397219,1787214179,30001,679,67,1500,0,0,0,550,550,30,1,100,0,1000,0,-1,-1,0,156,40,0,30,30,0,0,4331,0,-43,205,219,217
18427218,1787214209,29999,634,62,1500,0,0,0,550,550,29,1,100,0,1000,0,-1,-1,0,156,21,0,30,29,0,0,4331,0,-15,205,217,215
18457218,1787214239,30000,664,59,1500,0,0,0,550,550,30,1,100,0,1000,0,-1,-1,0,156,21,0,30,30,0,0,4329,-14,-3,205,219,217
18487219,1787214269,30001,662,64,1500,0,0,0,549,540,30,1,100,0,1000,0,-1,-1,0,156,21,0,30,30,0,0,4318,-265,-135,205,219,217
18517218,1787214299,29999,646,65,1500,0,0,0,536,530,30,1,100,0,1000,0,-1,-1,0,156,21,0,30,30,0,0,4330,50,26,205,218,217
18547219,1787214329,30001,618,56,1375,0,0,0,543,530,30,1,100,0,1000,0,-1,-1,0,143,21,0,29,30,0,0,4329,-57,0,205,206,204
18577218,1787214359,29999,703,59,1500,0,0,0,537,530,29,1,100,0,1000,0,-1,-1,0,156,21,0,30,29,0,0,4329,-21,-42,205,217,215
18607218,1787214389,30000,647,55,1500,0,0,0,540,540,30,1,100,0,1000,0,-1,-1,0,156,21,0,30,30,0,0,4331,-28,-28,205,219,217
18637218,1787214419,30000,654,62,1500,0,0,0,537,530,30,1,100,0,1000,0,-1,-1,0,156,21,0,30,30,0,0,4330,-50,-23,205,220,219
18667218,1787214449,30000,626,74,1500,0,0,0,538,530,30,1,100,0,1000,0,-1,-1,0,156,21,0,29,30,0,0,4330,21,-1,205,218,217
18697218,1787214479,30000,584,52,1500,0,0,0,538,530,30,1,100,0,1000,0,-1,-1,0,156,21,0,28,30,0,0,4330,-42,-21,205,218,217
18727218,1787214509,30000,727,56,1500,0,0,0,533,530,29,1,100,0,1000,0,-1,-1,0,156,21,0,30,29,0,0,4330,-29,-21,205,216,215
18757219,1787214539,30001,692,58,1500,0,0,0,541,530,30,1,100,0,1000,0,-1,-1,0,156,21,0,30,30,0,0,4328,-21,-17,205,219,217
18787218,1787214569,29999,642,57,1500,0,0,0,529,520,30,1,100,0,1000,0,-1,-1,0,156,21,0,28,30,0,0,4330,0,-26,205,218,217
18817218,1787214599,30000,664,56,1500,0,0,0,537,530,30,1,100,0,1000,0,-1,-1,0,156,21,0,30,30,0,0,4331,-79,-28,205,219,217
18847218,1787214629,30000,620,60,1500,0,0,0,537,530,30,1,100,0,1000,0,-1,-1,0,156,21,0,28,30,0,0,4329,21,10,205,219,217
18877218,1787214659,30000,612,55,1500,0,0,0,546,540,29,1,100,0,1000,0,-1,-1,0,156,21,0,28,29,0,0,4328,-93,-51,205,217,215
18907218,1787214689,30000,659,51,1500,0,0,0,538,530,30,1,100,0,1000,0,-1,-1,0,156,21,0,28,30,0,0,4330,35,17,205,219,217
18937218,1787214719,30000,606,51,1500,0,0,0,533,530,30,1,100,0,1000,0,-1,-1,0,156,21,0,30,30,0,0,4325,-115,-85,205,219,217
18967218,1787214749,30000,640,54,1500,0,0,0,543,530,30,1,100,0,1000,0,-1,-1,0,156,21,0,30,30,0,0,4331,-50,-23,205,219,217
18997218,1787214779,30000,585,47,1500,0,0,0,538,530,30,1,100,0,1000,0,-1,-1,0,156,21,0,30,30,0,0,4328,35,1,205,219,217
19027219,1787214809,30001,603,52,1375,0,0,0,540,530,29,1,100,0,1000,0,-1,-1,0,143,21,0,30,29,0,0,4330,-21,-15,205,204,202
19057218,1787214839,29999,638,57,1500,0,0,0,532,530,30,1,100,0,1000,0,-1,-1,0,156,21,0,30,30,0,0,4329,21,15,205,219,217
19087219,1787214869,30001,599,55,1500,0,0,0,538,520,30,1,100,0,1000,0,-1,-1,0,156,21,0,30,30,0,0,4330,-29,-40,205,219,217
19117218,1787214899,29999,604,55,1500,0,0,0,527,520,30,1,100,0,1000,0,-1,-1,0,156,21,0,30,30,0,0,4331,29,7,205,219,217
19147218,1787214929,30000,619,68,1500,0,0,0,527,520,30,1,100,0,1000,0,-1,-1,0,156,21,0,30,30,0,0,4330,35,17,205,218,217
19177218,1787214959,30000,628,72,1500,0,0,0,530,530,29,1,100,0,1000,0,-1,-1,0,156,21,0,27,29,0,0,4329,-79,-51,205,217,215
19207218,1787214989,30000,606,56,1500,0,0,0,530,520,30,1,100,0,1000,0,-1,-1,0,156,21,0,30,30,0,0,4328,-21,-15,205,219,217
19237218,1787215019,30000,680,59,1500,0,0,0,535,530,30,1,100,0,1000,0,-1,-1,0,156,21,0,30,30,0,0,4329,14,-10,205,219,217
19267218,1787215049,30000,643,66,1500,0,0,0,533,520,30,1,100,0,1000,0,-1,-1,0,156,21,0,30,30,0,0,4329,-71,-39,205,218,217
19297219,1787215079,30001,642,55,1500,0,0,0,525,520,30,1,100,0,1000,0,-1,-1,0,156,21,0,30,30,0,0,4329,14,3,205,219,217
19327219,1787215109,30000,638,61,1500,0,0,0,530,520,29,1,100,0,1000,0,-1,-1,0,156,21,0,29,29,0,0,4327,-42,-15,205,217,215
19357218,1787215139,29999,674,59,1500,0,0,0,537,530,30,1,100,0,1000,0,-1,-1,0,156,40,0,30,30,0,0,4330,14,-14,205,219,217
19387218,1787215169,30000,668,54,1500,0,0,0,536,530,30,1,100,0,1000,0,-1,-1,0,156,40,0,29,30,0,0,4328,-21,-31,205,219,217
19417218,1787215199,30000,637,61,1500,0,0,0,535,530,30,1,100,0,1000,0,-1,-1,0,156,21,0,30,30,0,0,4329,0,-7,205,219,217
19447218,1787215229,30000,696,85,1500,0,0,0,535,530,30,1,100,0,1000,0,-1,-1,0,156,21,0,30,30,0,0,4328,-14,-21,205,218,217
19477219,1787215259,30001,603,54,1500,0,0,0,530,530,29,1,100,0,1000,0,-1,-1,0,156,21,0,30,29,0,0,4329,0,-4,205,216,215
19507219,1787215289,30000,656,57,1375,0,0,0,530,520,30,1,100,0,1000,0,-1,-1,0,143,21,0,30,30,0,0,4329,-21,-12,205,206,204
19537218,1787215319,29999,639,56,1500,0,0,0,530,520,30,1,100,0,1000,0,-1,-1,0,156,21,0,30,30,0,0,4329,-6,-112,205,219,217
19567218,1787215349,30000,668,56,1500,0,0,0,528,520,30,1,100,0,1000,0,-1,-1,0,156,40,0,28,30,0,0,4327,-35,-23,205,219,217
19597218,1787215379,30000,623,56,1500,0,0,0,533,530,30,1,100,0,1000,0,-1,-1,0,156,21,0,30,30,0,0,4328,-14,-7,205,219,217
19627218,1787215409,30000,675,58,1500,0,0,0,536,530,29,1,100,0,1000,0,-1,-1,0,156,21,0,30,29,0,0,4329,0,6,205,217,215
19657218,1787215439,30000,638,55,1500,0,0,0,535,530,30,1,100,0,1000,0,-1,-1,0,156,21,0,30,30,0,0,4328,-35,-26,205,219,217
19687218,1787215469,30000,713,66,1500,0,0,0,542,540,30,1,100,0,1000,0,-1,-1,0,156,21,0,30,30,0,0,4328,-6,7,205,219,217
19717218,1787215499,30000,632,60,1375,0,0,0,533,530,30,1,100,0,1000,0,-1,-1,0,143,40,0,30,30,0,0,4328,-21,-35,205,206,204
19747219,1787215529,30001,664,59,1500,0,0,0,530,520,30,1,100,0,1000,0,-1,-1,0,156,21,0,30,30,0,0,4329,-29,-6,205,219,217
19777218,1787215559,29999,611,58,1500,0,0,0,534,530,29,1,100,0,999,0,-1,-1,0,156,21,0,30,29,0,0,4329,0,-21,205,217,216
19807218,1787215589,30000,676,73,1500,0,0,0,539,530,30,1,100,0,999,0,-1,-1,0,156,21,0,30,30,0,0,4329,-21,-23,204,219,217
19837219,1787215619,30001,673,59,1500,0,0,0,539,530,30,1,100,0,999,0,-1,-1,0,156,21,0,30,30,0,0,4327,-42,-4,204,219,217
19867219,1787215649,30000,690,58,1500,0,0,0,539,530,30,1,100,0,1000,0,-1,-1,0,156,21,0,30,30,0,0,4329,29,17,204,220,218
19897218,1787215679,29999,667,60,1500,0,0,0,538,530,29,1,100,0,1000,0,-1,-1,0,156,21,0,30,29,0,0,4326,-35,-51,204,217,215
19927218,1787215709,30000,674,65,1500,0,0,0,544,540,30,1,100,0,1000,0,-1,-1,0,156,21,0,30,30,0,0,4328,6,7,204,219,217
19957220,1787215739,30002,3015,1369,1375,1,0,0,552,540,30,1,100,0,999,0,-1,-1,0,143,40,0,26,30,0,0,4327,-21,4,205,209,207
19987218,1787215769,29998,405,45,1500,0,0,0,571,530,29,1,100,0,999,0,-1,-1,0,156,21,0,28,29,0,0,4329,-14,-7,204,217,215
20017218,1787215799,30000,465,47,1500,0,0,0,538,530,30,1,100,0,999,0,-1,-1,0,156,21,0,30,30,0,0,4326,-14,-12,204,219,217
20047218,1787215829,30000,8571,3978,1500,2,0,0,552,540,30,1,100,0,1000,0,-1,-1,0,156,40,0,29,30,0,0,4327,21,32,205,222,221
20077218,1787215859,30000,3264,2193,1375,0,0,0,566,530,30,1,100,0,1000,0,-1,-1,0,143,40,0,25,30,0,0,4328,6,7,205,207,205
20107218,1787215889,30000,4247,2136,1500,1,0,0,533,530,29,1,100,0,1000,0,-1,-1,0,156,40,0,23,29,0,0,4330,-14,-6,205,219,217
20137219,1787215919,30001,494,46,1500,0,0,0,553,530,30,1,100,0,999,0,-1,-1,0,156,21,0,28,30,0,0,4327,29,6,205,220,218
20167218,1787215949,29999,488,47,1500,0,0,0,529,520,30,1,100,0,999,0,-1,-1,0,156,40,0,28,30,0,0,4328,-57,-26,204,219,217
20197219,1787215979,30001,3280,2478,1375,1,0,0,530,480,30,1,100,0,999,0,-1,-1,0,143,40,0,22,30,0,0,4328,21,-14,204,208,206
20227218,1787216009,29999,488,41,1500,0,0,0,543,530,29,1,100,0,999,0,-1,-1,0,156,21,0,30,29,0,0,4327,-50,-28,204,217,215
20257218,1787216039,30000,560,42,1500,0,0,0,541,530,30,1,100,0,999,0,-1,-1,0,156,40,0,24,30,0,0,4327,-14,-17,204,219,217
20287219,1787216069,30001,555,51,1500,0,0,0,536,530,30,1,100,0,999,0,-1,-1,0,156,21,0,30,30,0,0,4328,6,-6,204,219,217
20317218,1787216099,29999,609,95,1500,0,0,0,535,520,30,1,100,0,999,0,-1,-1,0,156,21,0,28,30,0,0,4327,14,-25,204,219,217
20347219,1787216129,30001,516,51,1500,0,0,0,538,530,30,1,100,0,999,0,-1,-1,0,156,21,0,29,30,0,0,4328,14,-28,204,219,217
20377218,1787216159,29999,509,44,1500,0,0,0,533,530,29,1,100,0,999,0,-1,-1,0,156,21,0,30,29,0,0,4328,14,-6,204,216,215
20407218,1787216189,30000,531,56,1500,0,0,0,538,530,30,1,100,0,999,0,-1,-1,0,156,21,0,30,30,0,0,4325,-6,-9,204,219,217
20437218,1787216219,30000,457,45,1375,0,0,0,523,520,30,1,100,0,999,0,-1,-1,0,143,21,0,28,30,0,0,4327,-42,-35,204,206,204
20467218,1787216249,30000,611,49,1625,0,0,0,530,520,30,1,100,0,999,0,-1,-1,0,169,21,0,30,30,0,0,4326,43,7,204,231,230
20497219,1787216279,30001,592,48,1500,0,0,0,528,520,30,1,100,0,1000,0,-1,-1,0,156,21,0,30,30,0,0,4325,14,1,204,220,218
20527219,1787216309,30000,539,88,1500,0,0,0,522,510,29,1,100,0,1000,0,-1,-1,0,156,21,0,28,29,0,0,4328,-42,-20,204,217,215
20557218,1787216339,29999,33086,10009,1375,2,1,0,563,520,30,1,100,0,1000,0,-1,-1,0,143,40,0,21,30,0,0,4328,0,14,204,210,208
20587219,1787216369,30001,4205,2194,1500,0,1,0,682,600,29,1,100,0,1000,0,-1,-1,0,156,40,0,24,29,0,0,4328,21,1,204,219,217
20617220,1787216399,30001,361,40,1375,0,0,0,570,560,30,1,100,0,1000,0,-1,-1,0,143,21,0,26,30,0,0,4327,-29,-10,204,206,204
20647218,1787216429,29998,399,42,1500,0,0,0,582,570,30,1,100,0,1000,0,-1,-1,0,156,21,0,28,30,0,0,4326,21,17,204,219,217
20677218,1787216459,30000,375,35,1500,0,0,0,585,580,30,1,100,0,1000,0,-1,-1,0,156,21,0,25,30,0,0,4327,-28,-76,204,218,217
20707218,1787216489,30000,400,40,1500,0,0,0,597,590,30,1,100,0,1000,0,-1,-1,0,156,21,0,30,30,0,0,4328,64,0,204,219,217
20737218,1787216519,30000,375,46,1500,0,0,0,595,580,29,1,100,0,1000,0,-1,-1,0,156,21,0,30,29,0,0,4328,71,45,204,217,215
20767218,1787216549,30000,387,41,1500,0,0,0,590,580,30,1,100,0,1000,0,-1,-1,0,156,21,0,28,30,0,0,4328,-28,-26,204,219,217
20797218,1787216579,30000,397,39,1500,0,0,0,597,590,30,1,100,0,1000,0,-1,-1,0,156,21,0,26,30,0,0,4327,-64,-25,204,219,217
20827218,1787216609,30000,382,42,1500,0,0,0,597,590,30,1,100,0,1000,0,-1,-1,0,156,21,0,30,30,0,0,4326,-14,3,204,218,217
20857218,1787216639,30000,374,43,1500,0,0,0,592,590,30,1,100,0,1000,0,-1,-1,0,156,21,0,30,30,0,0,4327,-35,-1,204,218,217
20887219,1787216669,30001,394,69,1500,0,0,0,590,580,29,1,100,0,1000,0,-1,-1,0,156,21,0,27,29,0,0,4326,21,9,204,217,215
20917218,1787216699,29999,443,158,1500,0,0,0,602,590,30,1,100,0,1000,0,-1,-1,0,156,21,0,29,30,0,0,4326,0,-17,204,219,217
20947218,1787216729,30000,399,159,1500,0,0,0,595,570,30,1,100,0,1000,0,-1,-1,0,156,21,0,27,30,0,0,4327,-64,-45,204,219,217
20977218,1787216759,30000,453,155,1500,0,0,0,599,590,30,1,100,0,1000,0,-1,-1,0,156,21,0,27,30,0,0,4327,-21,-9,204,218,217
21007218,1787216789,30000,340,34,1500,0,0,0,597,590,30,1,100,0,1000,0,-1,-1,0,156,21,0,30,30,0,0,4326,-28,-37,204,218,217
21037219,1787216819,30001,346,37,1500,0,0,0,597,590,29,1,100,0,1000,0,-1,-1,0,156,21,0,26,29,0,0,4327,64,21,204,217,215
21067218,1787216849,29999,349,36,1500,0,0,0,605,590,30,1,100,0,1000,0,-1,-1,0,156,21,0,23,30,0,0,4326,-6,-14,204,219,217
21097219,1787216879,30001,401,63,1500,0,0,0,604,600,30,1,100,0,1000,0,-1,-1,0,156,21,0,28,30,0,0,4327,-14,-15,204,219,217
21127218,1787216909,29999,332,39,1500,0,0,0,593,580,30,1,100,0,1000,0,-1,-1,0,156,21,0,26,30,0,0,4327,43,35,204,218,217
21157218,1787216939,30000,2434,1373,1375,1,0,0,615,590,30,1,100,0,1000,0,-1,-1,0,143,40,0,26,30,0,0,4325,-28,-35,204,208,206
21187218,1787216969,30000,371,40,1500,0,0,0,581,580,29,1,100,0,1000,0,-1,-1,0,156,21,0,28,29,0,0,4326,29,18,204,217,215
21217218,1787216999,30000,493,170,1500,0,0,0,583,570,30,1,100,0,1000,0,-1,-1,0,156,21,0,30,30,0,0,4326,-28,-20,204,219,217
21247219,1787217029,30001,379,51,1500,0,0,0,600,580,30,1,100,0,1000,0,-1,-1,0,156,21,0,28,30,0,0,4324,14,6,204,219,217
21277218,1787217059,29999,375,41,1500,0,0,0,586,570,30,1,100,0,1000,0,-1,-1,0,156,21,0,28,30,0,0,4326,14,-12,204,219,217
21307218,1787217089,30000,389,48,1375,0,0,0,594,580,30,1,100,0,1000,0,-1,-1,0,143,40,0,30,30,0,0,4326,-64,-42,204,205,204
21337218,1787217119,30000,436,53,1500,0,0,0,616,600,29,1,100,0,1000,0,-1,-1,0,156,21,0,23,29,0,0,4325,6,-15,204,217,215
21367218,1787217149,30000,510,116,1500,0,0,0,598,580,30,1,100,0,1000,0,-1,-1,0,156,21,0,28,30,0,0,4326,21,9,204,218,217
21397218,1787217179,30000,343,43,1500,0,0,0,583,570,30,1,100,0,1000,0,-1,-1,0,156,21,0,30,30,0,0,4328,29,1,204,219,217
21427218,1787217209,30000,371,53,1500,0,0,0,586,580,30,1,100,0,1000,0,-1,-1,0,156,21,0,29,30,0,0,4325,21,17,204,219,217
21457218,1787217239,30000,544,205,1500,0,0,0,616,590,30,1,100,0,1000,0,-1,-1,0,156,21,0,24,30,0,0,4322,-79,-42,204,219,217
21487218,1787217269,30000,1381,1539,1500,1,0,0,624,600,29,1,100,0,999,0,-1,-1,0,156,40,0,30,29,0,0,4326,-64,-48,204,220,218
21517218,1787217299,30000,357,41,1500,0,0,0,643,610,30,1,100,0,999,0,-1,-1,0,156,21,0,22,30,0,0,4325,-35,-23,204,219,217
21547219,1787217329,30001,331,35,1500,0,0,0,603,590,30,1,100,0,999,0,-1,-1,0,156,21,0,30,30,0,0,4324,-14,-15,204,219,217
21577218,1787217359,29999,438,80,1500,0,0,0,623,600,30,1,100,0,999,0,-1,-1,0,156,21,0,28,30,0,0,4326,0,12,204,218,217
21607219,1787217389,30001,333,33,1375,0,0,0,616,600,30,1,100,0,1000,0,-1,-1,0,143,40,0,28,30,0,0,4327,-6,-7,204,207,205
21637218,1787217419,29999,449,129,1500,0,0,0,622,600,29,1,100,0,1000,0,-1,-1,0,156,21,0,26,29,0,0,4325,-21,-82,204,217,215
21667218,1787217449,30000,421,70,1500,0,0,0,599,580,30,1,100,0,1000,0,-1,-1,0,156,21,0,29,30,0,0,4325,-56,-17,204,219,217
21697218,1787217479,30000,393,41,1500,0,0,0,609,590,30,1,100,0,1000,0,-1,-1,0,156,21,0,30,30,0,0,4326,6,-12,204,219,217
21727219,1787217509,30001,351,36,1500,0,0,0,586,570,30,1,100,0,1000,0,-1,-1,0,156,21,0,27,30,0,0,4325,43,7,204,219,217
21757218,1787217539,29999,370,40,1500,0,0,0,597,590,30,1,100,0,1000,0,-1,-1,0,156,21,0,30,30,0,0,4326,0,-4,204,218,217
21787218,1787217569,30000,423,82,1500,0,0,0,616,570,29,1,100,0,1000,0,-1,-1,0,156,21,0,21,29,0,0,4326,21,1,204,217,215
21817218,1787217599,30000,6079,2938,1500,1,0,0,633,590,30,1,100,0,1000,0,-1,-1,0,156,40,0,22,30,0,0,4325,35,-1,204,220,219
21847219,1787217629,30001,602,121,1500,0,0,0,593,580,30,1,100,0,1000,0,-1,-1,0,156,21,0,27,30,0,0,4325,-14,1,204,219,217
21877218,1787217659,29999,687,91,1500,0,0,0,586,560,30,1,100,0,1000,0,-1,-1,0,156,21,0,28,30,0,0,4324,-28,-9,204,219,217
21907218,1787217689,30000,528,52,1500,0,0,0,595,590,29,1,100,0,1000,0,-1,-1,0,156,21,0,28,29,0,0,4326,-14,-10,204,217,215
21937219,1787217719,30001,482,59,1500,0,0,0,588,570,30,1,100,0,1000,0,-1,-1,0,156,21,0,30,30,0,0,4325,50,35,204,218,217
21967218,1787217749,29999,599,120,1500,0,0,0,586,570,30,1,100,0,1000,0,-1,-1,0,156,21,0,29,30,0,0,4323,-21,-37,204,218,217
21997220,1787217779,30002,8100,2806,1375,1,0,0,654,560,30,1,100,0,1000,0,-1,-1,0,143,40,0,24,30,0,0,4325,-84,-43,204,208,206
22027218,1787217809,29998,228,23,1500,0,0,0,614,560,30,1,100,0,1000,0,-1,-1,0,156,21,0,30,30,0,0,4325,-6,-12,204,219,217
22057218,1787217839,30000,226,22,1500,0,0,0,565,560,29,1,100,0,1000,0,-1,-1,0,156,40,0,28,29,0,0,4326,-28,-48,204,217,215
22087218,1787217869,30000,221,27,1500,0,0,0,571,560,30,1,100,0,1000,0,-1,-1,0,156,21,0,30,30,0,0,4325,-42,-26,204,218,217
22117218,1787217899,30000,223,22,1500,0,0,0,566,560,30,1,100,0,1000,0,-1,-1,0,156,21,0,30,30,0,0,4325,56,26,204,218,217
22147218,1787217929,30000,207,18,1500,0,0,0,563,560,30,1,100,0,1000,0,-1,-1,0,156,21,0,30,30,0,0,4325,0,-26,204,219,217
22177220,1787217959,30002,649,372,1375,0,0,0,585,570,30,1,100,0,1000,0,-1,-1,0,143,21,0,28,30,0,0,4323,-128,-112,204,206,204
22207218,1787217989,29998,220,22,1500,0,0,0,581,560,29,1,100,0,1000,0,-1,-1,0,156,21,0,30,29,0,0,4325,-14,-15,204,216,215
22237218,1787218019,30000,221,21,1500,0,0,0,550,540,30,1,100,0,1000,0,-1,-1,0,156,21,0,30,30,0,0,4324,21,7,204,219,217
22267218,1787218049,30000,211,20,1500,0,0,0,558,550,30,1,100,0,1000,0,-1,-1,0,156,21,0,28,30,0,0,4323,-14,-17,204,218,217
22297218,1787218079,30000,222,23,1500,0,0,0,560,550,30,1,100,0,1000,0,-1,-1,0,156,21,0,28,30,0,0,4325,-35,-20,204,219,217
22327219,1787218109,30001,13713,7311,1500,1,0,0,604,570,29,1,100,0,1000,0,-1,-1,0,156,40,0,23,29,0,0,4325,6,-3,204,219,217
22357218,1787218139,29999,516,57,1500,0,0,0,632,550,30,1,100,0,1000,0,-1,-1,0,156,21,0,19,30,0,0,4324,0,-12,204,218,217
22387218,1787218169,30000,457,43,1375,0,0,0,536,520,30,1,100,0,1000,0,-1,-1,0,143,21,0,26,30,0,0,4324,-42,-14,204,205,204
22417218,1787218199,30000,479,54,1500,0,0,0,559,530,30,1,100,0,1000,0,-1,-1,0,156,21,0,17,30,0,0,4324,-28,-17,204,219,217
22447218,1787218229,30000,427,50,1500,0,0,0,532,520,30,1,100,0,1000,0,-1,-1,0,156,21,0,27,30,0,0,4323,-28,-7,204,218,217
22477219,1787218259,30001,446,50,1500,0,0,0,543,530,29,1,100,0,1000,0,-1,-1,0,156,21,0,27,29,0,0,4324,14,14,204,217,215
22507219,1787218289,30000,442,46,1500,0,0,0,547,520,30,1,100,0,1000,0,-1,-1,0,156,21,0,18,30,0,0,4324,-21,-12,204,219,217
22537218,1787218319,29999,365,47,1500,0,0,0,518,480,30,1,100,0,1000,0,-1,-1,0,156,21,0,24,30,0,0,4324,-56,-29,204,218,217
22567218,1787218349,30000,15658,7158,1500,1,0,0,576,510,30,1,100,0,1000,0,-1,-1,0,156,40,0,21,29,0,0,4323,21,-17,204,218,218
22597218,1787218379,30000,409,40,1500,0,0,0,553,480,29,1,100,0,999,0,-1,-1,0,156,21,0,16,30,0,0,4324,-42,-60,203,219,217
22627218,1787218409,30000,361,39,1500,0,0,0,507,460,30,1,100,0,999,0,-1,-1,0,156,21,0,20,30,0,0,4322,6,-3,203,219,217
22657219,1787218439,30001,364,39,1500,0,0,0,538,480,30,1,100,0,1000,0,-1,-1,0,156,21,0,18,30,0,0,4323,14,-12,203,220,218
22687218,1787218469,29999,314,32,1375,0,0,0,528,510,30,1,100,0,1000,0,-1,-1,0,143,40,0,22,30,0,0,4325,14,-26,203,205,204
22717218,1787218499,30000,336,34,1500,0,0,0,535,530,30,1,100,0,1000,0,-1,-1,0,156,21,0,19,30,0,0,4323,-21,-9,203,219,217
22747218,1787218529,30000,555,164,1500,0,0,0,537,530,29,1,100,0,1000,0,-1,-1,0,156,21,0,26,29,0,0,4324,6,9,203,217,215
22777218,1787218559,30000,333,45,1500,0,0,0,545,520,30,1,100,0,1000,0,-1,-1,0,156,21,0,23,30,0,0,4324,-57,-28,203,219,217
22807218,1787218589,30000,361,41,1500,0,0,0,545,520,30,1,100,0,1000,0,-1,-1,0,156,21,0,20,30,0,0,4324,-65,-48,203,218,217
22837219,1787218619,30001,347,39,1500,0,0,0,540,510,30,1,100,0,1000,0,-1,-1,0,156,21,0,14,30,0,0,4324,-29,-4,203,219,217
22867220,1787218649,30001,373,36,1500,0,0,0,543,520,30,1,100,0,1000,0,-1,-1,0,156,21,0,18,30,0,0,4323,-29,1,203,219,217
22897219,1787218679,29999,15892,5406,1500,1,0,0,559,540,29,1,100,0,1000,0,-1,-1,0,156,40,0,11,29,0,0,4321,-165,-78,203,218,216
22927218,1787218709,29999,870,712,1500,0,0,0,580,560,30,1,100,0,1000,0,-1,-1,0,156,40,0,8,30,0,0,4323,-115,-43,203,220,218
22957218,1787218739,30000,346,157,1500,0,0,0,588,530,30,1,100,0,1000,0,-1,-1,0,156,21,0,20,30,0,0,4324,-14,-35,203,219,217
22987218,1787218769,30000,238,26,1375,0,0,0,522,510,30,1,100,0,1000,0,-1,-1,0,143,40,0,30,30,0,0,4323,14,1,203,206,204
23017218,1787218799,30000,237,25,1500,0,0,0,521,520,30,1,100,0,1000,0,-1,-1,0,156,21,0,30,30,0,0,4325,-6,-14,203,218,217
23047218,1787218829,30000,238,20,1500,0,0,0,518,510,29,1,100,0,1000,0,-1,-1,0,156,21,0,30,29,0,0,4322,43,-29,203,217,215
23077218,1787218859,30000,230,24,1500,0,0,0,522,510,30,1,100,0,1000,0,-1,-1,0,156,21,0,30,30,0,0,4323,29,-6,203,218,217
23107219,1787218889,30001,233,21,1500,0,0,0,511,500,30,1,100,0,1000,0,-1,-1,0,156,21,0,30,30,0,0,4324,-21,-18,203,219,217
23137218,1787218919,29999,222,24,1500,0,0,0,525,510,30,1,100,0,1000,0,-1,-1,0,156,21,0,30,30,0,0,4321,35,9,203,219,217
23167218,1787218949,30000,246,23,1500,0,0,0,509,500,30,1,100,0,1000,0,-1,-1,0,156,40,0,30,30,0,0,4323,29,7,203,219,217
23197218,1787218979,30000,224,25,1500,0,0,0,508,500,29,1,100,0,1000,0,-1,-1,0,156,21,0,30,29,0,0,4323,14,-18,203,217,215
23227218,1787219009,30000,228,25,1500,0,0,0,509,500,30,1,100,0,1000,0,-1,-1,0,156,21,0,30,30,0,0,4323,-21,-23,203,219,217
23257218,1787219039,30000,222,19,1500,0,0,0,518,510,30,1,100,0,1000,0,-1,-1,0,156,21,0,30,30,0,0,4323,29,15,203,219,217
23287218,1787219069,30000,218,22,1500,0,0,0,518,510,30,1,100,0,1000,0,-1,-1,0,156,21,0,30,30,0,0,4321,6,7,203,219,217
23317220,1787219099,30002,213,28,1375,0,0,0,520,520,30,1,100,0,1000,0,-1,-1,0,143,40,0,30,30,0,0,4321,-50,-29,203,206,204
23347218,1787219129,29998,223,22,1500,0,0,0,512,500,29,1,100,0,1000,0,-1,-1,0,156,21,0,28,29,0,0,4323,-71,-48,203,217,215
23377218,1787219159,30000,241,39,1500,0,0,0,521,500,30,1,100,0,1000,0,-1,-1,0,156,40,0,28,30,0,0,4323,-56,-59,203,219,217
23407219,1787219189,30001,237,20,1500,0,0,0,519,510,30,1,100,0,1000,0,-1,-1,0,156,21,0,30,30,0,0,4323,21,-12,203,219,217
23437218,1787219219,29999,232,20,1500,0,0,0,527,520,30,1,100,0,1000,0,-1,-1,0,156,21,0,30,30,0,0,4322,-50,-25,203,219,217
23467218,1787219249,30000,221,21,1500,0,0,0,527,520,30,1,100,0,1000,0,-1,-1,0,156,21,0,30,30,0,0,4323,-14,-18,203,219,217
23497218,1787219279,30000,223,19,1500,0,0,0,530,530,29,1,100,0,1000,0,-1,-1,0,156,21,0,30,29,0,0,4323,21,1,203,217,215
23527219,1787219309,30001,227,22,1500,0,0,0,521,520,30,1,100,0,1000,0,-1,-1,0,156,21,0,28,30,0,0,4324,28,4,203,219,217
23557218,1787219339,29999,241,22,1500,0,0,0,526,520,30,1,100,0,1000,0,-1,-1,0,156,21,0,30,30,0,0,4322,-21,-31,203,219,217
23587218,1787219369,30000,223,21,1375,0,0,0,530,530,30,1,100,0,1000,0,-1,-1,0,143,40,0,30,30,0,0,4321,14,7,203,206,204
23617218,1787219399,30000,231,22,1500,0,0,0,519,510,30,1,100,0,1000,0,-1,-1,0,156,21,0,30,30,0,0,4322,6,1,203,218,217
23647218,1787219429,30000,230,22,1500,0,0,0,516,510,29,1,100,0,1000,0,-1,-1,0,156,21,0,30,29,0,0,4322,-21,-34,203,217,215
23677218,1787219459,30000,223,22,1500,0,0,0,517,510,30,1,100,0,999,0,-1,-1,0,156,21,0,30,30,0,0,4321,56,12,203,220,218
23707218,1787219489,30000,234,20,1500,0,0,0,520,520,30,1,100,0,999,0,-1,-1,0,156,21,0,29,30,0,0,4322,-50,-26,203,218,217
23737218,1787219519,30000,216,20,1500,0,0,0,521,520,30,1,100,0,999,0,-1,-1,0,156,21,0,29,30,0,0,4321,-56,-62,203,219,217
23767218,1787219549,30000,244,25,1500,0,0,0,520,510,30,1,100,0,999,0,-1,-1,0,156,21,0,30,30,0,0,4321,43,-12,203,219,217
23797219,1787219579,30001,232,25,1500,0,0,0,523,520,29,1,100,0,999,0,-1,-1,0,156,40,0,30,29,0,0,4321,0,9,203,217,215
23827219,1787219609,30000,232,23,1500,0,0,0,523,520,30,1,100,0,1000,0,-1,-1,0,156,21,0,30,30,0,0,4323,14,9,203,220,218
23857218,1787219639,29999,238,26,1500,0,0,0,526,520,30,1,100,0,1000,0,-1,-1,0,156,21,0,30,30,0,0,4321,43,20,203,219,217
23887219,1787219669,30001,230,25,1500,0,0,0,525,520,30,1,100,0,1000,0,-1,-1,0,156,21,0,30,30,0,0,4321,14,-4,203,218,217
23917218,1787219699,29999,234,23,1500,0,0,0,523,520,30,1,100,0,1000,0,-1,-1,0,156,21,0,30,30,0,0,4322,-84,-87,203,218,217
23947219,1787219729,30001,202,22,1375,0,0,0,528,520,29,1,100,0,1000,0,-1,-1,0,143,21,0,30,29,0,0,4321,-50,-42,203,204,202
23977218,1787219759,29999,231,21,1500,0,0,0,526,520,30,1,100,0,1000,0,-1,-1,0,156,21,0,30,30,0,0,4321,-35,-26,203,219,217
24007218,1787219789,30000,239,24,1500,0,0,0,520,520,30,1,100,0,1000,0,-1,-1,0,156,40,0,30,30,0,0,4321,0,1,203,218,217
24037218,1787219819,30000,237,24,1500,0,0,0,522,510,30,1,100,0,1000,0,-1,-1,0,156,21,0,30,30,0,0,4321,14,1,203,218,217
24067218,1787219849,30000,240,21,1500,0,0,0,512,510,30,1,100,0,1000,0,-1,-1,0,156,21,0,30,30,0,0,4322,21,1,203,218,217
24097218,1787219879,30000,241,22,1500,0,0,0,526,520,29,1,100,0,1000,0,-1,-1,0,156,21,0,30,29,0,0,4321,-28,-1,203,217,215
24127218,1787219909,30000,229,22,1500,0,0,0,517,510,30,1,100,0,1000,0,-1,-1,0,156,21,0,30,30,0,0,4320,-6,-20,203,219,217
24157219,1787219939,30001,231,23,1500,0,0,0,516,510,30,1,100,0,1000,0,-1,-1,0,156,21,0,30,30,0,0,4320,28,10,203,219,217
24187219,1787219969,30000,238,21,1500,0,0,0,526,520,30,1,100,0,1000,0,-1,-1,0,156,21,0,30,30,0,0,4320,-35,-17,203,219,217
24217219,1787219999,30000,217,20,1500,0,0,0,516,510,30,1,100,0,1000,0,-1,-1,0,156,21,0,30,30,0,0,4322,-14,-34,203,219,217
24247218,1787220029,29999,246,27,1500,0,0,0,526,520,29,1,100,0,1000,0,-1,-1,0,156,21,0,30,29,0,0,4319,-21,-18,203,217,215
24277218,1787220059,30000,226,22,1500,0,0,0,524,520,30,1,100,0,1000,0,-1,-1,0,156,21,0,30,30,0,0,4322,14,-4,203,219,217
24307218,1787220089,30000,232,20,1500,0,0,0,515,510,30,1,100,0,1000,0,-1,-1,0,156,21,0,30,30,0,0,4319,-14,-14,203,219,217
24337218,1787220119,30000,252,27,1500,0,0,0,524,510,30,1,100,0,1000,0,-1,-1,0,156,21,0,30,30,0,0,4321,-21,-39,203,219,217
24367219,1787220149,30001,202,22,1375,0,0,0,517,500,30,1,100,0,1000,0,-1,-1,0,143,21,0,30,30,0,0,4321,0,-21,203,206,204
24397219,1787220179,30000,225,25,1500,0,0,0,523,510,29,1,100,0,1000,0,-1,-1,0,156,21,0,30,29,0,0,4320,-21,-23,203,217,215
24427219,1787220209,30000,225,21,1500,0,0,0,518,510,30,1,100,0,1000,0,-1,-1,0,156,21,0,30,30,0,0,4320,-42,-34,203,219,217
24457219,1787220239,30000,225,24,1500,0,0,0,523,520,30,1,100,0,1000,0,-1,-1,0,156,21,0,28,30,0,0,4321,6,15,203,219,217
24487219,1787220269,30000,230,22,1500,0,0,0,508,500,30,1,100,0,1000,0,-1,-1,0,156,21,0,30,30,0,0,4322,28,21,203,219,217
24517218,1787220299,29999,228,24,1500,0,0,0,528,520,30,1,100,0,1000,0,-1,-1,0,156,21,0,30,30,0,0,4321,-6,0,203,218,217
24547218,1787220329,30000,230,21,1500,0,0,0,524,520,29,1,100,0,1000,0,-1,-1,0,156,21,0,30,29,0,0,4321,35,26,203,217,215
24577219,1787220359,30001,227,23,1500,0,0,0,521,520,30,1,100,0,1000,0,-1,-1,0,156,21,0,30,30,0,0,4320,-6,15,203,219,217
24607218,1787220389,29999,230,26,1500,0,0,0,527,520,30,1,100,0,1000,0,-1,-1,0,156,21,0,30,30,0,0,4321,-28,-79,203,219,217
24637219,1787220419,30001,239,25,1500,0,0,0,523,510,30,1,100,0,1000,0,-1,-1,0,156,21,0,29,30,0,0,4320,14,-7,203,219,217
24667218,1787220449,29999,228,24,1500,0,0,0,526,520,30,1,100,0,1000,0,-1,-1,0,156,21,0,30,30,0,0,4319,-28,-21,203,218,217
24697219,1787220479,30001,237,24,1500,0,0,0,521,510,29,1,100,0,1000,0,-1,-1,0,156,21,0,29,29,0,0,4319,-50,-45,203,217,215
24727218,1787220509,29999,221,26,1500,0,0,0,521,510,30,1,100,0,1000,0,-1,-1,0,156,21,0,30,30,0,0,4319,21,21,203,219,217
24757218,1787220539,30000,229,28,1500,0,0,0,519,510,30,1,100,0,1000,0,-1,-1,0,156,21,0,28,30,0,0,4320,14,-7,203,218,217
24787218,1787220569,30000,225,22,1500,0,0,0,513,510,30,1,100,0,1000,0,-1,-1,0,156,21,0,30,30,0,0,4320,-71,-46,203,219,217
24817218,1787220599,30000,222,22,1375,0,0,0,521,520,30,1,100,0,1000,0,-1,-1,0,143,40,0,30,30,0,0,4321,71,10,203,206,204
24847218,1787220629,30000,229,22,1500,0,0,0,520,510,29,1,100,0,1000,0,-1,-1,0,156,21,0,29,29,0,0,4319,0,-6,203,217,215
24877218,1787220659,30000,224,21,1500,0,0,0,516,510,30,1,100,0,1000,0,-1,-1,0,156,21,0,30,30,0,0,4317,-178,-92,203,219,217
24907218,1787220689,30000,215,22,1500,0,0,0,515,510,30,1,100,0,1000,0,-1,-1,0,156,21,0,30,30,0,0,4320,-6,0,203,219,217
24937218,1787220719,30000,224,23,1500,0,0,0,519,510,30,1,100,0,1000,0,-1,-1,0,156,21,0,30,30,0,0,4320,-48,-10,203,218,217
24967218,1787220749,30000,238,25,1500,0,0,0,521,510,30,1,100,0,1000,0,-1,-1,0,156,21,0,30,30,0,0,4320,-42,-26,203,219,217
24997218,1787220779,30000,242,23,1500,0,0,0,522,510,29,1,100,0,999,0,-1,-1,0,156,40,0,30,29,0,0,4320,-42,-34,202,217,216
25027218,1787220809,30000,3113,5747,1500,1,0,0,518,500,30,1,100,0,999,0,-1,-1,0,156,40,0,30,30,0,0,4320,50,42,202,220,218
25057218,1787220839,30000,19596,8176,1375,0,0,0,593,510,30,1,100,0,999,0,-1,-1,0,143,40,0,19,30,0,0,4321,56,3,202,207,205
25087218,1787220869,30000,388,40,1500,0,0,0,537,520,30,1,100,0,999,0,-1,-1,0,156,21,0,30,30,0,0,4320,-21,-1,202,218,217
25117219,1787220899,30001,326,31,1500,0,0,0,525,520,29,1,100,0,1000,0,-1,-1,0,156,21,0,30,29,0,0,4319,-42,-45,202,218,216
25147219,1787220929,30000,284,29,1500,0,0,0,525,520,30,1,100,0,1000,0,-1,-1,0,156,21,0,30,30,0,0,4319,-50,-35,202,219,217
25177218,1787220959,29999,315,33,1500,0,0,0,531,530,30,1,100,0,1000,0,-1,-1,0,156,21,0,30,30,0,0,4319,-92,-60,202,218,217
25207219,1787220989,30001,298,28,1500,0,0,0,532,530,30,1,100,0,1000,0,-1,-1,0,156,40,0,30,30,0,0,4320,-6,1,202,219,217
25237218,1787221019,29999,312,47,1500,0,0,0,528,520,30,1,100,0,1000,0,-1,-1,0,156,21,0,30,30,0,0,4319,-28,-10,202,219,217
25267218,1787221049,30000,322,31,1500,0,0,0,531,520,29,1,100,0,1000,0,-1,-1,0,156,21,0,30,29,0,0,4320,-50,-14,202,217,215
25297218,1787221079,30000,289,29,1500,0,0,0,533,530,30,1,100,0,1000,0,-1,-1,0,156,21,0,30,30,0,0,4318,-21,-6,202,219,217
25327218,1787221109,30000,304,34,1500,0,0,0,531,520,30,1,100,0,1000,0,-1,-1,0,156,21,0,29,30,0,0,4319,21,-20,202,218,217
25357218,1787221139,30000,267,29,1375,0,0,0,532,530,30,1,100,0,1000,0,-1,-1,0,143,21,0,30,30,0,0,4320,-28,-14,202,205,204
25387218,1787221169,30000,274,26,1500,0,0,0,533,530,30,1,100,0,1000,0,-1,-1,0,156,21,0,30,30,0,0,4318,43,21,202,218,217
25417218,1787221199,30000,284,31,1500,0,0,0,532,520,29,1,100,0,1000,0,-1,-1,0,156,21,0,30,29,0,0,4320,-64,-35,202,217,215
25447218,1787221229,30000,297,29,1500,0,0,0,541,530,30,1,100,0,1000,0,-1,-1,0,156,21,0,29,30,0,0,4318,14,4,202,219,217
25477218,1787221259,30000,286,27,1500,0,0,0,533,520,30,1,100,0,1000,0,-1,-1,0,156,21,0,30,30,0,0,4318,21,1,202,219,217
25507218,1787221289,30000,287,30,1500,0,0,0,525,520,30,1,100,0,1000,0,-1,-1,0,156,21,0,30,30,0,0,4319,6,-4,202,218,217
25537218,1787221319,30000,275,25,1500,0,0,0,530,530,30,1,100,0,1000,0,-1,-1,0,156,21,0,30,30,0,0,4319,64,23,202,218,217
25567218,1787221349,30000,294,30,1500,0,0,0,530,530,29,1,100,0,1000,0,-1,-1,0,156,21,0,30,29,0,0,4318,-106,-43,202,217,215
25597218,1787221379,30000,277,31,1500,0,0,0,530,530,30,1,100,0,1000,0,-1,-1,0,156,21,0,28,30,0,0,4316,0,-6,202,219,217
25627218,1787221409,30000,307,78,1500,0,0,0,532,530,30,1,100,0,1000,0,-1,-1,0,156,21,0,30,30,0,0,4319,0,-1,202,218,217
25657218,1787221439,30000,283,25,1500,0,0,0,530,530,30,1,100,0,1000,0,-1,-1,0,156,21,0,30,30,0,0,4319,6,-4,202,219,217
25687218,1787221469,30000,283,31,1500,0,0,0,537,520,30,1,100,0,1000,0,-1,-1,0,156,21,0,30,30,0,0,4319,-28,-28,202,218,217
25717218,1787221499,30000,302,28,1500,0,0,0,531,520,29,1,100,0,1000,0,-1,-1,0,156,21,0,30,29,0,0,4318,-64,-3,202,216,215
25747218,1787221529,30000,316,33,1500,0,0,0,526,520,30,1,100,0,1000,0,-1,-1,0,156,40,0,30,30,0,0,4318,-42,-34,202,219,217
25777218,1787221559,30000,254,26,1375,0,0,0,524,510,30,1,100,0,1000,0,-1,-1,0,143,21,0,30,30,0,0,4318,-42,-34,202,204,203
25807218,1787221589,30000,280,31,1500,0,0,0,528,520,30,1,100,0,1000,0,-1,-1,0,156,21,0,30,30,0,0,4319,0,-7,202,218,217
25837219,1787221619,30001,285,26,1500,0,0,0,530,520,30,1,100,0,1000,0,-1,-1,0,156,21,0,30,30,0,0,4317,35,25,202,219,217
25867218,1787221649,29999,279,26,1500,0,0,0,536,520,29,1,100,0,1000,0,-1,-1,0,156,21,0,30,29,0,0,4318,-6,3,202,216,215
25897219,1787221679,30001,300,31,1500,0,0,0,531,530,30,1,100,0,1000,0,-1,-1,0,156,21,0,30,30,0,0,4319,0,1,202,219,217
25927218,1787221709,29999,279,31,1500,0,0,0,532,520,30,1,100,0,1000,0,-1,-1,0,156,21,0,30,30,0,0,4318,-56,-25,202,219,217
25957218,1787221739,30000,286,30,1500,0,0,0,534,530,30,1,100,0,1000,0,-1,-1,0,156,21,0,30,30,0,0,4315,14,3,202,219,217
25987218,1787221769,30000,282,25,1500,0,0,0,527,520,30,1,100,0,1000,0,-1,-1,0,156,21,0,30,30,0,0,4319,14,10,202,218,217
26017218,1787221799,30000,297,80,1500,0,0,0,534,530,29,1,100,0,1000,0,-1,-1,0,156,21,0,30,29,0,0,4316,-84,-39,202,217,215
26047219,1787221829,30001,274,29,1500,0,0,0,523,520,30,1,100,0,1000,0,-1,-1,0,156,40,0,30,30,0,0,4319,79,20,202,219,217
26077218,1787221859,29999,290,43,1500,0,0,0,532,530,30,1,100,0,1000,0,-1,-1,0,156,21,0,30,30,0,0,4318,21,-10,202,219,217
26107219,1787221889,30001,284,26,1500,0,0,0,526,520,30,1,100,0,1000,0,-1,-1,0,156,21,0,30,30,0,0,4319,-71,-35,202,219,217
26137219,1787221919,30000,283,28,1500,0,0,0,531,520,30,1,100,0,1000,0,-1,-1,0,156,21,0,30,30,0,0,4318,21,-4,202,219,217
26167218,1787221949,29999,276,28,1500,0,0,0,532,520,29,1,100,0,1000,0,-1,-1,0,156,21,0,30,29,0,0,4319,-14,-25,202,217,215
26197219,1787221979,30001,265,34,1375,0,0,0,538,530,30,1,100,0,1000,0,-1,-1,0,143,21,0,30,30,0,0,4319,-92,-50,202,206,204
26227218,1787222009,29999,282,30,1500,0,0,0,523,520,30,1,100,0,1000,0,-1,-1,0,156,21,0,30,30,0,0,4318,0,1,202,219,217
26257218,1787222039,30000,279,26,1500,0,0,0,528,520,30,1,100,0,1000,0,-1,-1,0,156,40,0,28,30,0,0,4318,-50,-39,202,219,217
26287218,1787222069,30000,271,32,1500,0,0,0,526,520,30,1,100,0,1000,0,-1,-1,0,156,21,0,30,30,0,0,4318,-42,-20,202,218,217
26317218,1787222099,30000,296,26,1500,0,0,0,533,530,29,1,100,0,1000,0,-1,-1,0,156,21,0,30,29,0,0,4318,28,9,202,216,215
26347218,1787222129,30000,271,25,1500,0,0,0,530,520,30,1,100,0,1000,0,-1,-1,0,156,21,0,29,30,0,0,4318,-14,-25,202,218,217
26377218,1787222159,30000,275,30,1500,0,0,0,536,530,30,1,100,0,1000,0,-1,-1,0,156,21,0,30,30,0,0,4318,-64,-54,202,219,217
26407219,1787222189,30001,297,29,1500,0,0,0,532,530,30,1,100,0,1000,0,-1,-1,0,156,21,0,30,30,0,0,4318,0,-14,202,219,217
26437218,1787222219,29999,277,27,1500,0,0,0,537,530,30,1,100,0,1000,0,-1,-1,0,156,21,0,30,30,0,0,4306,-193,-100,202,219,217
26467218,1787222249,30000,16649,5276,1375,1,0,0,621,530,29,1,100,0,1000,0,-1,-1,0,143,40,0,22,29,0,0,4318,-28,-29,202,206,204
26497219,1787222279,30001,250,27,1500,0,0,0,567,520,30,1,100,0,1000,0,-1,-1,0,156,21,0,30,30,0,0,4318,-35,7,202,219,217
26527218,1787222309,29999,223,21,1500,0,0,0,522,510,30,1,100,0,1000,0,-1,-1,0,156,21,0,30,30,0,0,4317,-35,-26,202,219,217
26557219,1787222339,30001,215,21,1500,0,0,0,534,520,30,1,100,0,1000,0,-1,-1,0,156,21,0,30,30,0,0,4317,-84,-39,202,219,217
26587218,1787222369,29999,213,23,1500,0,0,0,524,520,29,1,100,0,1000,0,-1,-1,0,156,21,0,30,29,0,0,4317,-21,-18,202,217,215
26617219,1787222399,30001,229,21,1500,0,0,0,528,520,30,1,100,0,1000,0,-1,-1,0,156,21,0,30,30,0,0,4316,-71,-23,202,219,217
26647218,1787222429,29999,226,19,1500,0,0,0,538,530,30,1,100,0,999,0,-1,-1,0,156,21,0,30,30,0,0,4318,-14,-17,202,220,218
26677218,1787222459,30000,221,19,1500,0,0,0,526,510,30,1,100,0,999,0,-1,-1,0,156,21,0,30,30,0,0,4319,14,-12,202,219,217
26707218,1787222489,30000,221,26,1500,0,0,0,516,510,30,1,100,0,999,0,-1,-1,0,156,21,0,30,30,0,0,4316,-28,-3,202,218,217
26737218,1787222519,30000,220,23,1500,0,0,0,529,520,29,1,100,0,999,0,-1,-1,0,156,21,0,29,29,0,0,4318,14,4,202,217,215
26767218,1787222549,30000,218,21,1500,0,0,0,530,520,30,1,100,0,999,0,-1,-1,0,156,21,0,30,30,0,0,4319,35,-15,202,219,217
26797218,1787222579,30000,220,21,1500,0,0,0,539,530,30,1,100,0,999,0,-1,-1,0,156,21,0,30,30,0,0,4318,-28,-14,202,219,217
26827218,1787222609,30000,211,19,1500,0,0,0,534,530,30,1,100,0,999,0,-1,-1,0,156,21,0,30,30,0,0,4318,-14,-20,202,219,217
26857218,1787222639,30000,214,23,1500,0,0,0,531,530,29,1,100,0,1000,0,-1,-1,0,156,21,0,30,29,0,0,4317,84,54,202,218,216
26887218,1787222669,30000,222,22,1500,0,0,0,547,530,30,1,100,0,1000,0,-1,-1,0,156,21,0,30,30,0,0,4317,43,37,202,219,217
26917218,1787222699,30000,225,22,1500,0,0,0,535,520,30,1,100,0,1000,0,-1,-1,0,156,21,0,30,30,0,0,4316,0,-15,202,218,217
26947218,1787222729,30000,221,24,1500,0,0,0,536,520,30,1,100,0,1000,0,-1,-1,0,156,21,0,30,30,0,0,4318,-21,-37,202,219,217
26977218,1787222759,30000,2924,1417,1375,2,0,0,535,520,30,1,100,0,1000,0,-1,-1,0,143,44,0,23,30,0,0,4318,-14,-23,202,210,208
27007218,1787222789,30000,244,41,1500,0,0,0,586,530,29,1,100,0,1000,0,-1,-1,0,156,21,0,30,29,0,0,4317,-35,-4,202,216,215
27037219,1787222819,30001,238,38,1500,0,0,0,523,510,30,1,100,0,1000,0,-1,-1,0,156,21,0,28,30,0,0,4318,-78,-50,202,219,217
27067218,1787222849,29999,210,20,1500,0,0,0,538,530,30,1,100,0,1000,0,-1,-1,0,156,21,0,30,30,0,0,4318,-56,-40,202,219,217
27097218,1787222879,30000,9041,7667,1375,2,0,0,527,520,29,1,100,0,1000,0,-1,-1,0,143,45,0,28,29,0,0,4316,-28,-17,202,208,206
27127218,1787222909,30000,703,390,1500,0,0,0,547,520,30,1,100,0,1000,0,-1,-1,0,156,40,0,17,30,0,0,4315,6,-4,202,218,217
27157218,1787222939,30000,342,40,1500,0,0,0,517,500,30,1,100,0,1000,0,-1,-1,0,156,21,0,22,30,0,0,4317,-14,29,202,218,217
27187218,1787222969,30000,389,37,1500,0,0,0,529,510,30,1,100,0,1000,0,-1,-1,0,156,21,0,25,30,0,0,4316,0,-6,202,218,217
27217219,1787222999,30001,437,99,1375,0,0,0,531,520,30,1,100,0,1000,0,-1,-1,0,143,21,0,25,30,0,0,4317,-84,-57,202,206,204
27247219,1787223029,30000,355,41,1500,1,0,0,524,510,29,1,100,0,1000,0,-1,-1,0,156,21,0,25,29,0,0,4317,-42,-35,202,218,216
27277218,1787223059,29999,32631,14549,1500,1,0,0,608,530,30,1,100,0,1000,0,-1,-1,0,156,40,0,18,30,0,0,4316,-42,-20,202,222,220
27307218,1787223089,30000,1728,1296,1375,1,0,0,547,530,30,1,100,0,1000,0,-1,-1,0,143,40,0,28,30,0,0,4309,-150,-54,202,208,206
27337218,1787223119,30000,437,44,1500,0,0,0,552,530,29,1,100,0,1000,0,-1,-1,0,156,21,0,27,29,0,0,4316,6,-23,202,217,215
27367218,1787223149,30000,415,43,1500,0,0,0,560,540,30,1,100,0,1000,0,-1,-1,0,156,21,0,24,30,0,0,4316,14,-7,202,219,217
27397218,1787223179,30000,305,31,1500,0,0,0,551,540,30,1,100,0,1000,0,-1,-1,0,156,21,0,30,30,0,0,4295,-328,-157,202,218,217
27427218,1787223209,30000,349,38,1500,0,0,0,557,550,30,1,100,0,1000,0,-1,-1,0,156,21,0,28,30,0,0,4315,14,4,202,219,217
27457219,1787223239,30001,5945,3853,1500,1,0,0,575,560,29,1,100,0,1000,0,-1,-1,0,156,40,0,26,29,0,0,4316,29,-12,202,219,217
27487219,1787223269,30000,528,59,1500,0,0,0,561,530,30,1,100,0,1000,0,-1,-1,0,156,21,0,28,30,0,0,4316,-21,-12,202,219,217
27517219,1787223299,30000,623,82,1375,0,0,0,542,530,30,1,100,0,1000,0,-1,-1,0,143,40,0,30,30,0,0,4315,-35,-20,202,206,204
27547218,1787223329,29999,480,142,1500,0,0,0,547,540,30,1,100,0,1000,0,-1,-1,0,156,21,0,28,30,0,0,4317,14,6,202,219,217
27577218,1787223359,30000,628,70,1500,0,0,0,553,540,30,1,100,0,1000,0,-1,-1,0,156,21,0,27,30,0,0,4316,43,32,202,219,217
27607218,1787223389,30000,669,61,1500,0,0,0,556,550,30,1,100,0,1000,0,-1,-1,0,156,21,0,27,30,0,0,4316,35,17,202,218,217
27637218,1787223419,30000,597,58,1500,0,0,0,559,550,29,1,100,0,1000,0,-1,-1,0,156,21,0,29,29,0,0,4315,14,10,202,217,215
27667219,1787223449,30001,889,128,1500,0,0,0,561,550,30,1,100,0,1000,0,-1,-1,0,156,40,0,30,30,0,0,4317,-6,-14,202,219,217
27697219,1787223479,30000,474,59,1500,0,0,0,539,530,30,1,100,0,1000,0,-1,-1,0,156,21,0,29,30,0,0,4316,29,14,202,219,217
27727218,1787223509,29999,579,79,1500,0,0,0,546,540,30,1,100,0,1000,0,-1,-1,0,156,21,0,30,30,0,0,4312,-79,-31,202,218,217
27757218,1787223539,30000,553,49,1500,0,0,0,556,540,30,1,100,0,1000,0,-1,-1,0,156,21,0,30,30,0,0,4316,-29,-53,202,219,217
27787218,1787223569,30000,1374,485,1375,1,0,0,584,540,29,1,100,0,1000,0,-1,-1,0,143,40,0,25,29,0,0,4316,0,1,202,205,204
27817218,1787223599,30000,461,60,1500,0,0,0,573,500,30,1,100,0,1000,0,-1,-1,0,156,21,0,30,30,0,0,4317,-42,-20,202,219,217
27847218,1787223629,30000,390,39,1500,0,0,0,499,490,30,1,100,0,1000,0,-1,-1,0,156,21,0,30,30,0,0,4316,-29,-21,202,219,217
27877218,1787223659,30000,530,54,1500,0,0,0,524,510,30,1,100,0,1000,0,-1,-1,0,156,21,0,30,30,0,0,4316,-35,-29,202,218,217
27907218,1787223689,30000,450,53,1500,0,0,0,542,520,30,1,100,0,1000,0,-1,-1,0,156,40,0,30,30,0,0,4316,-42,-37,202,219,217
27937219,1787223719,30001,456,88,1500,0,0,0,529,510,29,1,100,0,1000,0,-1,-1,0,156,21,0,28,29,0,0,4315,6,12,202,217,215
27967218,1787223749,29999,405,37,1500,0,0,0,555,550,30,1,100,0,1000,0,-1,-1,0,156,21,0,30,30,0,0,4315,-57,-45,202,219,217
27997218,1787223779,30000,434,40,1500,0,0,0,558,550,30,1,100,0,1000,0,-1,-1,0,156,40,0,30,30,0,0,4317,6,29,202,218,217
28027218,1787223809,30000,669,79,1500,0,0,0,560,550,30,1,100,0,1000,0,-1,-1,0,156,21,0,30,30,0,0,4314,-42,-25,202,219,217
28057218,1787223839,30000,636,66,1500,0,0,0,561,550,30,1,100,0,1000,0,-1,-1,0,156,21,0,30,30,0,0,4315,6,-4,202,218,217
28087218,1787223869,30000,4360,2670,1375,1,0,0,583,550,29,1,100,0,1000,0,-1,-1,0,143,40,0,25,29,0,0,4315,57,53,202,206,204
28117218,1787223899,30000,260,28,1500,0,0,0,580,540,30,1,100,0,1000,0,-1,-1,0,156,21,0,30,30,0,0,4314,0,-26,202,219,217
28147219,1787223929,30001,251,23,1500,0,0,0,551,540,30,1,100,0,1000,0,-1,-1,0,156,40,0,30,30,0,0,4315,-64,-37,202,219,217
28177218,1787223959,29999,234,23,1375,0,0,0,556,550,30,1,100,0,1000,0,-1,-1,0,143,36,0,29,30,0,0,4310,-14,-12,202,205,204
28207218,1787223989,30000,235,22,1500,0,0,0,566,560,30,1,100,0,1000,0,-1,-1,0,156,21,0,30,30,0,0,4316,14,-1,202,219,217
28237218,1787224019,30000,285,40,1500,0,0,0,572,560,29,1,100,0,1000,0,-1,-1,0,156,40,0,27,29,0,0,4316,57,15,202,216,215
28267218,1787224049,30000,269,31,1500,0,0,0,594,580,30,1,100,0,1000,0,-1,-1,0,156,21,0,30,30,0,0,4315,-14,-28,202,219,217
28297218,1787224079,30000,6062,3148,1500,1,0,0,573,560,30,1,100,0,1000,0,-1,-1,0,156,40,0,21,30,0,0,4313,21,6,202,220,219
28327218,1787224109,30000,569,67,1500,0,0,0,560,510,30,1,100,0,1000,0,-1,-1,0,156,21,0,30,30,0,0,4317,-29,-28,202,218,217
28357219,1787224139,30001,585,60,1500,0,0,0,505,500,30,1,100,0,1000,0,-1,-1,0,156,21,0,29,30,0,0,4314,-21,-26,202,219,217
28387219,1787224169,30000,626,69,1500,0,0,0,522,500,29,1,100,0,1000,0,-1,-1,0,156,21,0,28,29,0,0,4315,21,12,202,217,215
28417218,1787224199,29999,552,70,1375,0,0,0,528,520,30,1,100,0,1000,0,-1,-1,0,143,21,0,27,30,0,0,4314,-21,-4,202,205,204
28447218,1787224229,30000,618,61,1500,0,0,0,529,510,30,1,100,0,999,0,-1,-1,0,156,21,0,30,30,0,0,4316,-29,-131,201,220,218
28477218,1787224259,30000,5512,3742,1500,1,0,0,573,510,30,1,100,0,999,0,-1,-1,0,156,40,0,24,30,0,0,4316,-21,-32,201,221,219
28507218,1787224289,30000,248,34,1500,0,0,0,528,500,29,1,100,0,999,0,-1,-1,0,156,21,0,30,29,0,0,4314,-21,-20,201,217,215
28537219,1787224319,30001,223,23,1500,0,0,0,512,500,30,1,100,0,1000,0,-1,-1,0,156,21,0,27,30,0,0,4314,21,-6,201,220,218
28567218,1787224349,29999,234,25,1500,0,0,0,533,510,30,1,100,0,1000,0,-1,-1,0,156,21,0,30,30,0,0,4313,-21,17,201,219,217
28597218,1787224379,30000,235,22,1500,0,0,0,543,530,30,1,100,0,1000,0,-1,-1,0,156,21,0,30,30,0,0,4314,-14,-7,201,218,217
28627218,1787224409,30000,239,23,1500,0,0,0,547,540,30,1,100,0,1000,0,-1,-1,0,156,21,0,30,30,0,0,4315,-42,-35,201,218,217
28657218,1787224439,30000,229,21,1500,0,0,0,547,540,29,1,100,0,1000,0,-1,-1,0,156,21,0,30,29,0,0,4312,14,0,201,217,215
28687218,1787224469,30000,230,23,1500,0,0,0,567,550,30,1,100,0,1000,0,-1,-1,0,156,21,0,30,30,0,0,4313,57,29,201,219,217
28717218,1787224499,30000,2553,1535,1375,1,0,0,605,580,30,1,100,0,1000,0,-1,-1,0,143,40,0,22,30,0,0,4316,6,1,201,208,206
28747218,1787224529,30000,561,83,1500,0,0,0,617,550,30,1,100,0,1000,0,-1,-1,0,156,40,0,17,30,0,0,4314,64,25,201,219,217
28777218,1787224559,30000,595,161,1500,0,0,0,551,540,30,1,100,0,1000,0,-1,-1,0,156,21,0,19,30,0,0,4314,-50,-32,201,218,217
28807218,1787224589,30000,851,511,1500,0,0,0,554,540,29,1,100,0,1000,0,-1,-1,0,156,21,0,21,29,0,0,4315,-14,-14,201,217,215
28837218,1787224619,30000,235,25,1500,0,0,0,550,540,30,1,100,0,1000,0,-1,-1,0,156,21,0,30,30,0,0,4313,57,43,201,219,217
28867218,1787224649,30000,232,22,1500,0,0,0,557,550,30,1,100,0,1000,0,-1,-1,0,156,21,0,29,30,0,0,4314,-79,-42,201,219,217
28897218,1787224679,30000,227,22,1500,0,0,0,552,550,30,1,100,0,1000,0,-1,-1,0,156,21,0,30,30,0,0,4314,-35,-12,201,219,217
28927218,1787224709,30000,4160,1501,1375,1,0,0,564,550,29,1,100,0,1000,0,-1,-1,0,143,40,0,25,29,0,0,4314,6,-12,201,206,204
28957218,1787224739,30000,379,38,1500,0,0,0,598,540,30,1,100,0,1000,0,-1,-1,0,156,21,0,27,30,0,0,4312,-92,-48,201,219,217
28987218,1787224769,30000,437,47,1500,0,0,0,526,520,30,1,100,0,1000,0,-1,-1,0,156,21,0,28,30,0,0,4314,14,-20,201,219,217
29017219,1787224799,30001,367,42,1500,0,0,0,540,520,30,1,100,0,1000,0,-1,-1,0,156,21,0,30,30,0,0,4313,-120,-70,201,219,217
29047218,1787224829,29999,3834,3339,1500,1,0,0,540,530,29,1,100,0,1000,0,-1,-1,0,156,40,0,26,29,0,0,4310,14,-1,201,219,217
29077219,1787224859,30001,225,23,1375,0,0,0,563,530,30,1,100,0,1000,0,-1,-1,0,143,21,0,30,30,0,0,4313,50,26,201,206,204
29107218,1787224889,29999,268,28,1500,0,0,0,532,520,30,1,100,0,1000,0,-1,-1,0,156,21,0,29,30,0,0,4313,-50,-21,201,218,217
29137218,1787224919,30000,243,22,1500,0,0,0,538,530,30,1,100,0,1000,0,-1,-1,0,156,21,0,30,30,0,0,4314,-21,-12,201,218,217
29167218,1787224949,30000,258,24,1500,0,0,0,542,530,30,1,100,0,1000,0,-1,-1,0,156,21,0,29,30,0,0,4314,56,1,201,219,217
29197218,1787224979,30000,265,26,1500,0,0,0,539,530,29,1,100,0,1000,0,-1,-1,0,156,21,0,30,29,0,0,4314,14,3,201,217,215
29227218,1787225009,30000,260,29,1500,0,0,0,528,520,30,1,100,0,1000,0,-1,-1,0,156,21,0,30,30,0,0,4314,-21,-28,201,219,217
29257218,1787225039,30000,264,24,1500,0,0,0,541,530,30,1,100,0,1000,0,-1,-1,0,156,21,0,30,30,0,0,4314,64,23,201,218,217
29287218,1787225069,30000,2139,1712,1500,1,0,0,543,530,30,1,100,0,1000,0,-1,-1,0,156,40,0,19,30,0,0,4313,6,3,201,220,219
29317218,1787225099,30000,284,31,1500,0,0,0,555,510,30,1,100,0,1000,0,-1,-1,0,156,21,0,29,30,0,0,4314,28,18,201,219,217
29347219,1787225129,30001,298,58,1500,0,0,0,525,500,29,1,100,0,1000,0,-1,-1,0,156,21,0,29,29,0,0,4312,6,7,201,217,215
29377218,1787225159,29999,277,26,1500,0,0,0,522,510,30,1,100,0,1000,0,-1,-1,0,156,21,0,30,30,0,0,4312,-42,-37,201,219,217
29407218,1787225189,30000,280,29,1500,0,0,0,531,520,30,1,100,0,1000,0,-1,-1,0,156,21,0,30,30,0,0,4313,0,-9,201,218,217
29437218,1787225219,30000,258,24,1500,0,0,0,532,520,30,1,100,0,1000,0,-1,-1,0,156,21,0,30,30,0,0,4313,0,-7,201,218,217
29467219,1787225249,30001,237,26,1375,0,0,0,530,530,30,1,100,0,1000,0,-1,-1,0,143,21,0,30,30,0,0,4314,-6,-1,201,206,204
29497218,1787225279,29999,255,25,1500,0,0,0,524,520,29,1,100,0,1000,0,-1,-1,0,156,21,0,30,29,0,0,4312,-6,-60,201,216,215
29527218,1787225309,30000,264,28,1500,0,0,0,531,520,30,1,100,0,1000,0,-1,-1,0,156,21,0,30,30,0,0,4313,6,-6,201,219,217
29557218,1787225339,30000,260,26,1500,0,0,0,538,530,30,1,100,0,1000,0,-1,-1,0,156,21,0,30,30,0,0,4312,-6,0,201,219,217
29587218,1787225369,30000,256,29,1500,0,0,0,538,520,30,1,100,0,1000,0,-1,-1,0,156,21,0,30,30,0,0,4312,50,28,201,218,217
29617218,1787225399,30000,260,27,1500,0,0,0,527,510,30,1,100,0,1000,0,-1,-1,0,156,21,0,30,30,0,0,4312,-42,-37,201,218,217
29647218,1787225429,30000,255,25,1500,0,0,0,535,530,29,1,100,0,1000,0,-1,-1,0,156,21,0,29,29,0,0,4314,-21,-3,201,217,215
29677219,1787225459,30001,245,25,1500,0,0,0,524,520,30,1,100,0,1000,0,-1,-1,0,156,21,0,30,30,0,0,4312,-42,-20,201,219,217
29707218,1787225489,29999,254,28,1500,0,0,0,537,530,30,1,100,0,1000,0,-1,-1,0,156,21,0,30,30,0,0,4314,-78,-29,201,219,217
29737218,1787225519,30000,262,27,1500,0,0,0,530,530,30,1,100,0,1000,0,-1,-1,0,156,40,0,30,30,0,0,4312,64,28,201,219,217
29767219,1787225549,30001,259,27,1500,0,0,0,533,530,30,1,100,0,1000,0,-1,-1,0,156,21,0,29,30,0,0,4312,43,32,201,219,217
29797218,1787225579,29999,255,29,1500,0,0,0,541,530,29,1,100,0,1000,0,-1,-1,0,156,21,0,30,29,0,0,4310,14,18,201,216,215
29827218,1787225609,30000,259,27,1500,0,0,0,519,510,30,1,100,0,1000,0,-1,-1,0,156,21,0,28,30,0,0,4313,21,4,201,218,217
29857218,1787225639,30000,229,24,1375,0,0,0,523,510,30,1,100,0,1000,0,-1,-1,0,143,21,0,30,30,0,0,4314,-28,-12,201,206,204
29887218,1787225669,30000,264,27,1500,0,0,0,532,520,30,1,100,0,1000,0,-1,-1,0,156,21,0,30,30,0,0,4312,-35,-28,201,219,217
29917218,1787225699,30000,251,25,1500,0,0,0,536,530,30,1,100,0,1000,0,-1,-1,0,156,21,0,28,30,0,0,4312,-14,-32,201,218,217
29947218,1787225729,30000,273,35,1500,0,0,0,552,530,29,1,100,0,1000,0,-1,-1,0,156,21,0,30,29,0,0,4313,6,-7,201,217,215
29977218,1787225759,30000,267,25,1500,0,0,0,538,530,30,1,100,0,1000,0,-1,-1,0,156,21,0,30,30,0,0,4310,6,9,201,219,217
30007218,1787225789,30000,268,26,1500,0,0,0,533,530,30,1,100,0,1000,0,-1,-1,0,156,21,0,30,30,0,0,4312,-6,-29,201,218,217
30037218,1787225819,30000,268,26,1500,0,0,0,541,530,30,1,100,0,1000,0,-1,-1,0,156,21,0,29,30,0,0,4313,0,-6,201,219,217
30067220,1787225849,30002,265,27,1500,0,0,0,535,530,30,1,100,0,1000,0,-1,-1,0,156,21,0,30,30,0,0,4311,-21,-18,201,219,217
30097218,1787225879,29998,266,28,1500,0,0,0,536,530,29,1,100,0,1000,0,-1,-1,0,156,21,0,28,29,0,0,4312,0,7,201,217,215
30127218,1787225909,30000,276,25,1500,0,0,0,553,540,30,1,100,0,1000,0,-1,-1,0,156,40,0,30,30,0,0,4311,-21,-3,201,218,217
30157218,1787225939,30000,278,28,1500,0,0,0,550,540,30,1,100,0,1000,0,-1,-1,0,156,21,0,30,30,0,0,4311,6,-1,201,219,217
30187218,1787225969,30000,257,32,1500,0,0,0,534,530,30,1,100,0,1000,0,-1,-1,0,156,21,0,30,30,0,0,4310,-42,-35,201,218,217
30217219,1787225999,30001,259,26,1500,0,0,0,543,540,30,1,100,0,1000,0,-1,-1,0,156,21,0,30,30,0,0,4311,-21,-12,201,219,217
30247219,1787226029,30000,240,22,1375,0,0,0,545,540,29,1,100,0,1000,0,-1,-1,0,143,21,0,30,29,0,0,4311,28,6,201,204,202
30277218,1787226059,29999,276,28,1500,0,0,0,547,540,30,1,100,0,999,0,-1,-1,0,156,21,0,30,30,0,0,4312,6,-103,201,220,218
30307218,1787226089,30000,262,28,1500,0,0,0,551,540,30,1,100,0,999,0,-1,-1,0,156,21,0,30,30,0,0,4311,48,4,201,219,217
30337218,1787226119,30000,306,36,1500,0,0,0,552,550,30,1,100,0,999,0,-1,-1,0,156,21,0,29,30,0,0,4312,-84,-53,201,219,217
30367219,1787226149,30001,285,29,1500,0,0,0,537,530,30,1,100,0,999,0,-1,-1,0,156,40,0,30,30,0,0,4312,-78,-39,201,219,217
30397218,1787226179,29999,280,28,1500,0,0,0,548,540,29,1,100,0,999,0,-1,-1,0,156,21,0,30,29,0,0,4311,28,1,201,217,215
30427218,1787226209,30000,3802,4277,1500,1,0,0,541,530,30,1,100,0,999,0,-1,-1,0,156,40,0,30,30,0,0,4311,-28,-29,201,220,218
30457218,1787226239,30000,37668,10430,1375,0,0,0,574,550,30,1,100,0,999,0,-1,-1,0,143,21,0,13,30,0,0,4312,28,21,201,205,204
30487219,1787226269,30001,5711,3027,1500,0,0,0,616,560,30,1,100,0,999,0,-1,-1,0,156,40,0,23,30,0,0,4311,-42,-17,201,220,218
30517219,1787226299,30000,667,62,1500,0,0,0,555,540,30,1,100,0,1000,0,-1,-1,0,156,21,0,30,30,0,0,4311,0,3,201,219,218
30547218,1787226329,29999,657,81,1500,0,0,0,564,560,29,1,100,0,1000,0,-1,-1,0,156,21,0,30,29,0,0,4310,71,35,201,216,215
30577218,1787226359,30000,549,57,1500,0,0,0,565,560,30,1,100,0,1000,0,-1,-1,0,156,21,0,27,30,0,0,4311,50,23,201,218,217
30607219,1787226389,30001,530,65,1500,0,0,0,573,560,30,1,100,0,1000,0,-1,-1,0,156,21,0,30,30,0,0,4310,-84,-54,201,219,217
30637218,1787226419,29999,563,203,1500,0,0,0,578,570,30,1,100,0,1000,0,-1,-1,0,156,21,0,29,30,0,0,4312,0,0,201,218,217
30667218,1787226449,30000,563,230,1500,0,0,0,573,560,30,1,100,0,1000,0,-1,-1,0,156,21,0,30,30,0,0,4310,50,31,201,218,217
30697218,1787226479,30000,461,48,1500,0,0,0,569,560,29,1,100,0,1000,0,-1,-1,0,156,21,0,30,29,0,0,4311,-28,-6,201,217,215
30727218,1787226509,30000,492,58,1500,0,0,0,565,560,30,1,100,0,1000,0,-1,-1,0,156,21,0,28,30,0,0,4310,-21,-14,201,218,217
30757218,1787226539,30000,466,58,1500,0,0,0,571,560,30,1,100,0,1000,0,-1,-1,0,156,21,0,30,30,0,0,4309,64,21,201,218,217
30787218,1787226569,30000,478,107,1500,0,0,0,554,530,30,1,100,0,1000,0,-1,-1,0,156,21,0,27,30,0,0,4309,28,20,201,219,217
30817218,1787226599,30000,452,49,1375,1,0,0,546,530,30,1,100,0,1000,0,-1,-1,0,143,40,0,30,30,0,0,4312,0,12,201,208,206
30847218,1787226629,30000,492,50,1500,0,0,0,562,550,29,1,100,0,1000,0,-1,-1,0,156,21,0,27,29,0,0,4311,6,9,201,217,215
30877218,1787226659,30000,487,59,1500,0,0,0,553,550,30,1,100,0,1000,0,-1,-1,0,156,21,0,30,30,0,0,4309,-21,6,201,218,217
30907218,1787226689,30000,499,54,1500,0,0,0,557,550,30,1,100,0,1000,0,-1,-1,0,156,21,0,30,30,0,0,4310,21,12,201,219,217
30937218,1787226719,30000,500,63,1500,0,0,0,558,540,30,1,100,0,1000,0,-1,-1,0,156,21,0,30,30,0,0,4312,56,15,201,219,217
30967218,1787226749,30000,489,52,1500,0,0,0,562,550,30,1,100,0,1000,0,-1,-1,0,156,21,0,29,30,0,0,4310,-21,-6,201,218,217
30997218,1787226779,30000,477,48,1500,0,0,0,555,550,29,1,100,0,1000,0,-1,-1,0,156,21,0,30,29,0,0,4311,-64,-40,201,217,215
31027218,1787226809,30000,457,52,1375,0,0,0,565,560,30,1,100,0,1000,0,-1,-1,0,143,21,0,30,30,0,0,4311,21,4,201,205,204
31057218,1787226839,30000,465,55,1500,0,0,0,556,550,30,1,100,0,1000,0,-1,-1,0,156,21,0,26,30,0,0,4310,-14,-7,201,218,217
31087218,1787226869,30000,495,56,1500,0,0,0,565,560,30,1,100,0,1000,0,-1,-1,0,156,40,0,30,30,0,0,4309,-21,-14,201,219,217
31117218,1787226899,30000,582,158,1500,0,0,0,567,550,30,1,100,0,1000,0,-1,-1,0,156,21,0,30,30,0,0,4310,-79,-28,201,218,217
31147218,1787226929,30000,594,546,1500,0,0,0,568,560,29,1,100,0,1000,0,-1,-1,0,156,21,0,28,29,0,0,4310,-6,-12,201,217,215
31177218,1787226959,30000,514,109,1500,0,0,0,560,550,30,1,100,0,1000,0,-1,-1,0,156,21,0,26,30,0,0,4311,6,12,201,219,217
31207218,1787226989,30000,476,50,1500,0,0,0,562,550,30,1,100,0,1000,0,-1,-1,0,156,21,0,29,30,0,0,4311,-14,-4,201,219,217
31237218,1787227019,30000,1901,1636,1375,1,0,0,567,560,30,1,100,0,1000,0,-1,-1,0,143,40,0,29,30,0,0,4307,-50,-54,201,208,206
31267218,1787227049,30000,432,48,1500,0,0,0,560,550,30,1,100,0,1000,0,-1,-1,0,156,21,0,30,30,0,0,4311,-71,-29,201,219,217
31297218,1787227079,30000,549,60,1500,0,0,0,555,550,29,1,100,0,1000,0,-1,-1,0,156,21,0,29,29,0,0,4311,-35,1,201,217,215
31327218,1787227109,30000,590,67,1500,0,0,0,560,560,30,1,100,0,1000,0,-1,-1,0,156,21,0,30,30,0,0,4307,-56,-7,201,219,217
31357218,1787227139,30000,537,57,1500,0,0,0,553,540,30,1,100,0,1000,0,-1,-1,0,156,21,0,30,30,0,0,4310,-21,-21,201,218,217
31387218,1787227169,30000,503,59,1500,0,0,0,564,560,30,1,100,0,1000,0,-1,-1,0,156,21,0,30,30,0,0,4309,-42,-35,201,218,217
31417218,1787227199,30000,553,69,1500,0,0,0,567,550,30,1,100,0,1000,0,-1,-1,0,156,21,0,30,30,0,0,4308,14,1,201,219,217
31447218,1787227229,30000,29483,8495,1500,1,0,0,641,550,29,1,100,0,1000,0,-1,-1,0,156,40,0,23,29,0,0,4310,-35,-14,201,219,217
31477218,1787227259,30000,543,121,1500,0,0,0,592,530,30,1,100,0,1000,0,-1,-1,0,156,21,0,26,30,0,0,4310,0,-4,201,219,217
31507218,1787227289,30000,565,248,1500,0,0,0,543,520,30,1,100,0,1000,0,-1,-1,0,156,21,0,24,30,0,0,4309,28,3,201,218,217
31537218,1787227319,30000,484,49,1500,0,0,0,569,560,30,1,100,0,1000,0,-1,-1,0,156,21,0,28,30,0,0,4310,0,18,201,219,217
31567219,1787227349,30001,504,54,1500,0,0,0,560,550,30,1,100,0,1000,0,-1,-1,0,156,21,0,28,30,0,0,4310,-50,-20,201,219,217
31597218,1787227379,29999,477,50,1500,0,0,0,550,540,29,1,100,0,1000,0,-1,-1,0,156,21,0,29,29,0,0,4310,0,-29,201,216,215
31627218,1787227409,30000,456,48,1375,0,0,0,553,540,30,1,100,0,1000,0,-1,-1,0,143,21,0,30,30,0,0,4307,6,-4,201,206,204
31657218,1787227439,30000,479,62,1500,0,0,0,549,530,30,1,100,0,1000,0,-1,-1,0,156,21,0,29,30,0,0,4309,21,4,201,219,217
31687218,1787227469,30000,479,66,1500,0,0,0,552,540,30,1,100,0,1000,0,-1,-1,0,156,21,0,29,30,0,0,4308,-56,-43,201,218,217
31717218,1787227499,30000,535,115,1500,0,0,0,551,540,30,1,100,0,1000,0,-1,-1,0,156,21,0,26,30,0,0,4310,21,15,201,218,217
31747218,1787227529,30000,432,51,1500,0,0,0,538,530,29,1,100,0,1000,0,-1,-1,0,156,21,0,30,29,0,0,4309,-6,-14,201,217,215
31777218,1787227559,30000,538,101,1500,0,0,0,551,540,30,1,100,0,1000,0,-1,-1,0,156,21,0,30,30,0,0,4309,-6,-4,201,219,217
31807218,1787227589,30000,497,54,1500,0,0,0,555,550,30,1,100,0,1000,0,-1,-1,0,156,21,0,30,30,0,0,4309,29,10,201,219,217
31837218,1787227619,30000,37335,12962,1500,1,1,26,587,550,29,1,100,0,1000,0,-1,-1,0,156,40,0,23,29,0,0,4310,14,1,201,221,220
31867220,1787227649,30002,7985,5270,1375,0,1,0,687,590,30,1,100,0,1000,0,-1,-1,0,143,40,0,23,30,0,0,4308,-71,-32,201,208,206
31897218,1787227679,29998,222,21,1500,0,0,0,571,550,30,1,100,0,1000,0,-1,-1,0,156,21,0,30,30,0,0,4308,-29,-21,201,218,217
31927219,1787227709,30001,229,27,1500,0,0,0,549,540,30,1,100,0,1000,0,-1,-1,0,156,40,0,30,30,0,0,4311,6,-9,201,219,217
31957218,1787227739,29999,219,19,1500,0,0,0,540,530,29,1,100,0,1000,0,-1,-1,0,156,21,0,30,29,0,0,4307,-14,-14,201,217,215
31987218,1787227769,30000,228,23,1500,0,0,0,544,530,30,1,100,0,1000,0,-1,-1,0,156,40,0,29,30,0,0,4309,-42,-6,201,219,217
32017218,1787227799,30000,216,20,1500,0,0,0,542,530,30,1,100,0,1000,0,-1,-1,0,156,21,0,30,30,0,0,4307,-14,-15,201,219,217
32047218,1787227829,30000,217,23,1500,0,0,0,549,530,30,1,100,0,1000,0,-1,-1,0,156,21,0,30,30,0,0,4309,-50,-46,201,218,217
32077219,1787227859,30001,210,22,1375,0,0,0,537,530,30,1,100,0,1000,0,-1,-1,0,143,40,0,30,30,0,0,4309,-21,-20,201,206,204
32107218,1787227889,29999,215,21,1500,0,0,0,540,540,29,1,100,0,1000,0,-1,-1,0,156,21,0,30,29,0,0,4307,-6,-4,201,217,215
32137218,1787227919,30000,221,21,1500,0,0,0,545,540,30,1,100,0,1000,0,-1,-1,0,156,21,0,30,30,0,0,4307,35,9,201,218,217
32167218,1787227949,30000,215,23,1500,0,0,0,532,520,30,1,100,0,1000,0,-1,-1,0,156,21,0,30,30,0,0,4310,-6,10,201,219,217
32197218,1787227979,30000,221,23,1500,0,0,0,545,530,30,1,100,0,1000,0,-1,-1,0,156,21,0,30,30,0,0,4310,6,-18,201,219,217
32227219,1787228009,30001,218,20,1500,0,0,0,532,530,30,1,100,0,1000,0,-1,-1,0,156,21,0,29,30,0,0,4309,14,-10,201,219,217
32257218,1787228039,29999,223,22,1500,0,0,0,545,530,29,1,100,0,1000,0,-1,-1,0,156,21,0,29,29,0,0,4308,43,20,201,217,215
32287219,1787228069,30001,213,20,1500,0,0,0,538,530,30,1,100,0,1000,0,-1,-1,0,156,21,0,30,30,0,0,4309,35,-4,201,219,217
32317219,1787228099,30000,231,27,1500,0,0,0,541,530,30,1,100,0,1000,0,-1,-1,0,156,21,0,30,30,0,0,4308,-28,-25,201,219,217
32347219,1787228129,30000,223,21,1500,0,0,0,545,530,30,1,100,0,999,0,-1,-1,0,156,40,0,28,30,0,0,4308,-6,-39,200,220,218
32377218,1787228159,29999,236,19,1500,0,0,0,542,540,30,1,100,0,999,0,-1,-1,0,156,21,0,30,30,0,0,4308,0,-4,200,218,217
32407218,1787228189,30000,231,22,1500,0,0,0,532,520,29,1,100,0,999,0,-1,-1,0,156,40,0,30,29,0,0,4309,6,-32,200,217,215
32437218,1787228219,30000,217,20,1500,0,0,0,537,530,30,1,100,0,999,0,-1,-1,0,156,21,0,30,30,0,0,4309,-6,-4,200,218,217
32467218,1787228249,30000,218,19,1500,0,0,0,540,540,30,1,100,0,999,0,-1,-1,0,156,21,0,30,30,0,0,4306,-21,-17,200,219,217
32497218,1787228279,30000,212,21,1375,0,0,0,549,540,30,1,100,0,999,0,-1,-1,0,143,21,0,30,30,0,0,4309,-50,-46,200,205,204
32527218,1787228309,30000,226,24,1500,0,0,0,539,530,30,1,100,0,999,0,-1,-1,0,156,21,0,30,30,0,0,4309,-50,-31,200,218,217
32557219,1787228339,30001,230,23,1500,0,0,0,550,540,29,1,100,0,999,0,-1,-1,0,156,21,0,27,29,0,0,4307,35,10,200,217,215
32587218,1787228369,29999,236,21,1500,0,0,0,546,540,30,1,100,0,999,0,-1,-1,0,156,21,0,30,30,0,0,4308,-64,-28,200,219,217
32617219,1787228399,30001,241,27,1500,0,0,0,544,530,30,1,100,0,999,0,-1,-1,0,156,21,0,30,30,0,0,4307,-21,-7,200,219,217
32647218,1787228429,29999,228,25,1500,0,0,0,537,530,30,1,100,0,999,0,-1,-1,0,156,21,0,30,30,0,0,4304,-64,-51,200,219,217
32677218,1787228459,30000,233,24,1500,0,0,0,543,540,30,1,100,0,999,0,-1,-1,0,156,21,0,30,30,0,0,4306,0,-6,200,219,217
32707218,1787228489,30000,233,20,1500,0,0,0,550,550,29,1,100,0,999,0,-1,-1,0,156,21,0,29,29,0,0,4308,6,-53,200,217,215
32737219,1787228519,30001,228,21,1500,0,0,0,551,540,30,1,100,0,999,0,-1,-1,0,156,21,0,30,30,0,0,4308,6,0,200,219,217
32767218,1787228549,29999,229,22,1500,0,0,0,549,540,30,1,100,0,999,0,-1,-1,0,156,21,0,30,30,0,0,4309,-35,-25,200,219,217
32797218,1787228579,30000,232,23,1500,0,0,0,548,530,30,1,100,0,999,0,-1,-1,0,156,40,0,30,30,0,0,4308,21,9,200,219,217
32827218,1787228609,30000,224,22,1500,0,0,0,554,540,30,1,100,0,999,0,-1,-1,0,156,21,0,30,30,0,0,4308,43,3,200,218,217
32857218,1787228639,30000,228,22,1500,0,0,0,549,540,29,1,100,0,999,0,-1,-1,0,156,21,0,29,29,0,0,4307,-14,-6,200,217,215
32887219,1787228669,30001,238,22,1500,0,0,0,548,540,30,1,100,0,999,0,-1,-1,0,156,21,0,30,30,0,0,4309,-28,1,200,219,217
32917219,1787228699,30000,225,24,1500,0,0,0,552,540,30,1,100,0,999,0,-1,-1,0,156,21,0,30,30,0,0,4308,0,1,200,219,217
32947218,1787228729,29999,204,28,1375,0,0,0,548,540,30,1,100,0,999,0,-1,-1,0,143,21,0,30,30,0,0,4307,14,-17,200,205,204
32977218,1787228759,30000,9174,7218,1500,1,0,0,571,550,30,1,100,0,999,0,-1,-1,0,156,40,0,26,30,0,0,4307,-42,-23,200,221,219
33007218,1787228789,30000,505,76,1500,0,0,0,612,540,29,1,100,0,1000,0,-1,-1,0,156,40,0,27,29,0,0,4308,14,25,200,218,216
33037218,1787228819,30000,514,72,1500,0,0,0,520,510,30,1,100,0,1000,0,-1,-1,0,156,21,0,30,30,0,0,4305,-42,-26,200,219,217
33067218,1787228849,30000,506,58,1500,0,0,0,522,520,30,1,100,0,1000,0,-1,-1,0,156,21,0,30,30,0,0,4305,-100,-35,200,219,217
33097219,1787228879,30001,397,41,1500,0,0,0,514,510,30,1,100,0,1000,0,-1,-1,0,156,21,0,29,30,0,0,4307,35,9,200,219,217
33127219,1787228909,30000,427,50,1500,0,0,0,524,510,30,1,100,0,1000,0,-1,-1,0,156,21,0,30,30,0,0,4306,28,18,200,219,217
33157218,1787228939,29999,465,56,1375,0,0,0,522,520,29,1,100,0,1000,0,-1,-1,0,143,21,0,28,29,0,0,4305,-28,-20,200,204,202
33187218,1787228969,30000,457,50,1500,0,0,0,523,520,30,1,100,0,1000,0,-1,-1,0,156,21,0,30,30,0,0,4307,-28,-9,200,219,217
33217218,1787228999,30000,407,45,1500,0,0,0,523,510,30,1,100,0,1000,0,-1,-1,0,156,21,0,30,30,0,0,4307,6,-6,200,218,217
33247218,1787229029,30000,510,138,1500,0,0,0,516,510,30,1,100,0,1000,0,-1,-1,0,156,21,0,30,30,0,0,4306,-56,-21,200,218,217
33277218,1787229059,30000,424,47,1500,0,0,0,520,510,30,1,100,0,1000,0,-1,-1,0,156,21,0,30,30,0,0,4307,6,14,200,218,217
33307219,1787229089,30001,446,47,1500,0,0,0,518,510,29,1,100,0,1000,0,-1,-1,0,156,21,0,30,29,0,0,4308,14,-15,200,217,215
33337218,1787229119,29999,420,41,1500,0,0,0,520,520,30,1,100,0,1000,0,-1,-1,0,156,21,0,30,30,0,0,4306,-71,-35,200,219,217
33367218,1787229149,30000,404,39,1500,0,0,0,512,500,30,1,100,0,1000,0,-1,-1,0,156,21,0,30,30,0,0,4306,28,9,200,218,217
33397218,1787229179,30000,469,53,1500,0,0,0,518,510,30,1,100,0,1000,0,-1,-1,0,156,21,0,30,30,0,0,4307,-28,-18,200,219,217
33427218,1787229209,30000,430,42,1500,0,0,0,527,520,30,1,100,0,1000,0,-1,-1,0,156,21,0,28,30,0,0,4304,6,-14,200,218,217
33457219,1787229239,30001,452,44,1500,0,0,0,522,520,29,1,100,0,1000,0,-1,-1,0,156,21,0,27,29,0,0,4305,28,-7,200,217,215
33487218,1787229269,29999,530,50,1500,0,0,0,531,510,30,1,100,0,1000,0,-1,-1,0,156,21,0,28,30,0,0,4307,28,-14,200,219,217
33517218,1787229299,30000,391,41,1500,0,0,0,510,510,30,1,100,0,1000,0,-1,-1,0,156,21,0,30,30,0,0,4307,-6,-14,200,218,217
33547219,1787229329,30001,418,50,1500,0,0,0,523,520,30,1,100,0,1000,0,-1,-1,0,156,21,0,28,30,0,0,4306,-21,-25,200,219,217
33577218,1787229359,29999,449,49,1500,0,0,0,527,520,30,1,100,0,1000,0,-1,-1,0,156,21,0,30,30,0,0,4306,-56,-45,200,218,217
33607218,1787229389,30000,450,42,1500,0,0,0,528,520,29,1,100,0,1000,0,-1,-1,0,156,21,0,30,29,0,0,4307,6,4,200,216,215
33637218,1787229419,30000,416,42,1500,0,0,0,520,520,30,1,100,0,1000,0,-1,-1,0,156,21,0,29,30,0,0,4305,21,17,200,219,217
33667218,1787229449,30000,459,42,1500,0,0,0,522,510,30,1,100,0,1000,0,-1,-1,0,156,21,0,30,30,0,0,4306,-35,-31,200,218,217
33697219,1787229479,30001,495,45,1500,0,0,0,527,520,30,1,100,0,1000,0,-1,-1,0,156,21,0,30,30,0,0,4305,-21,-14,200,219,217
33727219,1787229509,30000,420,42,1500,0,0,0,522,520,30,1,100,0,1000,0,-1,-1,0,156,21,0,30,30,0,0,4306,0,-21,200,219,217
33757218,1787229539,29999,407,47,1375,0,0,0,521,520,29,1,100,0,1000,0,-1,-1,0,143,21,0,30,29,0,0,4305,35,12,200,203,202
33787218,1787229569,30000,432,42,1500,0,0,0,526,520,30,1,100,0,1000,0,-1,-1,0,156,21,0,29,30,0,0,4305,-28,-37,200,219,217
33817218,1787229599,30000,422,48,1500,0,0,0,517,510,30,1,100,0,1000,0,-1,-1,0,156,40,0,30,30,0,0,4306,43,28,200,218,217
33847218,1787229629,30000,444,42,1500,0,0,0,529,520,30,1,100,0,1000,0,-1,-1,0,156,21,0,30,30,0,0,4307,28,0,200,218,217
33877218,1787229659,30000,472,53,1500,0,0,0,522,520,30,1,100,0,999,0,-1,-1,0,156,21,0,29,30,0,0,4305,28,1,200,219,218
33907218,1787229689,30000,404,40,1500,0,0,0,540,520,29,1,100,0,999,0,-1,-1,0,156,21,0,27,29,0,0,4305,-48,-37,200,216,215
33937220,1787229719,30002,423,47,1375,0,0,0,522,510,30,1,100,0,999,0,-1,-1,0,143,40,0,28,30,0,0,4305,-28,-18,200,206,204
33967218,1787229749,29998,455,41,1500,0,0,0,530,520,30,1,100,0,999,0,-1,-1,0,156,21,0,30,30,0,0,4305,-14,-14,200,219,217
33997218,1787229779,30000,444,49,1500,0,0,0,525,520,30,1,100,0,999,0,-1,-1,0,156,21,0,30,30,0,0,4305,-114,-56,200,219,217
34027218,1787229809,30000,459,47,1500,0,0,0,529,520,30,1,100,0,999,0,-1,-1,0,156,21,0,30,30,0,0,4306,28,0,200,219,217
34057218,1787229839,30000,479,50,1500,0,0,0,535,530,29,1,100,0,999,0,-1,-1,0,156,21,0,30,29,0,0,4305,-35,-25,200,217,215
34087218,1787229869,30000,413,46,1500,0,0,0,522,510,30,1,100,0,999,0,-1,-1,0,156,21,0,30,30,0,0,4305,21,7,200,219,217
34117218,1787229899,30000,456,46,1500,0,0,0,531,520,30,1,100,0,999,0,-1,-1,0,156,21,0,30,30,0,0,4305,-56,-50,200,219,217
34147218,1787229929,30000,448,41,1500,0,0,0,527,510,30,1,100,0,999,0,-1,-1,0,156,21,0,28,30,0,0,4305,78,15,200,218,217
34177218,1787229959,30000,465,53,1500,0,0,0,532,520,30,1,100,0,999,0,-1,-1,0,156,21,0,30,30,0,0,4305,-42,-25,200,218,217
34207218,1787229989,30000,431,41,1500,0,0,0,524,510,29,1,100,0,999,0,-1,-1,0,156,21,0,30,29,0,0,4305,14,-10,200,217,215
34237218,1787230019,30000,434,49,1500,0,0,0,530,530,30,1,100,0,999,0,-1,-1,0,156,21,0,30,30,0,0,4304,-28,-29,200,219,217
34267218,1787230049,30000,472,45,1500,0,0,0,527,510,30,1,100,0,999,0,-1,-1,0,156,21,0,30,30,0,0,4303,-48,-32,200,219,217
34297219,1787230079,30001,443,43,1500,0,0,0,532,520,30,1,100,0,999,0,-1,-1,0,156,21,0,30,30,0,0,4305,-6,0,200,219,217
34327219,1787230109,30000,510,49,1500,0,0,0,529,520,30,1,100,0,999,0,-1,-1,0,156,21,0,30,30,0,0,4304,-48,-12,200,219,217
34357218,1787230139,29999,498,59,1500,0,0,0,543,540,29,1,100,0,999,0,-1,-1,0,156,21,0,30,29,0,0,4302,0,-23,200,217,215
34387218,1787230169,30000,417,44,1375,0,0,0,530,520,30,1,100,0,999,0,-1,-1,0,143,40,0,28,30,0,0,4306,-14,-12,200,206,204
34417218,1787230199,30000,425,46,1500,0,0,0,532,520,30,1,100,0,1000,0,-1,-1,0,156,21,0,28,30,0,0,4305,-70,-54,200,219,218
34447218,1787230229,30000,474,51,1500,0,0,0,533,530,30,1,100,0,1000,0,-1,-1,0,156,21,0,30,30,0,0,4305,-14,-18,200,219,217
34477218,1787230259,30000,6720,5959,1500,1,0,0,604,530,30,1,100,0,1000,0,-1,-1,0,156,40,0,24,30,0,0,4305,-35,-18,200,221,219
34507218,1787230289,30000,244,23,1500,0,0,0,576,550,29,1,100,0,1000,0,-1,-1,0,156,21,0,26,29,0,0,4304,-98,-57,200,216,215
34537219,1787230319,30001,228,23,1500,0,0,0,548,530,30,1,100,0,1000,0,-1,-1,0,156,21,0,28,30,0,0,4304,-28,-14,200,219,217
34567218,1787230349,29999,580,302,1500,0,0,0,548,540,30,1,100,0,1000,0,-1,-1,0,156,21,0,29,30,0,0,4304,-28,-14,200,217,216
34597219,1787230379,30001,703,782,1500,0,0,0,571,560,30,1,100,0,1000,0,-1,-1,0,156,21,0,28,30,0,0,4305,-42,-42,200,219,217
34627218,1787230409,29999,7570,6157,1375,1,0,0,566,510,29,1,100,0,1000,0,-1,-1,0,143,40,0,21,29,0,0,4304,-28,4,200,206,204
34657218,1787230439,30000,512,120,1500,0,0,0,572,560,30,1,100,0,1000,0,-1,-1,0,156,21,0,29,30,0,0,4303,-78,-43,200,219,217
34687218,1787230469,30000,386,36,1500,0,0,0,560,550,30,1,100,0,1000,0,-1,-1,0,156,21,0,28,30,0,0,4303,0,-4,200,218,217
34717218,1787230499,30000,416,38,1500,0,0,0,565,550,30,1,100,0,1000,0,-1,-1,0,156,21,0,27,30,0,0,4304,-6,-3,200,218,217
34747218,1787230529,30000,389,45,1500,0,0,0,567,540,30,1,100,0,1000,0,-1,-1,0,156,21,0,27,30,0,0,4304,-28,-17,200,218,217
34777219,1787230559,30001,382,46,1500,0,0,0,554,540,29,1,100,0,1000,0,-1,-1,0,156,40,0,30,29,0,0,4304,-21,-29,200,217,215
34807218,1787230589,29999,385,40,1500,0,0,0,558,550,30,1,100,0,1000,0,-1,-1,0,156,21,0,28,30,0,0,4303,-35,-25,200,219,217
34837218,1787230619,30000,340,35,1500,0,0,0,552,550,30,1,100,0,1000,0,-1,-1,0,156,21,0,28,30,0,0,4303,-21,-39,200,218,217
34867218,1787230649,30000,363,34,1500,0,0,0,561,550,30,1,100,0,1000,0,-1,-1,0,156,21,0,30,30,0,0,4304,21,4,200,218,217
34897218,1787230679,30000,648,396,1375,0,0,0,552,540,30,1,100,0,1000,0,-1,-1,0,143,21,0,28,30,0,0,4304,-71,-54,200,206,204
34927218,1787230709,30000,380,40,1500,0,0,0,570,560,29,1,100,0,1000,0,-1,-1,0,156,21,0,27,29,0,0,4304,-28,-3,200,217,215
34957218,1787230739,30000,327,33,1500,0,0,0,552,550,30,1,100,0,1000,0,-1,-1,0,156,21,0,28,30,0,0,4304,-71,-43,200,219,217
34987218,1787230769,30000,251,25,1500,0,0,0,550,540,30,1,100,0,999,0,-1,-1,0,156,21,0,29,30,0,0,4291,-276,-156,200,220,218
35017218,1787230799,30000,442,170,1500,0,0,0,594,550,30,1,100,0,999,0,-1,-1,0,156,21,0,30,30,0,0,4303,28,-14,199,219,217
35047218,1787230829,30000,30166,9003,1500,2,0,0,576,530,29,1,100,0,999,0,-1,-1,0,156,40,0,16,29,0,0,4306,-56,-23,199,219,218
35077218,1787230859,30000,6267,2177,1375,1,0,0,534,520,30,1,100,0,999,0,-1,-1,0,143,40,0,11,30,0,0,4304,14,-4,199,209,207
35107218,1787230889,30000,5703,5570,1375,1,0,0,556,540,30,1,100,0,999,0,-1,-1,0,143,40,0,27,30,0,0,4303,-14,-9,199,206,205
35137219,1787230919,30001,26750,6752,1500,2,1,0,590,570,29,1,100,0,999,0,-1,-1,0,156,40,0,18,29,0,0,4300,-71,-53,199,225,223
35167218,1787230949,29999,1657,713,1375,0,1,0,599,570,30,1,100,0,999,0,-1,-1,0,143,40,0,27,30,0,0,4299,-278,-170,199,207,206
35197218,1787230979,30000,16267,7198,1500,2,1,0,594,570,29,1,100,0,999,0,-1,-1,0,156,45,0,25,29,0,0,4302,-28,-6,199,221,219
35227218,1787231009,30000,21965,6358,1375,1,1,0,608,520,30,1,100,0,999,0,-1,-1,0,143,40,0,21,30,0,0,4302,-162,-78,199,209,208
35257219,1787231039,30001,1149,585,1500,1,0,0,550,460,30,1,100,0,999,0,-1,-1,0,156,40,0,27,30,0,0,4302,35,12,199,220,219
35287219,1787231069,30000,251,44,1375,0,0,0,566,560,29,1,100,0,999,0,-1,-1,0,143,21,0,27,29,0,0,4303,-56,-42,199,204,202
35317219,1787231099,30000,4379,2433,1375,2,0,0,580,560,30,1,100,0,999,0,-1,-1,0,143,45,0,24,30,0,0,4302,-21,-25,199,210,208
35347218,1787231129,29999,3433,1468,1375,3,0,0,608,560,30,1,100,0,999,0,-1,-1,0,143,40,0,23,30,0,0,4304,-28,-45,199,210,209
35377218,1787231159,30000,832,547,1500,0,0,0,584,570,29,1,100,0,999,0,-1,-1,0,156,40,0,27,29,0,0,4302,-28,-4,199,217,216
35407218,1787231189,30000,280,33,1500,0,0,0,587,570,30,1,100,0,999,0,-1,-1,0,156,21,0,28,30,0,0,4302,-64,-37,199,219,217
35437218,1787231219,30000,33189,10415,1375,2,0,0,634,580,30,1,100,0,999,0,-1,-1,0,143,44,0,19,30,0,0,4303,14,-21,199,210,208
35467219,1787231249,30001,260,38,1500,0,0,0,622,560,29,1,100,0,999,0,-1,-1,0,156,21,0,30,29,0,0,4303,-64,-7,199,217,215
35497218,1787231279,29999,224,25,1500,0,0,0,544,530,30,1,100,0,1000,0,-1,-1,0,156,21,0,30,30,0,0,4302,29,31,199,219,218
35527218,1787231309,30000,22847,10599,1500,1,0,0,592,550,30,1,100,0,1000,0,-1,-1,0,156,40,0,25,30,0,0,4302,-14,4,199,220,218
35557218,1787231339,30000,36443,7953,1375,2,0,0,878,690,29,1,100,0,1000,0,-1,-1,0,143,43,0,13,29,0,0,4304,-21,-15,199,207,206
35587218,1787231369,30000,3336,2774,1375,1,0,0,762,560,30,1,100,0,1000,0,-1,-1,0,143,40,0,22,30,0,0,4301,14,7,199,209,207
35617218,1787231399,30000,428,106,1500,0,0,0,642,570,30,1,100,0,1000,0,-1,-1,0,156,21,0,28,30,0,0,4301,-64,-29,199,219,217
35647219,1787231429,30001,16210,6224,1500,1,0,0,712,680,30,1,100,0,1000,0,-1,-1,0,156,40,0,21,30,0,0,4303,-42,-57,199,221,219
35677218,1787231459,29999,5408,5234,1500,1,0,0,690,670,30,1,100,0,1000,0,-1,-1,0,156,40,0,26,30,0,0,4303,-64,-39,199,219,218
35707218,1787231489,30000,8183,2533,1375,0,0,0,741,730,29,1,100,0,1000,0,-1,-1,0,143,40,0,13,29,0,0,4302,6,0,199,205,203
35737218,1787231519,30000,6825,2932,1375,3,0,0,683,640,30,1,100,0,1000,0,-1,-1,0,143,40,0,20,30,0,0,4302,35,-4,199,211,210
35767218,1787231549,30000,2194,1342,1375,2,0,0,707,670,29,1,100,0,1000,0,-1,-1,0,143,40,0,20,29,0,0,4302,43,7,199,207,205
35797219,1787231579,30001,40521,6778,1500,2,0,0,701,680,30,1,100,0,1000,0,-1,-1,0,156,44,0,14,30,0,0,4302,14,-1,199,223,221
35827219,1787231609,30000,31541,6614,1375,2,0,0,894,840,30,1,100,0,1000,0,-1,-1,0,143,40,0,13,30,0,0,4302,14,1,199,210,208
35857218,1787231639,29999,58460,12541,1500,1,4,0,922,910,29,1,100,0,1000,0,-1,-1,0,156,40,0,11,29,0,0,4299,21,-15,199,229,227
35887218,1787231669,30000,26435,6897,1375,0,0,0,773,700,30,1,100,0,1000,0,-1,-1,0,143,40,0,13,30,0,0,4303,6,3,199,207,205
35917218,1787231699,30000,225,27,1500,0,0,0,603,520,29,1,100,0,1000,0,-1,-1,0,156,21,0,21,29,0,0,4302,21,15,199,217,215
35947218,1787231729,30000,220,43,1500,0,0,0,519,500,30,1,100,0,999,0,-1,-1,0,156,21,0,26,30,0,0,4282,-582,-295,199,220,218
35977218,1787231759,30000,244,41,1500,0,0,0,529,510,30,1,100,0,999,0,-1,-1,0,156,40,0,27,30,0,0,4303,-64,-34,199,218,217
36007218,1787231789,30000,215,25,1500,0,0,0,545,530,30,1,100,0,999,0,-1,-1,0,156,21,0,29,30,0,0,4301,-57,-51,199,218,217
36037218,1787231819,30000,245,79,1500,0,0,0,559,540,30,1,100,0,999,0,-1,-1,0,156,21,0,30,30,0,0,4279,-237,-110,199,219,217
36067218,1787231849,30000,215,23,1500,0,0,0,563,530,30,1,100,0,999,0,-1,-1,0,156,21,0,30,30,0,0,4302,0,6,199,218,217
36097218,1787231879,30000,3582,2174,1375,1,0,0,528,520,30,1,100,0,999,0,-1,-1,0,143,40,0,26,30,0,0,4302,0,3,199,207,205
36127219,1787231909,30001,4009,4240,1500,0,0,0,572,520,29,1,100,0,1000,0,-1,-1,0,156,40,0,23,29,0,0,4297,-64,-23,199,219,217
36157218,1787231939,29999,9736,12466,1500,1,0,0,544,540,30,1,100,0,1000,0,-1,-1,0,156,40,0,29,30,0,0,4302,0,-14,199,220,219
36187218,1787231969,30000,1920,649,1375,3,0,0,569,550,30,1,100,0,1000,0,-1,-1,0,143,40,0,22,30,0,0,4303,43,6,199,210,209
36217218,1787231999,30000,3792,1527,1375,0,0,0,567,540,29,1,100,0,1000,0,-1,-1,0,143,40,0,27,29,0,0,4301,-35,-32,199,205,203
36247219,1787232029,30001,714,196,1500,0,0,0,542,520,30,1,100,0,1000,0,-1,-1,0,156,21,0,20,30,0,0,4300,29,21,199,219,217
36277219,1787232059,30000,28429,11104,1375,2,0,0,583,550,30,1,100,0,1000,0,-1,-1,0,143,40,0,16,30,0,0,4302,14,-4,199,209,207
36307219,1787232089,30000,11422,4733,1500,0,0,0,648,550,30,1,100,0,1000,0,-1,-1,0,156,40,0,24,30,0,0,4300,21,9,199,220,218
36337220,1787232119,30001,1178,542,1500,1,0,0,555,540,29,1,100,0,1000,0,-1,-1,0,156,40,0,26,29,0,0,4302,-14,-20,199,218,217
36367218,1787232149,29998,898,227,1500,0,0,0,550,530,30,1,100,0,1000,0,-1,-1,0,156,21,0,23,30,0,0,4301,-57,-34,199,219,217
36397218,1787232179,30000,551,71,1500,0,0,0,546,530,30,1,100,0,1000,0,-1,-1,0,156,21,0,24,30,0,0,4301,-21,-17,199,218,217
36427218,1787232209,30000,641,142,1375,1,0,0,560,550,30,1,100,0,1000,0,-1,-1,0,143,21,0,19,30,0,0,4301,6,-1,199,206,205
36457218,1787232239,30000,5788,1515,1375,2,0,0,561,550,30,1,100,0,1000,0,-1,-1,0,143,44,0,24,30,0,0,4300,-42,-34,199,210,209
36487218,1787232269,30000,503,50,1500,0,0,0,549,540,30,1,100,0,1000,0,-1,-1,0,156,21,0,23,30,0,0,4299,43,7,199,218,217
36517219,1787232299,30001,699,159,1500,0,0,0,560,530,30,1,100,0,1000,0,-1,-1,0,156,21,0,18,30,0,0,4301,35,23,199,219,217
36547218,1787232329,29999,812,181,1500,1,0,0,553,540,29,1,100,0,1000,0,-1,-1,0,156,40,0,23,29,0,0,4300,-6,-12,199,219,217
36577218,1787232359,30000,1013,546,1500,0,0,0,555,530,30,1,100,0,1000,0,-1,-1,0,156,21,0,21,30,0,0,4300,29,12,199,219,217
36607218,1787232389,30000,1671,633,1375,1,0,0,558,550,30,1,100,0,1000,0,-1,-1,0,143,21,0,24,30,0,0,4301,43,28,199,207,205
36637219,1787232419,30001,14124,11251,1500,0,0,0,601,560,30,1,100,0,1000,0,-1,-1,0,156,40,0,21,30,0,0,4302,-42,-62,199,220,218
36667219,1787232449,30000,243,33,1500,0,0,0,575,560,30,1,100,0,1000,0,-1,-1,0,156,21,0,27,30,0,0,4300,-29,-37,199,219,217
36697218,1787232479,29999,290,111,1500,0,0,0,560,550,30,1,100,0,1000,0,-1,-1,0,156,21,0,30,30,0,0,4301,-50,-42,199,218,217
36727218,1787232509,30000,13916,11705,1375,2,0,0,571,560,29,1,100,0,1000,0,-1,-1,0,143,40,0,25,29,0,0,4301,6,-4,199,206,205
36757218,1787232539,30000,34940,5544,1375,2,1,24,614,590,29,1,100,0,1000,0,-1,-1,0,143,44,0,9,29,0,0,4298,6,-17,199,212,210
36787218,1787232569,30000,38249,7919,1500,0,1,0,773,630,30,1,100,0,1000,0,-1,-1,0,156,21,0,11,30,0,0,4302,14,-9,199,222,220
36817218,1787232599,30000,43554,12000,1500,1,0,26,916,860,29,1,100,0,1000,0,-1,-1,0,156,45,0,10,29,0,0,4302,-21,-29,199,222,220
36847218,1787232629,30000,52168,10790,1500,0,0,0,986,940,28,1,100,0,1000,0,-1,-1,0,156,21,0,10,28,0,0,4301,21,-3,199,215,213
36877218,1787232659,30000,91005,17771,1500,0,4,40,1026,1010,28,1,100,0,1000,0,-1,-1,0,156,21,0,10,28,0,0,4298,57,20,199,249,247
36907218,1787232689,30000,81127,17048,1500,0,1,16,1094,1030,28,1,100,0,1000,0,-1,-1,0,156,21,0,12,28,0,0,4300,-50,-26,199,224,223
36937218,1787232719,30000,52682,9601,1500,0,1,14,1104,1040,28,1,100,0,1000,0,-1,-1,0,156,21,0,13,28,0,0,4300,-50,-43,199,224,222
36967218,1787232749,30000,46284,11714,1375,0,1,22,1043,1030,28,1,100,0,1000,0,-1,-1,0,143,40,0,10,28,0,0,4300,29,7,199,211,209
36997218,1787232779,30000,27735,6724,1500,1,2,8,910,860,29,1,100,0,1000,0,-1,-1,0,156,40,0,11,29,0,0,4300,29,-1,199,226,224
37027218,1787232809,30000,32108,8164,1500,1,1,0,855,830,29,1,100,0,1000,0,-1,-1,0,156,45,0,11,29,0,0,4300,6,0,199,220,218
37057218,1787232839,30000,43494,9505,1375,2,3,0,819,800,30,1,100,0,1000,0,-1,-1,0,143,44,0,10,30,0,0,4298,-21,-1,199,213,211
37087218,1787232869,30000,22907,5714,1375,2,0,0,782,750,29,1,100,0,1000,0,-1,-1,0,143,43,0,11,29,0,0,4298,6,-117,199,208,206
37117219,1787232899,30001,57163,14708,1500,1,1,0,732,700,30,1,100,0,999,0,-1,-1,0,156,44,0,11,30,0,0,4300,50,10,198,223,221
37147218,1787232929,29999,31801,6851,1375,1,2,0,862,780,29,1,100,0,999,0,-1,-1,0,143,40,0,10,29,0,0,4298,-50,-43,198,208,206
37177218,1787232959,30000,32329,6716,1375,2,0,0,801,760,30,1,100,0,999,0,-1,-1,0,143,44,0,11,30,0,0,4301,-14,-95,198,209,208
37207218,1787232989,30000,48271,9198,1500,1,0,0,846,770,30,1,100,0,999,0,-1,-1,0,156,40,0,12,30,0,0,4301,0,4,198,221,219
37237218,1787233019,30000,8493,5976,1375,0,0,0,845,780,29,1,100,0,999,0,-1,-1,0,143,40,0,22,29,0,0,4299,0,-9,198,204,203
37267218,1787233049,30000,36805,8801,1375,3,0,0,829,800,30,1,100,0,999,0,-1,-1,0,143,44,0,14,30,0,0,4300,0,-3,198,210,209
37297218,1787233079,30000,60768,9399,1500,0,1,0,887,870,30,1,100,0,999,0,-1,-1,0,156,40,0,9,30,0,0,4299,-21,-15,198,220,218
37327219,1787233109,30001,54186,9317,1500,0,0,0,888,860,30,1,100,0,999,0,-1,-1,0,156,21,0,12,30,0,0,4300,-21,-12,198,219,217
37357218,1787233139,29999,47936,9490,1500,1,0,0,884,860,29,1,100,0,999,0,-1,-1,0,156,40,0,9,29,0,0,4298,-35,-9,198,218,217
37387218,1787233169,30000,29277,9331,1375,2,0,0,887,860,29,1,100,0,1000,0,-1,-1,0,143,44,0,9,29,0,0,4299,-35,-21,198,209,208
37417218,1787233199,30000,12813,2563,1375,3,0,0,775,750,30,1,100,0,1000,0,-1,-1,0,143,45,0,18,30,0,0,4299,6,-1,198,211,209
37447218,1787233229,30000,23311,2362,1375,1,0,0,734,660,30,1,100,0,1000,0,-1,-1,0,143,40,0,9,30,0,0,4297,-151,-92,198,208,206
37477218,1787233259,30000,45895,11648,1500,0,0,0,660,650,29,1,100,0,1000,0,-1,-1,0,156,21,0,8,29,0,0,4299,-29,-9,198,217,215
