H,schema,1,kinds,R;E;S;V;X
H,R,kind,uptime_ms,wall_utc,run_id,firmware,hardware,fw_read,app_version,catalogue_version,type_table_version,kernel_iface
H,E,kind,uptime_ms,run_id,type,resolved,handle,driver_count,connected,descriptor
H,S,kind,uptime_ms,wall_utc,type,interval_ms,samples,batches,field_count,field_count_alt,ts_span_ms,longest_gap_ms,dt_min_m,dt_min_e,dt_p05_m,dt_p05_e,dt_p50_m,dt_p50_e,dt_p95_m,dt_p95_e,dt_max_m,dt_max_e,dt_bin_width_m,dt_bin_width_e,dt_over,batch_p50_m,batch_p50_e,batch_dt_p50_m,batch_dt_p50_e,us_over_999,non_monotonic,skew_ppm_m,skew_ppm_e,first_offset_ms,last_offset_ms,cadence,first_sample_ms
H,V,kind,uptime_ms,type,field,n,nonfinite,denormal,min_m,min_e,max_m,max_e,mean_m,mean_e,lsb_m,lsb_e,stuck_max_run,ever_changed,distinct,distinct_over
H,B,kind,uptime_ms,type,series,bins,width_m,width_e,origin_m,origin_e,count,under,over,min_m,min_e,max_m,max_e,+idx:count per non-empty bin
H,X,kind,uptime_ms,wall_utc,run_id,end,rows,failures,bytes
R,35254,1787674399,9,1.4.0,unknown,0,0.1.0,1,1,3
S,95547,1787674459,0x10,60000,2875,299,3,-1,58881,45,2000000,-5,2050000,-5,2050000,-5,2150000,-5,4500000,-5,1000000,-6,0,1050000,-5,5000000,-7,0,0,-4125699,-2,3378,1045,1,2679
B,95547,0x10,0,128,1000000,-6,0,0,2874,0,0,2000000,-5,4500000,-5,20:2532,21:286,39:10,40:45,45:1
B,95547,0x10,1,128,1000000,-6,0,0,298,0,24,0,0,3215000,-3,0:245,1:24,2:1,18:4
B,95547,0x10,2,64,1000000,-6,0,0,299,0,0,5000000,-6,1000000,-5,5:23,10:276
V,95547,0x10,0,2875,0,0,-1908237,-6,1831620,-6,-1572810,-7,2394274,-9,3,1,0,0
V,95547,0x10,1,2875,0,0,-2674405,-6,1338400,-6,2662400,-7,2394259,-9,4,1,0,0
V,95547,0x10,2,2875,0,0,6035967,-6,1194025,-5,9746226,-6,2393723,-9,4,1,0,0
S,95547,1787674459,0x11,60000,2875,299,3,-1,58856,40,2000000,-5,2050000,-5,2050000,-5,2150000,-5,4000000,-5,1000000,-6,0,1050000,-5,5000000,-7,0,0,-4439791,-2,3332,830,1,2678
B,95547,0x11,0,128,1000000,-6,0,0,2874,0,0,2000000,-5,4000000,-5,20:2533,21:286,39:10,40:45
B,95547,0x11,1,128,1000000,-6,0,0,298,0,27,0,0,3052000,-3,0:243,1:18,2:6,19:1,20:1,23:1,52:1
B,95547,0x11,2,64,1000000,-6,0,0,299,0,0,5000000,-6,1000000,-5,5:23,10:276
V,95547,0x11,0,7,2868,7,1401299,-51,1071993,-48,2354182,-49,1541428,-50,3,1,16,1
V,95547,0x11,1,2870,5,2870,2662467,-50,7833259,-49,1569454,-49,1401299,-51,4,1,16,1
V,95547,0x11,2,2875,0,2875,3532674,-48,6988275,-48,5704687,-48,1401299,-51,4,1,16,1
S,95547,1787674459,0x20,60000,1295,134,3,-1,54196,2253,3900000,-5,4050000,-5,4050000,-5,4150000,-5,2253000,-3,1000000,-6,1,1050000,-5,5000000,-7,0,0,-7512548,-2,5731,1944,1,5773
B,95547,0x20,0,128,1000000,-6,0,0,1294,0,1,3900000,-5,2253000,-3,39:10,40:1050,41:233
B,95547,0x20,1,128,1000000,-6,0,0,133,0,10,0,0,5088000,-3,0:110,1:9,16:2,17:2
B,95547,0x20,2,64,1000000,-6,0,0,134,0,0,5000000,-6,1000000,-5,5:9,10:125
V,95547,0x20,0,1295,0,0,-2746666,-6,1648000,-6,-5653584,-7,6103701,-8,4,1,0,0
V,95547,0x20,1,1295,0,0,-2197333,-6,3540147,-6,-1775494,-7,6103701,-8,4,1,0,0
V,95547,0x20,2,1295,0,0,-3723258,-6,7324443,-7,1734488,-8,6103701,-8,4,1,0,0
S,95547,1787674459,0x21,60000,1375,143,3,-1,55200,41,3900000,-5,4050000,-5,4050000,-5,4150000,-5,4100000,-5,1000000,-6,0,1050000,-5,5000000,-7,0,0,-9504256,-2,5730,939,1,5772
B,95547,0x21,0,128,1000000,-6,0,0,1374,0,0,3900000,-5,4100000,-5,39:10,40:1114,41:250
B,95547,0x21,1,128,1000000,-6,0,0,142,0,10,0,0,5088000,-3,0:116,1:12,17:2,18:2
B,95547,0x21,2,64,1000000,-6,0,0,143,0,0,5000000,-6,1000000,-5,5:11,10:132
V,95547,0x21,0,13,1362,12,0,0,3783505,-50,1541428,-50,1401299,-51,4,1,16,1
V,95547,0x21,1,141,1234,63,0,0,8127532,-50,2802597,-51,1401299,-51,4,1,16,1
V,95547,0x21,2,940,435,710,0,0,1681558,-50,2802597,-51,1401299,-51,4,1,16,1
S,95547,1787674459,0x41,60000,55,11,2,-1,54919,1030,1011000,-3,1030000,-3,1030000,-3,1030000,-3,1030000,-3,1000000,-6,54,5500000,-6,5301000,-3,0,0,-7566201,-2,4059,196,0,5107
B,95547,0x41,0,128,1000000,-6,0,0,54,0,54,1011000,-3,1030000,-3
B,95547,0x41,1,128,1000000,-6,0,0,10,0,10,5080000,-3,5301000,-3
B,95547,0x41,2,64,1000000,-6,0,0,11,0,0,5000000,-6,5000000,-6,5:11
V,95547,0x41,0,55,0,0,0,0,0,0,0,0,0,127,55,0,0,0
V,95547,0x41,1,55,0,0,0,0,0,0,0,0,0,127,55,0,0,0
S,95547,1787674459,0x42,60000,1,1,2,-1,0,0,0,0,0,0,0,0,0,0,0,0,1000000,-6,0,1500000,-6,0,0,0,0,0,0,198,198,0,198
B,95547,0x42,2,64,1000000,-6,0,0,1,0,0,1000000,-6,1000000,-6,1:1
V,95547,0x42,0,1,0,0,6100000,-5,6100000,-5,6100000,-5,0,127,1,0,0,0
V,95547,0x42,1,1,0,0,5400000,-5,5400000,-5,5400000,-5,0,127,1,0,0,0
S,95547,1787674459,0x43,60000,55,11,7,-1,54919,1030,1011000,-3,1030000,-3,1030000,-3,1030000,-3,1030000,-3,1000000,-6,54,5500000,-6,5300000,-3,0,0,-7568309,-2,4060,196,0,5107
B,95547,0x43,0,128,1000000,-6,0,0,54,0,54,1011000,-3,1030000,-3
B,95547,0x43,1,128,1000000,-6,0,0,10,0,10,5080000,-3,5300000,-3
B,95547,0x43,2,64,1000000,-6,0,0,11,0,0,5000000,-6,5000000,-6,5:11
V,95547,0x43,0,55,0,0,0,0,0,0,0,0,0,127,55,0,0,0
V,95547,0x43,1,55,0,0,0,0,0,0,0,0,0,127,55,0,0,0
V,95547,0x43,2,55,0,0,1000000,-6,1000000,-6,1000000,-6,0,127,55,0,0,0
V,95547,0x43,3,55,0,0,0,0,0,0,0,0,0,127,55,0,0,0
V,95547,0x43,4,55,0,0,0,0,0,0,0,0,0,127,55,0,0,0
V,95547,0x43,5,55,0,0,0,0,0,0,0,0,0,127,55,0,0,0
V,95547,0x43,6,55,0,0,0,0,0,0,0,0,0,127,55,0,0,0
S,95547,1787674459,0x50,60000,0,0,0,-1,0,0,0,0,0,0,0,0,0,0,0,0,1000000,-6,0,0,0,0,0,0,0,0,0,0,0,0,-1
S,95547,1787674459,0x51,60000,1,1,1,-1,0,0,0,0,0,0,0,0,0,0,0,0,1000000,-6,0,1500000,-6,0,0,0,0,0,0,197,197,0,197
B,95547,0x51,2,64,1000000,-6,0,0,1,0,0,1000000,-6,1000000,-6,1:1
V,95547,0x51,0,1,0,0,0,0,0,0,0,0,0,127,1,0,1,0
S,95547,1787674459,0x52,60000,1,1,1,-1,0,0,0,0,0,0,0,0,0,0,0,0,1000000,-6,0,1500000,-6,0,0,0,0,0,0,197,197,0,197
B,95547,0x52,2,64,1000000,-6,0,0,1,0,0,1000000,-6,1000000,-6,1:1
V,95547,0x52,0,1,0,1,2270104,-49,2270104,-49,2270104,-49,0,127,1,0,1,0
S,95547,1787674459,0x53,60000,50,10,2,-1,49823,1030,1011000,-3,1030000,-3,1030000,-3,1030000,-3,1030000,-3,1000000,-6,49,5500000,-6,5319000,-3,0,0,-8332065,-2,4059,227,0,5104
B,95547,0x53,0,128,1000000,-6,0,0,49,0,49,1011000,-3,1030000,-3
B,95547,0x53,1,128,1000000,-6,0,0,9,0,9,5080000,-3,5319000,-3
B,95547,0x53,2,64,1000000,-6,0,0,10,0,0,5000000,-6,5000000,-6,5:10
V,95547,0x53,0,50,0,0,0,0,0,0,0,0,0,127,50,0,0,0
V,95547,0x53,1,50,0,0,0,0,0,0,0,0,0,127,50,0,1,0
S,95547,1787674459,0x60,60000,1,1,2,-1,0,0,0,0,0,0,0,0,0,0,0,0,1000000,-6,0,1500000,-6,0,0,0,0,0,0,194,194,0,194
B,95547,0x60,2,64,1000000,-6,0,0,1,0,0,1000000,-6,1000000,-6,1:1
V,95547,0x60,0,1,0,0,0,0,0,0,0,0,0,127,1,0,1,0
V,95547,0x60,1,1,0,0,0,0,0,0,0,0,0,127,1,0,1,0
S,95547,1787674459,0x61,60000,1,1,2,-1,0,0,0,0,0,0,0,0,0,0,0,0,1000000,-6,0,1500000,-6,0,0,0,0,0,0,194,194,0,194
B,95547,0x61,2,64,1000000,-6,0,0,1,0,0,1000000,-6,1000000,-6,1:1
V,95547,0x61,0,1,0,0,0,0,0,0,0,0,0,127,1,0,1,0
V,95547,0x61,1,1,0,0,0,0,0,0,0,0,0,127,1,0,1,0
S,95547,1787674459,0x70,60000,200,12,1,-1,40465,214,2020000,-4,2140000,-4,2140000,-4,2140000,-4,2140000,-4,1000000,-6,199,1750000,-5,5000000,-7,0,0,-3338058,-1,10127,0,1,10352
B,95547,0x70,0,128,1000000,-6,0,0,199,0,199,2020000,-4,2140000,-4
B,95547,0x70,1,128,1000000,-6,0,0,11,0,3,0,0,1016900,-2,0:6,1:2
B,95547,0x70,2,64,1000000,-6,0,0,12,0,0,1600000,-5,1700000,-5,16:4,17:8
V,95547,0x70,0,200,0,0,3067000,-5,3078000,-5,3075865,-5,9998322,-9,30,1,0,0
S,95547,1787674459,0x80,60000,239,19,2,-1,48394,214,2020000,-4,2140000,-4,2140000,-4,2140000,-4,2140000,-4,1000000,-6,238,1350000,-5,5000000,-7,0,0,-1829092,-1,9957,2474,1,10182
B,95547,0x80,0,128,1000000,-6,0,0,238,0,238,2020000,-4,2140000,-4
B,95547,0x80,1,128,1000000,-6,0,0,18,0,4,0,0,1040300,-2,0:14
B,95547,0x80,2,64,1000000,-6,0,0,19,0,0,1100000,-5,1300000,-5,11:4,13:15
V,95547,0x80,0,239,0,0,1001070,-1,1001210,-1,1001127,-1,1000000,-6,5,1,0,0
V,95547,0x80,1,239,0,0,1014423,-1,1014423,-1,1014423,-1,0,127,239,0,0,0
S,95547,1787674459,0x90,60000,200,12,1,-1,40465,214,2020000,-4,2140000,-4,2140000,-4,2140000,-4,2140000,-4,1000000,-6,199,1750000,-5,5000000,-7,0,0,-3337619,-1,10127,1,1,10351
B,95547,0x90,0,128,1000000,-6,0,0,199,0,199,2020000,-4,2140000,-4
B,95547,0x90,1,128,1000000,-6,0,0,11,0,4,0,0,1016800,-2,0:7
B,95547,0x90,2,64,1000000,-6,0,0,12,0,0,1600000,-5,1700000,-5,16:4,17:8
V,95547,0x90,0,200,0,0,1008704,-4,1017543,-4,1013948,-4,4501343,-10,1,1,0,0
S,95547,1787674459,0xa0,60000,0,0,0,-1,0,0,0,0,0,0,0,0,0,0,0,0,1000000,-6,0,0,0,0,0,0,0,0,0,0,0,0,-1
S,95547,1787674459,0xb0,60000,1,1,1,-1,0,0,0,0,0,0,0,0,0,0,0,0,1000000,-6,0,1500000,-6,0,0,0,0,0,0,190,190,0,190
B,95547,0xb0,2,64,1000000,-6,0,0,1,0,0,1000000,-6,1000000,-6,1:1
V,95547,0xb0,0,1,0,0,0,0,0,0,0,0,0,127,1,0,1,0
S,95547,1787674459,0xc0,60000,1,1,2,-1,0,0,0,0,0,0,0,0,0,0,0,0,1000000,-6,0,1500000,-6,0,0,0,0,0,0,189,189,0,189
B,95547,0xc0,2,64,1000000,-6,0,0,1,0,0,1000000,-6,1000000,-6,1:1
V,95547,0xc0,0,1,0,0,0,0,0,0,0,0,0,127,1,0,1,0
V,95547,0xc0,1,1,0,0,0,0,0,0,0,0,0,127,1,0,1,0
S,95547,1787674459,0xe0,60000,1,1,1,-1,0,0,0,0,0,0,0,0,0,0,0,0,1000000,-6,0,1500000,-6,0,0,0,0,0,0,189,189,0,189
B,95547,0xe0,2,64,1000000,-6,0,0,1,0,0,1000000,-6,1000000,-6,1:1
V,95547,0xe0,0,1,0,0,0,0,0,0,0,0,0,127,1,0,1,0
S,95547,1787674459,0xe1,60000,1,1,1,-1,0,0,0,0,0,0,0,0,0,0,0,0,1000000,-6,0,1500000,-6,0,0,0,0,0,0,189,189,0,188
B,95547,0xe1,2,64,1000000,-6,0,0,1,0,0,1000000,-6,1000000,-6,1:1
V,95547,0xe1,0,1,0,0,0,0,0,0,0,0,0,127,1,0,1,0
S,95547,1787674459,0x110,60000,50,10,5,-1,55137,6317,1011000,-3,6317000,-3,6317000,-3,6317000,-3,6317000,-3,1000000,-6,49,5500000,-6,1040600,-2,0,0,-7946670,-2,4059,0,0,5092
B,95547,0x110,0,128,1000000,-6,0,0,49,0,49,1011000,-3,6317000,-3
B,95547,0x110,1,128,1000000,-6,0,0,9,0,9,4897000,-3,1040600,-2
B,95547,0x110,2,64,1000000,-6,0,0,10,0,0,5000000,-6,5000000,-6,5:10
V,95547,0x110,0,50,0,0,0,0,0,0,0,0,0,127,50,0,0,0
V,95547,0x110,1,50,0,0,0,0,0,0,0,0,0,127,50,0,1,0
V,95547,0x110,2,50,0,0,0,0,0,0,0,0,0,127,50,0,0,0
V,95547,0x110,3,50,0,0,0,0,0,0,0,0,0,127,50,0,0,0
V,95547,0x110,4,50,0,0,0,0,0,0,0,0,0,127,50,0,0,0
S,95547,1787674459,0x111,60000,50,10,3,-1,55137,6317,1011000,-3,6317000,-3,6317000,-3,6317000,-3,6317000,-3,1000000,-6,49,5500000,-6,1040600,-2,0,0,-7946670,-2,4059,0,0,5091
B,95547,0x111,0,128,1000000,-6,0,0,49,0,49,1011000,-3,6317000,-3
B,95547,0x111,1,128,1000000,-6,0,0,9,0,9,4897000,-3,1040600,-2
B,95547,0x111,2,64,1000000,-6,0,0,10,0,0,5000000,-6,5000000,-6,5:10
V,95547,0x111,0,50,0,0,0,0,0,0,0,0,0,127,50,0,0,0
V,95547,0x111,1,50,0,0,0,0,0,0,0,0,0,127,50,0,1,0
V,95547,0x111,2,50,0,0,0,0,0,0,0,0,0,127,50,0,1,0
S,95547,1787674459,0x112,60000,55,11,1,-1,55137,1226,1011000,-3,1226000,-3,1226000,-3,1226000,-3,1226000,-3,1000000,-6,54,5500000,-6,5319000,-3,0,0,-7946670,-2,4059,0,0,5090
B,95547,0x112,0,128,1000000,-6,0,0,54,0,54,1011000,-3,1226000,-3
B,95547,0x112,1,128,1000000,-6,0,0,10,0,10,4897000,-3,5319000,-3
B,95547,0x112,2,64,1000000,-6,0,0,11,0,0,5000000,-6,5000000,-6,5:11
V,95547,0x112,0,55,0,0,0,0,0,0,0,0,0,127,55,0,0,0
S,95547,1787674459,0x120,60000,1,1,1,-1,0,0,0,0,0,0,0,0,0,0,0,0,1000000,-6,0,1500000,-6,0,0,0,0,0,0,181,181,0,181
B,95547,0x120,2,64,1000000,-6,0,0,1,0,0,1000000,-6,1000000,-6,1:1
V,95547,0x120,0,1,0,0,9997266,-5,9997266,-5,9997266,-5,0,127,1,0,0,0
S,95547,1787674459,0x121,60000,1,1,2,-1,0,0,0,0,0,0,0,0,0,0,0,0,1000000,-6,0,1500000,-6,0,0,0,0,0,0,181,181,0,181
B,95547,0x121,2,64,1000000,-6,0,0,1,0,0,1000000,-6,1000000,-6,1:1
V,95547,0x121,0,1,0,0,0,0,0,0,0,0,0,127,1,0,1,0
V,95547,0x121,1,1,0,0,0,0,0,0,0,0,0,127,1,0,1,0
S,95547,1787674459,0x122,60000,55,11,5,-1,54919,1030,1011000,-3,1030000,-3,1030000,-3,1030000,-3,1030000,-3,1000000,-6,54,5500000,-6,5301000,-3,0,0,-7566201,-2,4059,196,0,5089
B,95547,0x122,0,128,1000000,-6,0,0,54,0,54,1011000,-3,1030000,-3
B,95547,0x122,1,128,1000000,-6,0,0,10,0,10,5080000,-3,5301000,-3
B,95547,0x122,2,64,1000000,-6,0,0,11,0,0,5000000,-6,5000000,-6,5:11
V,95547,0x122,0,55,0,0,4391797,-6,4403828,-6,4397131,-6,3905297,-10,6,1,0,0
V,95547,0x122,1,55,0,0,-1953125,-5,-2968750,-6,-1179261,-5,1406250,-6,6,1,0,0
V,95547,0x122,2,55,0,0,-1593750,-5,-7187500,-6,-1190341,-5,3125000,-7,6,1,0,0
V,95547,0x122,3,55,0,0,2225000,-4,2225000,-4,2225000,-4,0,127,55,0,0,0
V,95547,0x122,4,55,0,0,2230000,-4,2230000,-4,2230000,-4,0,127,55,0,0,0
S,95547,1787674459,0x130,60000,0,0,0,-1,0,0,0,0,0,0,0,0,0,0,0,0,1000000,-6,0,0,0,0,0,0,0,0,0,0,0,0,-1
S,95547,1787674459,0x131,60000,0,0,0,-1,0,0,0,0,0,0,0,0,0,0,0,0,1000000,-6,0,0,0,0,0,0,0,0,0,0,0,0,-1
S,95547,1787674459,0x140,60000,1,1,1,-1,0,0,0,0,0,0,0,0,0,0,0,0,1000000,-6,0,1500000,-6,0,0,0,0,0,0,177,177,0,177
B,95547,0x140,2,64,1000000,-6,0,0,1,0,0,1000000,-6,1000000,-6,1:1
V,95547,0x140,0,1,0,1,1401299,-51,1401299,-51,1401299,-51,0,127,1,0,1,0
S,95547,1787674459,0x150,60000,55,11,2,-1,55137,1230,1011000,-3,1230000,-3,1230000,-3,1230000,-3,1230000,-3,1000000,-6,54,5500000,-6,5318000,-3,0,0,-7946670,-2,4059,0,0,5086
B,95547,0x150,0,128,1000000,-6,0,0,54,0,54,1011000,-3,1230000,-3
B,95547,0x150,1,128,1000000,-6,0,0,10,0,10,4898000,-3,5318000,-3
B,95547,0x150,2,64,1000000,-6,0,0,11,0,0,5000000,-6,5000000,-6,5:11
V,95547,0x150,0,55,0,0,0,0,0,0,0,0,0,127,55,0,0,0
V,95547,0x150,1,55,0,0,0,0,0,0,0,0,0,127,55,0,1,0
S,155547,1787674519,0x10,60000,5875,611,3,-1,119671,45,2000000,-5,2050000,-5,2050000,-5,2150000,-5,4500000,-5,1000000,-6,0,1050000,-5,5000000,-7,0,0,-2625870,-2,3378,316,1,2679
B,155547,0x10,0,128,1000000,-6,0,0,5874,0,0,2000000,-5,4500000,-5,20:5217,21:576,39:10,40:70,45:1
B,155547,0x10,1,128,1000000,-6,0,0,610,0,48,0,0,3215000,-3,0:503,1:45,2:2,17:1,18:9,19:1,20:1
B,155547,0x10,2,64,1000000,-6,0,0,611,0,0,5000000,-6,1000000,-5,5:47,10:564
V,155547,0x10,0,5875,0,0,-1908237,-6,1831620,-6,-1593320,-7,2394274,-9,5,1,0,0
V,155547,0x10,1,5875,0,0,-2674405,-6,1338400,-6,2669985,-7,2394259,-9,4,1,0,0
V,155547,0x10,2,5875,0,0,6035967,-6,1194025,-5,9746018,-6,2393723,-9,4,1,0,0
S,155547,1787674519,0x11,60000,5875,611,3,-1,119646,40,2000000,-5,2050000,-5,2050000,-5,2150000,-5,4000000,-5,1000000,-6,0,1050000,-5,5000000,-7,0,0,-2605310,-2,3332,294,1,2678
B,155547,0x11,0,128,1000000,-6,0,0,5874,0,0,2000000,-5,4000000,-5,20:5218,21:576,39:10,40:70
B,155547,0x11,1,128,1000000,-6,0,0,610,0,51,0,0,3066000,-3,0:500,1:37,2:14,18:1,19:2,20:3,23:1,52:1
B,155547,0x11,2,64,1000000,-6,0,0,611,0,0,5000000,-6,1000000,-5,5:47,10:564
V,155547,0x11,0,7,5868,7,1401299,-51,1071993,-48,2354182,-49,1541428,-50,5,1,16,1
V,155547,0x11,1,5870,5,5870,2662467,-50,7833259,-49,1569454,-49,1401299,-51,4,1,16,1
V,155547,0x11,2,5875,0,5875,3532674,-48,6988275,-48,5704687,-48,1401299,-51,4,1,16,1
S,155547,1787674519,0x20,60000,2730,283,3,-1,115489,2655,3900000,-5,4050000,-5,4050000,-5,4150000,-5,2655000,-3,1000000,-6,3,1050000,-5,5000000,-7,0,0,-4314799,-2,5731,954,1,5773
B,155547,0x20,0,128,1000000,-6,0,0,2729,0,3,3900000,-5,2655000,-3,39:10,40:2210,41:506
B,155547,0x20,1,128,1000000,-6,0,0,282,0,22,0,0,5318000,-3,0:234,1:20,16:2,17:2,19:2
B,155547,0x20,2,64,1000000,-6,0,0,283,0,0,5000000,-6,1000000,-5,5:20,10:263
V,155547,0x20,0,2730,0,0,-2746666,-6,1648000,-6,-5700589,-7,6103701,-8,4,1,0,0
V,155547,0x20,1,2730,0,0,-2197333,-6,3540147,-6,-1797350,-7,6103701,-8,6,1,0,0
V,155547,0x20,2,2730,0,0,-3723258,-6,7324443,-7,2443717,-8,6103701,-8,4,1,0,0
S,155547,1787674519,0x21,60000,2875,299,3,-1,115489,41,3900000,-5,4050000,-5,4050000,-5,4150000,-5,4100000,-5,1000000,-6,0,1050000,-5,5000000,-7,0,0,-4314799,-2,5730,953,1,5772
B,155547,0x21,0,128,1000000,-6,0,0,2874,0,0,3900000,-5,4100000,-5,39:10,40:2325,41:539
B,155547,0x21,1,128,1000000,-6,0,0,298,0,27,0,0,5096000,-3,0:253,1:13,17:2,18:2,21:1
B,155547,0x21,2,64,1000000,-6,0,0,299,0,0,5000000,-6,1000000,-5,5:23,10:276
V,155547,0x21,0,13,2862,12,0,0,3783505,-50,1541428,-50,1401299,-51,4,1,16,1
V,155547,0x21,1,274,2601,112,0,0,8127532,-50,1401299,-51,1401299,-51,6,1,16,1
V,155547,0x21,2,1955,920,1462,0,0,1681558,-50,2802597,-51,1401299,-51,4,1,16,1
S,155547,1787674519,0x41,60000,115,23,2,-1,115996,1030,1011000,-3,1030000,-3,1030000,-3,1030000,-3,1030000,-3,1000000,-6,114,5500000,-6,5301000,-3,0,0,-3626147,-2,4059,0,2,5107
B,155547,0x41,0,128,1000000,-6,0,0,114,0,114,1011000,-3,1030000,-3
B,155547,0x41,1,128,1000000,-6,0,0,22,0,22,4919000,-3,5301000,-3
B,155547,0x41,2,64,1000000,-6,0,0,23,0,0,5000000,-6,5000000,-6,5:23
V,155547,0x41,0,115,0,0,0,0,0,0,0,0,0,127,115,0,0,0
V,155547,0x41,1,115,0,0,0,0,0,0,0,0,0,127,115,0,0,0
S,155547,1787674519,0x42,60000,1,1,2,-1,0,0,0,0,0,0,0,0,0,0,0,0,1000000,-6,0,1500000,-6,0,0,0,0,0,0,198,198,0,198
B,155547,0x42,2,64,1000000,-6,0,0,1,0,0,1000000,-6,1000000,-6,1:1
V,155547,0x42,0,1,0,0,6100000,-5,6100000,-5,6100000,-5,0,127,1,0,0,0
V,155547,0x42,1,1,0,0,5400000,-5,5400000,-5,5400000,-5,0,127,1,0,0,0
S,155547,1787674519,0x43,60000,115,23,7,-1,115996,1030,1011000,-3,1030000,-3,1030000,-3,1030000,-3,1030000,-3,1000000,-6,114,5500000,-6,5300000,-3,0,0,-3626147,-2,4060,1,2,5107
B,155547,0x43,0,128,1000000,-6,0,0,114,0,114,1011000,-3,1030000,-3
B,155547,0x43,1,128,1000000,-6,0,0,22,0,22,4919000,-3,5300000,-3
B,155547,0x43,2,64,1000000,-6,0,0,23,0,0,5000000,-6,5000000,-6,5:23
V,155547,0x43,0,115,0,0,0,0,0,0,0,0,0,127,115,0,0,0
V,155547,0x43,1,115,0,0,0,0,0,0,0,0,0,127,115,0,0,0
V,155547,0x43,2,115,0,0,1000000,-6,1000000,-6,1000000,-6,0,127,115,0,0,0
V,155547,0x43,3,115,0,0,0,0,0,0,0,0,0,127,115,0,0,0
V,155547,0x43,4,115,0,0,0,0,0,0,0,0,0,127,115,0,0,0
V,155547,0x43,5,115,0,0,0,0,0,0,0,0,0,127,115,0,0,0
V,155547,0x43,6,115,0,0,0,0,0,0,0,0,0,127,115,0,0,0
S,155547,1787674519,0x50,60000,0,0,0,-1,0,0,0,0,0,0,0,0,0,0,0,0,1000000,-6,0,0,0,0,0,0,0,0,0,0,0,0,-1
S,155547,1787674519,0x51,60000,1,1,1,-1,0,0,0,0,0,0,0,0,0,0,0,0,1000000,-6,0,1500000,-6,0,0,0,0,0,0,197,197,0,197
B,155547,0x51,2,64,1000000,-6,0,0,1,0,0,1000000,-6,1000000,-6,1:1
V,155547,0x51,0,1,0,0,0,0,0,0,0,0,0,127,1,0,1,0
S,155547,1787674519,0x52,60000,1,1,1,-1,0,0,0,0,0,0,0,0,0,0,0,0,1000000,-6,0,1500000,-6,0,0,0,0,0,0,197,197,0,197
B,155547,0x52,2,64,1000000,-6,0,0,1,0,0,1000000,-6,1000000,-6,1:1
V,155547,0x52,0,1,0,1,2270104,-49,2270104,-49,2270104,-49,0,127,1,0,1,0
S,155547,1787674519,0x53,60000,110,22,2,-1,115996,6126,1011000,-3,6126000,-3,6126000,-3,6126000,-3,6126000,-3,1000000,-6,109,5500000,-6,1000500,-2,0,0,-3626147,-2,4059,0,2,5104
B,155547,0x53,0,128,1000000,-6,0,0,109,0,109,1011000,-3,6126000,-3
B,155547,0x53,1,128,1000000,-6,0,0,21,0,21,5053000,-3,1000500,-2
B,155547,0x53,2,64,1000000,-6,0,0,22,0,0,5000000,-6,5000000,-6,5:22
V,155547,0x53,0,110,0,0,0,0,0,0,0,0,0,127,110,0,0,0
V,155547,0x53,1,110,0,0,0,0,0,0,0,0,0,127,110,0,1,0
S,155547,1787674519,0x60,60000,1,1,2,-1,0,0,0,0,0,0,0,0,0,0,0,0,1000000,-6,0,1500000,-6,0,0,0,0,0,0,194,194,0,194
B,155547,0x60,2,64,1000000,-6,0,0,1,0,0,1000000,-6,1000000,-6,1:1
V,155547,0x60,0,1,0,0,0,0,0,0,0,0,0,127,1,0,1,0
V,155547,0x60,1,1,0,0,0,0,0,0,0,0,0,127,1,0,1,0
S,155547,1787674519,0x61,60000,1,1,2,-1,0,0,0,0,0,0,0,0,0,0,0,0,1000000,-6,0,1500000,-6,0,0,0,0,0,0,194,194,0,194
B,155547,0x61,2,64,1000000,-6,0,0,1,0,0,1000000,-6,1000000,-6,1:1
V,155547,0x61,0,1,0,0,0,0,0,0,0,0,0,127,1,0,1,0
V,155547,0x61,1,1,0,0,0,0,0,0,0,0,0,127,1,0,1,0
S,155547,1787674519,0x70,60000,500,30,1,-1,111934,10586,2020000,-4,1058600,-2,1058600,-2,1058600,-2,1058600,-2,1000000,-6,499,1750000,-5,5000000,-7,0,0,-9947252,-2,10127,0,2,10352
B,155547,0x70,0,128,1000000,-6,0,0,499,0,499,2020000,-4,1058600,-2
B,155547,0x70,1,128,1000000,-6,0,0,29,0,9,0,0,2058600,-2,0:18,1:2
B,155547,0x70,2,64,1000000,-6,0,0,30,0,0,1600000,-5,1700000,-5,16:10,17:20
V,155547,0x70,0,500,0,0,3047000,-5,3078000,-5,3066760,-5,9998322,-9,30,1,0,0
S,155547,1787674519,0x80,60000,539,43,2,-1,111934,2657,2020000,-4,2657000,-3,2657000,-3,2657000,-3,2657000,-3,1000000,-6,538,1350000,-5,5000000,-7,0,0,-9763966,-2,9957,0,2,10182
B,155547,0x80,0,128,1000000,-6,0,0,538,0,538,2020000,-4,2657000,-3
B,155547,0x80,1,128,1000000,-6,0,0,42,0,10,0,0,1040300,-2,0:32
B,155547,0x80,2,64,1000000,-6,0,0,43,0,0,1100000,-5,1300000,-5,11:10,13:33
V,155547,0x80,0,539,0,0,1000920,-1,1001210,-1,1001114,-1,1000000,-6,5,1,0,0
V,155547,0x80,1,539,0,0,1014423,-1,1014423,-1,1014423,-1,0,127,539,0,0,0
S,155547,1787674519,0x90,60000,500,30,1,-1,111934,10586,2020000,-4,1058600,-2,1058600,-2,1058600,-2,1058600,-2,1000000,-6,499,1750000,-5,1500000,-6,0,0,-9926738,-2,10127,19,2,10351
B,155547,0x90,0,128,1000000,-6,0,0,499,0,499,2020000,-4,1058600,-2
B,155547,0x90,1,128,1000000,-6,0,0,29,0,10,0,0,2058500,-2,0:13,1:5,19:1
B,155547,0x90,2,64,1000000,-6,0,0,30,0,0,1600000,-5,1700000,-5,16:10,17:20
V,155547,0x90,0,500,0,0,1008704,-4,1026777,-4,1015196,-4,3509522,-10,1,1,0,0
S,155547,1787674519,0xa0,60000,0,0,0,-1,0,0,0,0,0,0,0,0,0,0,0,0,1000000,-6,0,0,0,0,0,0,0,0,0,0,0,0,-1
S,155547,1787674519,0xb0,60000,1,1,1,-1,0,0,0,0,0,0,0,0,0,0,0,0,1000000,-6,0,1500000,-6,0,0,0,0,0,0,190,190,0,190
B,155547,0xb0,2,64,1000000,-6,0,0,1,0,0,1000000,-6,1000000,-6,1:1
V,155547,0xb0,0,1,0,0,0,0,0,0,0,0,0,127,1,0,1,0
S,155547,1787674519,0xc0,60000,1,1,2,-1,0,0,0,0,0,0,0,0,0,0,0,0,1000000,-6,0,1500000,-6,0,0,0,0,0,0,189,189,0,189
B,155547,0xc0,2,64,1000000,-6,0,0,1,0,0,1000000,-6,1000000,-6,1:1
V,155547,0xc0,0,1,0,0,0,0,0,0,0,0,0,127,1,0,1,0
V,155547,0xc0,1,1,0,0,0,0,0,0,0,0,0,127,1,0,1,0
S,155547,1787674519,0xe0,60000,1,1,1,-1,0,0,0,0,0,0,0,0,0,0,0,0,1000000,-6,0,1500000,-6,0,0,0,0,0,0,189,189,0,189
B,155547,0xe0,2,64,1000000,-6,0,0,1,0,0,1000000,-6,1000000,-6,1:1
V,155547,0xe0,0,1,0,0,0,0,0,0,0,0,0,127,1,0,1,0
S,155547,1787674519,0xe1,60000,1,1,1,-1,0,0,0,0,0,0,0,0,0,0,0,0,1000000,-6,0,1500000,-6,0,0,0,0,0,0,189,189,0,188
B,155547,0xe1,2,64,1000000,-6,0,0,1,0,0,1000000,-6,1000000,-6,1:1
V,155547,0xe1,0,1,0,0,0,0,0,0,0,0,0,127,1,0,1,0
S,155547,1787674519,0x110,60000,110,22,5,-1,116203,6317,1011000,-3,6317000,-3,6317000,-3,6317000,-3,6317000,-3,1000000,-6,109,5500000,-6,1040600,-2,0,0,-3604672,-2,4059,16,2,5092
B,155547,0x110,0,128,1000000,-6,0,0,109,0,109,1011000,-3,6317000,-3
B,155547,0x110,1,128,1000000,-6,0,0,21,0,21,4897000,-3,1040600,-2
B,155547,0x110,2,64,1000000,-6,0,0,22,0,0,5000000,-6,5000000,-6,5:22
V,155547,0x110,0,110,0,0,0,0,0,0,0,0,0,127,110,0,0,0
V,155547,0x110,1,110,0,0,0,0,0,0,0,0,0,127,110,0,1,0
V,155547,0x110,2,110,0,0,0,0,0,0,0,0,0,127,110,0,0,0
V,155547,0x110,3,110,0,0,0,0,0,0,0,0,0,127,110,0,0,0
V,155547,0x110,4,110,0,0,0,0,0,0,0,0,0,127,110,0,0,0
S,155547,1787674519,0x111,60000,110,22,3,-1,116203,6317,1011000,-3,6317000,-3,6317000,-3,6317000,-3,6317000,-3,1000000,-6,109,5500000,-6,1040600,-2,0,0,-3604672,-2,4059,16,2,5091
B,155547,0x111,0,128,1000000,-6,0,0,109,0,109,1011000,-3,6317000,-3
B,155547,0x111,1,128,1000000,-6,0,0,21,0,21,4897000,-3,1040600,-2
B,155547,0x111,2,64,1000000,-6,0,0,22,0,0,5000000,-6,5000000,-6,5:22
V,155547,0x111,0,110,0,0,0,0,0,0,0,0,0,127,110,0,0,0
V,155547,0x111,1,110,0,0,0,0,0,0,0,0,0,127,110,0,1,0
V,155547,0x111,2,110,0,0,0,0,0,0,0,0,0,127,110,0,1,0
S,155547,1787674519,0x112,60000,115,23,1,-1,116203,1226,1011000,-3,1226000,-3,1226000,-3,1226000,-3,1226000,-3,1000000,-6,114,5500000,-6,5319000,-3,0,0,-3604672,-2,4059,16,2,5090
B,155547,0x112,0,128,1000000,-6,0,0,114,0,114,1011000,-3,1226000,-3
B,155547,0x112,1,128,1000000,-6,0,0,22,0,22,4897000,-3,5319000,-3
B,155547,0x112,2,64,1000000,-6,0,0,23,0,0,5000000,-6,5000000,-6,5:23
V,155547,0x112,0,115,0,0,0,0,0,0,0,0,0,127,115,0,0,0
S,155547,1787674519,0x120,60000,1,1,1,-1,0,0,0,0,0,0,0,0,0,0,0,0,1000000,-6,0,1500000,-6,0,0,0,0,0,0,181,181,0,181
B,155547,0x120,2,64,1000000,-6,0,0,1,0,0,1000000,-6,1000000,-6,1:1
V,155547,0x120,0,1,0,0,9997266,-5,9997266,-5,9997266,-5,0,127,1,0,0,0
S,155547,1787674519,0x121,60000,1,1,2,-1,0,0,0,0,0,0,0,0,0,0,0,0,1000000,-6,0,1500000,-6,0,0,0,0,0,0,181,181,0,181
B,155547,0x121,2,64,1000000,-6,0,0,1,0,0,1000000,-6,1000000,-6,1:1
V,155547,0x121,0,1,0,0,0,0,0,0,0,0,0,127,1,0,1,0
V,155547,0x121,1,1,0,0,0,0,0,0,0,0,0,127,1,0,1,0
S,155547,1787674519,0x122,60000,115,23,5,-1,115996,1030,1011000,-3,1030000,-3,1030000,-3,1030000,-3,1030000,-3,1000000,-6,114,5500000,-6,5301000,-3,0,0,-3626147,-2,4059,0,2,5089
B,155547,0x122,0,128,1000000,-6,0,0,114,0,114,1011000,-3,1030000,-3
B,155547,0x122,1,128,1000000,-6,0,0,22,0,22,4919000,-3,5301000,-3
B,155547,0x122,2,64,1000000,-6,0,0,23,0,0,5000000,-6,5000000,-6,5:23
V,155547,0x122,0,115,0,0,4382578,-6,4403828,-6,4395218,-6,3905297,-10,6,1,0,0
V,155547,0x122,1,115,0,0,-3109375,-5,-2968750,-6,-1306522,-5,7812500,-7,6,1,0,0
V,155547,0x122,2,115,0,0,-1921875,-5,-7187500,-6,-1277446,-5,1562500,-7,6,1,0,0
V,155547,0x122,3,115,0,0,2220000,-4,2225000,-4,2223783,-4,5000000,-7,87,1,0,0
V,155547,0x122,4,115,0,0,2230000,-4,2230000,-4,2230000,-4,0,127,115,0,0,0
S,155547,1787674519,0x130,60000,0,0,0,-1,0,0,0,0,0,0,0,0,0,0,0,0,1000000,-6,0,0,0,0,0,0,0,0,0,0,0,0,-1
S,155547,1787674519,0x131,60000,0,0,0,-1,0,0,0,0,0,0,0,0,0,0,0,0,1000000,-6,0,0,0,0,0,0,0,0,0,0,0,0,-1
S,155547,1787674519,0x140,60000,1,1,1,-1,0,0,0,0,0,0,0,0,0,0,0,0,1000000,-6,0,1500000,-6,0,0,0,0,0,0,177,177,0,177
B,155547,0x140,2,64,1000000,-6,0,0,1,0,0,1000000,-6,1000000,-6,1:1
V,155547,0x140,0,1,0,1,1401299,-51,1401299,-51,1401299,-51,0,127,1,0,1,0
S,155547,1787674519,0x150,60000,115,23,2,-1,116203,1230,1011000,-3,1230000,-3,1230000,-3,1230000,-3,1230000,-3,1000000,-6,114,5500000,-6,5318000,-3,0,0,-3605596,-2,4059,15,2,5086
B,155547,0x150,0,128,1000000,-6,0,0,114,0,114,1011000,-3,1230000,-3
B,155547,0x150,1,128,1000000,-6,0,0,22,0,22,4898000,-3,5318000,-3
B,155547,0x150,2,64,1000000,-6,0,0,23,0,0,5000000,-6,5000000,-6,5:23
V,155547,0x150,0,115,0,0,0,0,0,0,0,0,0,127,115,0,0,0
V,155547,0x150,1,115,0,0,0,0,0,0,0,0,0,127,115,0,1,0
S,215547,1787674579,0x10,60000,8875,923,3,-1,179959,45,2000000,-5,2050000,-5,2050000,-5,2150000,-5,4500000,-5,1000000,-6,0,1050000,-5,5000000,-7,0,0,-1745330,-2,3378,291,1,2679
B,215547,0x10,0,128,1000000,-6,0,0,8874,0,0,2000000,-5,4500000,-5,20:7929,21:864,39:10,40:70,45:1
B,215547,0x10,1,128,1000000,-6,0,0,922,0,72,0,0,3215000,-3,0:763,1:67,2:2,16:2,17:2,18:10,19:3,20:1
B,215547,0x10,2,64,1000000,-6,0,0,923,0,0,5000000,-6,1000000,-5,5:71,10:852
V,215547,0x10,0,8875,0,0,-1908237,-6,1831620,-6,-1602950,-7,2394274,-9,5,1,0,0
V,215547,0x10,1,8875,0,0,-2674405,-6,1338400,-6,2670376,-7,2394259,-9,4,1,0,0
V,215547,0x10,2,8875,0,0,6035967,-6,1194025,-5,9746066,-6,2393723,-9,4,1,0,0
S,215547,1787674579,0x11,60000,8875,923,3,-1,179934,40,2000000,-5,2050000,-5,2050000,-5,2150000,-5,4000000,-5,1000000,-6,0,1050000,-5,5000000,-7,0,0,-1742125,-2,3332,251,1,2678
B,215547,0x11,0,128,1000000,-6,0,0,8874,0,0,2000000,-5,4000000,-5,20:7930,21:864,39:10,40:70
B,215547,0x11,1,128,1000000,-6,0,0,922,0,78,0,0,3066000,-3,0:752,1:53,2:24,16:1,17:1,18:3,19:4,20:3,23:1,27:1,52:1
B,215547,0x11,2,64,1000000,-6,0,0,923,0,0,5000000,-6,1000000,-5,5:71,10:852
V,215547,0x11,0,7,8868,7,1401299,-51,1071993,-48,2354182,-49,1541428,-50,5,1,16,1
V,215547,0x11,1,8870,5,8870,2662467,-50,7833259,-49,1569454,-49,1401299,-51,4,1,16,1
V,215547,0x11,2,8875,0,8875,3532674,-48,6988275,-48,5704687,-48,1401299,-51,4,1,16,1
S,215547,1787674579,0x20,60000,4230,439,3,-1,175777,2655,3900000,-5,4050000,-5,4050000,-5,4150000,-5,2655000,-3,1000000,-6,3,1050000,-5,5000000,-7,0,0,-2969398,-2,5731,662,1,5773
B,215547,0x20,0,128,1000000,-6,0,0,4229,0,3,3900000,-5,2655000,-3,39:10,40:3422,41:794
B,215547,0x20,1,128,1000000,-6,0,0,438,0,34,0,0,5328000,-3,0:360,1:32,16:5,17:2,18:1,19:4
B,215547,0x20,2,64,1000000,-6,0,0,439,0,0,5000000,-6,1000000,-5,5:32,10:407
V,215547,0x20,0,4230,0,0,-2746666,-6,1648000,-6,-5698231,-7,6103701,-8,6,1,0,0
V,215547,0x20,1,4230,0,0,-2197333,-6,3540147,-6,-1817114,-7,6103701,-8,6,1,0,0
V,215547,0x20,2,4230,0,0,-3723258,-6,7324443,-7,2396749,-8,6103701,-8,7,1,0,0
S,215547,1787674579,0x21,60000,4375,455,3,-1,175777,41,3900000,-5,4050000,-5,4050000,-5,4150000,-5,4100000,-5,1000000,-6,0,1050000,-5,5000000,-7,0,0,-2969398,-2,5730,661,1,5772
B,215547,0x21,0,128,1000000,-6,0,0,4374,0,0,3900000,-5,4100000,-5,39:10,40:3537,41:827
B,215547,0x21,1,128,1000000,-6,0,0,454,0,41,0,0,5096000,-3,0:394,1:14,17:2,18:2,21:1
B,215547,0x21,2,64,1000000,-6,0,0,455,0,0,5000000,-6,1000000,-5,5:35,10:420
V,215547,0x21,0,13,4362,12,0,0,3783505,-50,1541428,-50,1401299,-51,6,1,16,1
V,215547,0x21,1,410,3965,157,0,0,8127532,-50,1401299,-51,1401299,-51,6,1,16,1
V,215547,0x21,2,2946,1429,2177,0,0,1681558,-50,2802597,-51,1401299,-51,7,1,16,1
S,215547,1787674579,0x41,60000,175,35,2,-1,177057,1030,1011000,-3,1030000,-3,1030000,-3,1030000,-3,1030000,-3,1000000,-6,174,5500000,-6,5301000,-3,0,0,-2345678,-2,4059,1,2,5107
B,215547,0x41,0,128,1000000,-6,0,0,174,0,174,1011000,-3,1030000,-3
B,215547,0x41,1,128,1000000,-6,0,0,34,0,34,4919000,-3,5301000,-3
B,215547,0x41,2,64,1000000,-6,0,0,35,0,0,5000000,-6,5000000,-6,5:35
V,215547,0x41,0,175,0,0,0,0,0,0,0,0,0,127,175,0,0,0
V,215547,0x41,1,175,0,0,0,0,0,0,0,0,0,127,175,0,0,0
S,215547,1787674579,0x42,60000,1,1,2,-1,0,0,0,0,0,0,0,0,0,0,0,0,1000000,-6,0,1500000,-6,0,0,0,0,0,0,198,198,0,198
B,215547,0x42,2,64,1000000,-6,0,0,1,0,0,1000000,-6,1000000,-6,1:1
V,215547,0x42,0,1,0,0,6100000,-5,6100000,-5,6100000,-5,0,127,1,0,0,0
V,215547,0x42,1,1,0,0,5400000,-5,5400000,-5,5400000,-5,0,127,1,0,0,0
S,215547,1787674579,0x43,60000,175,35,7,-1,177057,1030,1011000,-3,1030000,-3,1030000,-3,1030000,-3,1030000,-3,1000000,-6,174,5500000,-6,5300000,-3,0,0,-2346270,-2,4060,1,2,5107
B,215547,0x43,0,128,1000000,-6,0,0,174,0,174,1011000,-3,1030000,-3
B,215547,0x43,1,128,1000000,-6,0,0,34,0,34,4919000,-3,5300000,-3
B,215547,0x43,2,64,1000000,-6,0,0,35,0,0,5000000,-6,5000000,-6,5:35
V,215547,0x43,0,175,0,0,0,0,0,0,0,0,0,127,175,0,0,0
V,215547,0x43,1,175,0,0,0,0,0,0,0,0,0,127,175,0,0,0
V,215547,0x43,2,175,0,0,1000000,-6,1000000,-6,1000000,-6,0,127,175,0,0,0
V,215547,0x43,3,175,0,0,0,0,0,0,0,0,0,127,175,0,0,0
V,215547,0x43,4,175,0,0,0,0,0,0,0,0,0,127,175,0,0,0
V,215547,0x43,5,175,0,0,0,0,0,0,0,0,0,127,175,0,0,0
V,215547,0x43,6,175,0,0,0,0,0,0,0,0,0,127,175,0,0,0
S,215547,1787674579,0x50,60000,0,0,0,-1,0,0,0,0,0,0,0,0,0,0,0,0,1000000,-6,0,0,0,0,0,0,0,0,0,0,0,0,-1
S,215547,1787674579,0x51,60000,1,1,1,-1,0,0,0,0,0,0,0,0,0,0,0,0,1000000,-6,0,1500000,-6,0,0,0,0,0,0,197,197,0,197
B,215547,0x51,2,64,1000000,-6,0,0,1,0,0,1000000,-6,1000000,-6,1:1
V,215547,0x51,0,1,0,0,0,0,0,0,0,0,0,127,1,0,1,0
S,215547,1787674579,0x52,60000,1,1,1,-1,0,0,0,0,0,0,0,0,0,0,0,0,1000000,-6,0,1500000,-6,0,0,0,0,0,0,197,197,0,197
B,215547,0x52,2,64,1000000,-6,0,0,1,0,0,1000000,-6,1000000,-6,1:1
V,215547,0x52,0,1,0,1,2270104,-49,2270104,-49,2270104,-49,0,127,1,0,1,0
S,215547,1787674579,0x53,60000,170,34,2,-1,177057,6126,1011000,-3,6126000,-3,6126000,-3,6126000,-3,6126000,-3,1000000,-6,169,5500000,-6,1000500,-2,0,0,-2346270,-2,4059,0,2,5104
B,215547,0x53,0,128,1000000,-6,0,0,169,0,169,1011000,-3,6126000,-3
B,215547,0x53,1,128,1000000,-6,0,0,33,0,33,5053000,-3,1000500,-2
B,215547,0x53,2,64,1000000,-6,0,0,34,0,0,5000000,-6,5000000,-6,5:34
V,215547,0x53,0,170,0,0,0,0,0,0,0,0,0,127,170,0,0,0
V,215547,0x53,1,170,0,0,0,0,0,0,0,0,0,127,170,0,1,0
S,215547,1787674579,0x60,60000,1,1,2,-1,0,0,0,0,0,0,0,0,0,0,0,0,1000000,-6,0,1500000,-6,0,0,0,0,0,0,194,194,0,194
B,215547,0x60,2,64,1000000,-6,0,0,1,0,0,1000000,-6,1000000,-6,1:1
V,215547,0x60,0,1,0,0,0,0,0,0,0,0,0,127,1,0,1,0
V,215547,0x60,1,1,0,0,0,0,0,0,0,0,0,127,1,0,1,0
S,215547,1787674579,0x61,60000,1,1,2,-1,0,0,0,0,0,0,0,0,0,0,0,0,1000000,-6,0,1500000,-6,0,0,0,0,0,0,194,194,0,194
B,215547,0x61,2,64,1000000,-6,0,0,1,0,0,1000000,-6,1000000,-6,1:1
V,215547,0x61,0,1,0,0,0,0,0,0,0,0,0,127,1,0,1,0
V,215547,0x61,1,1,0,0,0,0,0,0,0,0,0,127,1,0,1,0
S,215547,1787674579,0x70,60000,800,48,1,-1,172989,10586,2020000,-4,1058600,-2,1058600,-2,1058600,-2,1058600,-2,1000000,-6,799,1750000,-5,5000000,-7,0,0,-6218148,-2,10127,0,2,10352
B,215547,0x70,0,128,1000000,-6,0,0,799,0,799,2020000,-4,1058600,-2
B,215547,0x70,1,128,1000000,-6,0,0,47,0,15,0,0,2058600,-2,0:30,1:2
B,215547,0x70,2,64,1000000,-6,0,0,48,0,0,1600000,-5,1700000,-5,16:16,17:32
V,215547,0x70,0,800,0,0,3032000,-5,3078000,-5,3057730,-5,9998322,-9,30,1,0,0
S,215547,1787674579,0x80,60000,839,67,2,-1,172989,2657,2020000,-4,2657000,-3,2657000,-3,2657000,-3,2657000,-3,1000000,-6,838,1350000,-5,5000000,-7,0,0,-6107390,-2,9957,0,2,10182
B,215547,0x80,0,128,1000000,-6,0,0,838,0,838,2020000,-4,2657000,-3
B,215547,0x80,1,128,1000000,-6,0,0,66,0,16,0,0,1040300,-2,0:46,1:2,16:1,20:1
B,215547,0x80,2,64,1000000,-6,0,0,67,0,0,1100000,-5,1300000,-5,11:16,13:51
V,215547,0x80,0,839,0,0,1000910,-1,1001210,-1,1001096,-1,1000000,-6,5,1,0,0
V,215547,0x80,1,839,0,0,1014423,-1,1014423,-1,1014423,-1,0,127,839,0,0,0
S,215547,1787674579,0x90,60000,800,48,1,-1,172989,10586,2020000,-4,1058600,-2,1058600,-2,1058600,-2,1058600,-2,1000000,-6,799,1750000,-5,1500000,-6,0,0,-6217496,-2,10127,1,2,10351
B,215547,0x90,0,128,1000000,-6,0,0,799,0,799,2020000,-4,1058600,-2
B,215547,0x90,1,128,1000000,-6,0,0,47,0,16,0,0,2058500,-2,0:22,1:8,19:1
B,215547,0x90,2,64,1000000,-6,0,0,48,0,0,1600000,-5,1700000,-5,16:16,17:32
V,215547,0x90,0,800,0,0,1008704,-4,1027929,-4,1016730,-4,3509522,-10,1,1,0,0
S,215547,1787674579,0xa0,60000,0,0,0,-1,0,0,0,0,0,0,0,0,0,0,0,0,1000000,-6,0,0,0,0,0,0,0,0,0,0,0,0,-1
S,215547,1787674579,0xb0,60000,1,1,1,-1,0,0,0,0,0,0,0,0,0,0,0,0,1000000,-6,0,1500000,-6,0,0,0,0,0,0,190,190,0,190
B,215547,0xb0,2,64,1000000,-6,0,0,1,0,0,1000000,-6,1000000,-6,1:1
V,215547,0xb0,0,1,0,0,0,0,0,0,0,0,0,127,1,0,1,0
S,215547,1787674579,0xc0,60000,1,1,2,-1,0,0,0,0,0,0,0,0,0,0,0,0,1000000,-6,0,1500000,-6,0,0,0,0,0,0,189,189,0,189
B,215547,0xc0,2,64,1000000,-6,0,0,1,0,0,1000000,-6,1000000,-6,1:1
V,215547,0xc0,0,1,0,0,0,0,0,0,0,0,0,127,1,0,1,0
V,215547,0xc0,1,1,0,0,0,0,0,0,0,0,0,127,1,0,1,0
S,215547,1787674579,0xe0,60000,1,1,1,-1,0,0,0,0,0,0,0,0,0,0,0,0,1000000,-6,0,1500000,-6,0,0,0,0,0,0,189,189,0,189
B,215547,0xe0,2,64,1000000,-6,0,0,1,0,0,1000000,-6,1000000,-6,1:1
V,215547,0xe0,0,1,0,0,0,0,0,0,0,0,0,127,1,0,1,0
S,215547,1787674579,0xe1,60000,1,1,1,-1,0,0,0,0,0,0,0,0,0,0,0,0,1000000,-6,0,1500000,-6,0,0,0,0,0,0,189,189,0,188
B,215547,0xe1,2,64,1000000,-6,0,0,1,0,0,1000000,-6,1000000,-6,1:1
V,215547,0xe1,0,1,0,0,0,0,0,0,0,0,0,127,1,0,1,0
S,215547,1787674579,0x110,60000,170,34,5,-1,177260,6317,1011000,-3,6317000,-3,6317000,-3,6317000,-3,6317000,-3,1000000,-6,169,5500000,-6,1040600,-2,0,0,-2343520,-2,4059,0,2,5092
B,215547,0x110,0,128,1000000,-6,0,0,169,0,169,1011000,-3,6317000,-3
B,215547,0x110,1,128,1000000,-6,0,0,33,0,33,4897000,-3,1040600,-2
B,215547,0x110,2,64,1000000,-6,0,0,34,0,0,5000000,-6,5000000,-6,5:34
V,215547,0x110,0,170,0,0,0,0,0,0,0,0,0,127,170,0,0,0
V,215547,0x110,1,170,0,0,0,0,0,0,0,0,0,127,170,0,1,0
V,215547,0x110,2,170,0,0,0,0,0,0,0,0,0,127,170,0,0,0
V,215547,0x110,3,170,0,0,0,0,0,0,0,0,0,127,170,0,0,0
V,215547,0x110,4,170,0,0,0,0,0,0,0,0,0,127,170,0,0,0
S,215547,1787674579,0x111,60000,170,34,3,-1,177260,6317,1011000,-3,6317000,-3,6317000,-3,6317000,-3,6317000,-3,1000000,-6,169,5500000,-6,1040600,-2,0,0,-2343520,-2,4059,0,2,5091
B,215547,0x111,0,128,1000000,-6,0,0,169,0,169,1011000,-3,6317000,-3
B,215547,0x111,1,128,1000000,-6,0,0,33,0,33,4897000,-3,1040600,-2
B,215547,0x111,2,64,1000000,-6,0,0,34,0,0,5000000,-6,5000000,-6,5:34
V,215547,0x111,0,170,0,0,0,0,0,0,0,0,0,127,170,0,0,0
V,215547,0x111,1,170,0,0,0,0,0,0,0,0,0,127,170,0,1,0
V,215547,0x111,2,170,0,0,0,0,0,0,0,0,0,127,170,0,1,0
S,215547,1787674579,0x112,60000,175,35,1,-1,177260,1226,1011000,-3,1226000,-3,1226000,-3,1226000,-3,1226000,-3,1000000,-6,174,5500000,-6,5319000,-3,0,0,-2343520,-2,4059,0,2,5090
B,215547,0x112,0,128,1000000,-6,0,0,174,0,174,1011000,-3,1226000,-3
B,215547,0x112,1,128,1000000,-6,0,0,34,0,34,4897000,-3,5319000,-3
B,215547,0x112,2,64,1000000,-6,0,0,35,0,0,5000000,-6,5000000,-6,5:35
V,215547,0x112,0,175,0,0,0,0,0,0,0,0,0,127,175,0,0,0
S,215547,1787674579,0x120,60000,1,1,1,-1,0,0,0,0,0,0,0,0,0,0,0,0,1000000,-6,0,1500000,-6,0,0,0,0,0,0,181,181,0,181
B,215547,0x120,2,64,1000000,-6,0,0,1,0,0,1000000,-6,1000000,-6,1:1
V,215547,0x120,0,1,0,0,9997266,-5,9997266,-5,9997266,-5,0,127,1,0,0,0
S,215547,1787674579,0x121,60000,1,1,2,-1,0,0,0,0,0,0,0,0,0,0,0,0,1000000,-6,0,1500000,-6,0,0,0,0,0,0,181,181,0,181
B,215547,0x121,2,64,1000000,-6,0,0,1,0,0,1000000,-6,1000000,-6,1:1
V,215547,0x121,0,1,0,0,0,0,0,0,0,0,0,127,1,0,1,0
V,215547,0x121,1,1,0,0,0,0,0,0,0,0,0,127,1,0,1,0
S,215547,1787674579,0x122,60000,175,35,5,-1,177057,1030,1011000,-3,1030000,-3,1030000,-3,1030000,-3,1030000,-3,1000000,-6,174,5500000,-6,5301000,-3,0,0,-2346270,-2,4059,0,2,5089
B,215547,0x122,0,128,1000000,-6,0,0,174,0,174,1011000,-3,1030000,-3
B,215547,0x122,1,128,1000000,-6,0,0,34,0,34,4919000,-3,5301000,-3
B,215547,0x122,2,64,1000000,-6,0,0,35,0,0,5000000,-6,5000000,-6,5:35
V,215547,0x122,0,175,0,0,4382578,-6,4403828,-6,4394403,-6,1559258,-10,11,1,0,0
V,215547,0x122,1,175,0,0,-3109375,-5,-1406250,-6,-1247232,-5,7812500,-7,6,1,0,0
V,215547,0x122,2,175,0,0,-1921875,-5,-5312500,-6,-1247947,-5,1562500,-7,6,1,0,0
V,215547,0x122,3,175,0,0,2220000,-4,2225000,-4,2222486,-4,5000000,-7,88,1,0,0
V,215547,0x122,4,175,0,0,2230000,-4,2230000,-4,2230000,-4,0,127,175,0,0,0
S,215547,1787674579,0x130,60000,0,0,0,-1,0,0,0,0,0,0,0,0,0,0,0,0,1000000,-6,0,0,0,0,0,0,0,0,0,0,0,0,-1
S,215547,1787674579,0x131,60000,0,0,0,-1,0,0,0,0,0,0,0,0,0,0,0,0,1000000,-6,0,0,0,0,0,0,0,0,0,0,0,0,-1
S,215547,1787674579,0x140,60000,1,1,1,-1,0,0,0,0,0,0,0,0,0,0,0,0,1000000,-6,0,1500000,-6,0,0,0,0,0,0,177,177,0,177
B,215547,0x140,2,64,1000000,-6,0,0,1,0,0,1000000,-6,1000000,-6,1:1
V,215547,0x140,0,1,0,1,1401299,-51,1401299,-51,1401299,-51,0,127,1,0,1,0
S,215547,1787674579,0x150,60000,175,35,2,-1,177260,1230,1011000,-3,1230000,-3,1230000,-3,1230000,-3,1230000,-3,1000000,-6,174,5500000,-6,5318000,-3,0,0,-2343520,-2,4059,0,2,5086
B,215547,0x150,0,128,1000000,-6,0,0,174,0,174,1011000,-3,1230000,-3
B,215547,0x150,1,128,1000000,-6,0,0,34,0,34,4898000,-3,5318000,-3
B,215547,0x150,2,64,1000000,-6,0,0,35,0,0,5000000,-6,5000000,-6,5:35
V,215547,0x150,0,175,0,0,0,0,0,0,0,0,0,127,175,0,0,0
V,215547,0x150,1,175,0,0,0,0,0,0,0,0,0,127,175,0,1,0
S,275547,1787674639,0x10,60000,11875,1235,3,-1,240247,45,2000000,-5,2050000,-5,2050000,-5,2150000,-5,4500000,-5,1000000,-6,0,1050000,-5,5000000,-7,0,0,-1303789,-2,3378,286,1,2679
B,275547,0x10,0,128,1000000,-6,0,0,11874,0,0,2000000,-5,4500000,-5,20:10641,21:1152,39:10,40:70,45:1
B,275547,0x10,1,128,1000000,-6,0,0,1234,0,96,0,0,3215000,-3,0:1020,1:88,2:5,16:2,17:3,18:15,19:4,20:1
B,275547,0x10,2,64,1000000,-6,0,0,1235,0,0,5000000,-6,1000000,-5,5:95,10:1140
V,275547,0x10,0,11875,0,0,-1908237,-6,1831620,-6,-1609076,-7,2394274,-9,5,1,0,0
V,275547,0x10,1,11875,0,0,-2674405,-6,1338400,-6,2673202,-7,2394259,-9,4,1,0,0
V,275547,0x10,2,11875,0,0,6035967,-6,1194025,-5,9746260,-6,2393723,-9,4,1,0,0
S,275547,1787674639,0x11,60000,11875,1235,3,-1,240222,40,2000000,-5,2050000,-5,2050000,-5,2150000,-5,4000000,-5,1000000,-6,0,1050000,-5,5000000,-7,0,0,-1301363,-2,3332,246,1,2678
B,275547,0x11,0,128,1000000,-6,0,0,11874,0,0,2000000,-5,4000000,-5,20:10642,21:1152,39:10,40:70
B,275547,0x11,1,128,1000000,-6,0,0,1234,0,104,0,0,3066000,-3,0:1006,1:68,2:34,16:1,17:4,18:5,19:6,20:3,23:1,27:1,52:1
B,275547,0x11,2,64,1000000,-6,0,0,1235,0,0,5000000,-6,1000000,-5,5:95,10:1140
V,275547,0x11,0,7,11868,7,1401299,-51,1071993,-48,2354182,-49,1541428,-50,5,1,16,1
V,275547,0x11,1,11870,5,11870,2662467,-50,7833259,-49,1569454,-49,1401299,-51,4,1,16,1
V,275547,0x11,2,11875,0,11875,3532674,-48,6988275,-48,5704687,-48,1401299,-51,4,1,16,1
S,275547,1787674639,0x20,60000,5730,595,3,-1,236065,2655,3900000,-5,4050000,-5,4050000,-5,4150000,-5,2655000,-3,1000000,-6,3,1050000,-5,5000000,-7,0,0,-2199277,-2,5731,651,1,5773
B,275547,0x20,0,128,1000000,-6,0,0,5729,0,3,3900000,-5,2655000,-3,39:10,40:4634,41:1082
B,275547,0x20,1,128,1000000,-6,0,0,594,0,46,0,0,5383000,-3,0:484,1:46,16:7,17:4,18:3,19:4
B,275547,0x20,2,64,1000000,-6,0,0,595,0,0,5000000,-6,1000000,-5,5:44,10:551
V,275547,0x20,0,5730,0,0,-2746666,-6,1648000,-6,-5713193,-7,6103701,-8,6,1,0,0
V,275547,0x20,1,5730,0,0,-2197333,-6,3540147,-6,-1824826,-7,6103701,-8,6,1,0,0
V,275547,0x20,2,5730,0,0,-3723258,-6,7324443,-7,2383959,-8,6103701,-8,7,1,0,0
S,275547,1787674639,0x21,60000,5875,611,3,-1,236065,41,3900000,-5,4050000,-5,4050000,-5,4150000,-5,4100000,-5,1000000,-6,0,1050000,-5,5000000,-7,0,0,-2199720,-2,5730,649,1,5772
B,275547,0x21,0,128,1000000,-6,0,0,5874,0,0,3900000,-5,4100000,-5,39:10,40:4749,41:1115
B,275547,0x21,1,128,1000000,-6,0,0,610,0,55,0,0,5101000,-3,0:534,1:16,17:2,18:2,21:1
B,275547,0x21,2,64,1000000,-6,0,0,611,0,0,5000000,-6,1000000,-5,5:47,10:564
V,275547,0x21,0,13,5862,12,0,0,3783505,-50,1541428,-50,1401299,-51,6,1,16,1
V,275547,0x21,1,564,5311,206,0,0,8127532,-50,1401299,-51,1401299,-51,6,1,16,1
V,275547,0x21,2,3922,1953,2901,0,0,1681558,-50,2802597,-51,1401299,-51,7,1,16,1
S,275547,1787674639,0x41,60000,235,47,2,-1,238151,1031,1011000,-3,1031000,-3,1031000,-3,1031000,-3,1031000,-3,1000000,-6,234,5500000,-6,5301000,-3,0,0,-1733934,-2,4059,0,2,5107
B,275547,0x41,0,128,1000000,-6,0,0,234,0,234,1011000,-3,1031000,-3
B,275547,0x41,1,128,1000000,-6,0,0,46,0,46,4919000,-3,5301000,-3
B,275547,0x41,2,64,1000000,-6,0,0,47,0,0,5000000,-6,5000000,-6,5:47
V,275547,0x41,0,235,0,0,0,0,0,0,0,0,0,127,235,0,0,0
V,275547,0x41,1,235,0,0,0,0,0,0,0,0,0,127,235,0,0,0
S,275547,1787674639,0x42,60000,1,1,2,-1,0,0,0,0,0,0,0,0,0,0,0,0,1000000,-6,0,1500000,-6,0,0,0,0,0,0,198,198,0,198
B,275547,0x42,2,64,1000000,-6,0,0,1,0,0,1000000,-6,1000000,-6,1:1
V,275547,0x42,0,1,0,0,6100000,-5,6100000,-5,6100000,-5,0,127,1,0,0,0
V,275547,0x42,1,1,0,0,5400000,-5,5400000,-5,5400000,-5,0,127,1,0,0,0
S,275547,1787674639,0x43,60000,235,47,7,-1,238151,1031,1011000,-3,1031000,-3,1031000,-3,1031000,-3,1031000,-3,1000000,-6,234,5500000,-6,5300000,-3,0,0,-1733934,-2,4060,1,2,5107
B,275547,0x43,0,128,1000000,-6,0,0,234,0,234,1011000,-3,1031000,-3
B,275547,0x43,1,128,1000000,-6,0,0,46,0,46,4919000,-3,5300000,-3
B,275547,0x43,2,64,1000000,-6,0,0,47,0,0,5000000,-6,5000000,-6,5:47
V,275547,0x43,0,235,0,0,0,0,0,0,0,0,0,127,235,0,0,0
V,275547,0x43,1,235,0,0,0,0,0,0,0,0,0,127,235,0,0,0
V,275547,0x43,2,235,0,0,1000000,-6,1000000,-6,1000000,-6,0,127,235,0,0,0
V,275547,0x43,3,235,0,0,0,0,0,0,0,0,0,127,235,0,0,0
V,275547,0x43,4,235,0,0,0,0,0,0,0,0,0,127,235,0,0,0
V,275547,0x43,5,235,0,0,0,0,0,0,0,0,0,127,235,0,0,0
V,275547,0x43,6,235,0,0,0,0,0,0,0,0,0,127,235,0,0,0
S,275547,1787674639,0x50,60000,0,0,0,-1,0,0,0,0,0,0,0,0,0,0,0,0,1000000,-6,0,0,0,0,0,0,0,0,0,0,0,0,-1
S,275547,1787674639,0x51,60000,1,1,1,-1,0,0,0,0,0,0,0,0,0,0,0,0,1000000,-6,0,1500000,-6,0,0,0,0,0,0,197,197,0,197
B,275547,0x51,2,64,1000000,-6,0,0,1,0,0,1000000,-6,1000000,-6,1:1
V,275547,0x51,0,1,0,0,0,0,0,0,0,0,0,127,1,0,1,0
S,275547,1787674639,0x52,60000,1,1,1,-1,0,0,0,0,0,0,0,0,0,0,0,0,1000000,-6,0,1500000,-6,0,0,0,0,0,0,197,197,0,197
B,275547,0x52,2,64,1000000,-6,0,0,1,0,0,1000000,-6,1000000,-6,1:1
V,275547,0x52,0,1,0,1,2270104,-49,2270104,-49,2270104,-49,0,127,1,0,1,0
S,275547,1787674639,0x53,60000,230,46,2,-1,238151,6126,1011000,-3,6126000,-3,6126000,-3,6126000,-3,6126000,-3,1000000,-6,229,5500000,-6,1000500,-2,0,0,-1733934,-2,4059,0,2,5104
B,275547,0x53,0,128,1000000,-6,0,0,229,0,229,1011000,-3,6126000,-3
B,275547,0x53,1,128,1000000,-6,0,0,45,0,45,5053000,-3,1000500,-2
B,275547,0x53,2,64,1000000,-6,0,0,46,0,0,5000000,-6,5000000,-6,5:46
V,275547,0x53,0,230,0,0,0,0,0,0,0,0,0,127,230,0,0,0
V,275547,0x53,1,230,0,0,0,0,0,0,0,0,0,127,230,0,1,0
S,275547,1787674639,0x60,60000,1,1,2,-1,0,0,0,0,0,0,0,0,0,0,0,0,1000000,-6,0,1500000,-6,0,0,0,0,0,0,194,194,0,194
B,275547,0x60,2,64,1000000,-6,0,0,1,0,0,1000000,-6,1000000,-6,1:1
V,275547,0x60,0,1,0,0,0,0,0,0,0,0,0,127,1,0,1,0
V,275547,0x60,1,1,0,0,0,0,0,0,0,0,0,127,1,0,1,0
S,275547,1787674639,0x61,60000,1,1,2,-1,0,0,0,0,0,0,0,0,0,0,0,0,1000000,-6,0,1500000,-6,0,0,0,0,0,0,194,194,0,194
B,275547,0x61,2,64,1000000,-6,0,0,1,0,0,1000000,-6,1000000,-6,1:1
V,275547,0x61,0,1,0,0,0,0,0,0,0,0,0,127,1,0,1,0
V,275547,0x61,1,1,0,0,0,0,0,0,0,0,0,127,1,0,1,0
S,275547,1787674639,0x70,60000,1100,66,1,-1,234082,10586,2020000,-4,1058600,-2,1058600,-2,1058600,-2,1058600,-2,1000000,-6,1099,1750000,-5,5000000,-7,0,0,-4521891,-2,10127,0,2,10352
B,275547,0x70,0,128,1000000,-6,0,0,1099,0,1099,2020000,-4,1058600,-2
B,275547,0x70,1,128,1000000,-6,0,0,65,0,21,0,0,2058600,-2,0:42,1:2
B,275547,0x70,2,64,1000000,-6,0,0,66,0,0,1600000,-5,1700000,-5,16:22,17:44
V,275547,0x70,0,1100,0,0,3017000,-5,3078000,-5,3049524,-5,9998322,-9,30,1,0,0
S,275547,1787674639,0x80,60000,1139,91,2,-1,234082,2657,2020000,-4,2657000,-3,2657000,-3,2657000,-3,2657000,-3,1000000,-6,1138,1350000,-5,5000000,-7,0,0,-4442610,-2,9957,0,2,10182
B,275547,0x80,0,128,1000000,-6,0,0,1138,0,1138,2020000,-4,2657000,-3
B,275547,0x80,1,128,1000000,-6,0,0,90,0,22,0,0,1040300,-2,0:62,1:2,16:1,17:1,18:1,20:1
B,275547,0x80,2,64,1000000,-6,0,0,91,0,0,1100000,-5,1300000,-5,11:22,13:69
V,275547,0x80,0,1139,0,0,1000810,-1,1001210,-1,1001079,-1,1000000,-6,6,1,0,0
V,275547,0x80,1,1139,0,0,1014423,-1,1014423,-1,1014423,-1,0,127,1139,0,0,0
S,275547,1787674639,0x90,60000,1100,66,1,-1,234082,10586,2020000,-4,1058600,-2,1058600,-2,1058600,-2,1058600,-2,1000000,-6,1099,1750000,-5,1500000,-6,0,0,-4521424,-2,10127,1,2,10351
B,275547,0x90,0,128,1000000,-6,0,0,1099,0,1099,2020000,-4,1058600,-2
B,275547,0x90,1,128,1000000,-6,0,0,65,0,22,0,0,2058500,-2,0:31,1:11,19:1
B,275547,0x90,2,64,1000000,-6,0,0,66,0,0,1600000,-5,1700000,-5,16:22,17:44
V,275547,0x90,0,1100,0,0,1008704,-4,1035291,-4,1018213,-4,1754761,-10,1,1,0,0
S,275547,1787674639,0xa0,60000,0,0,0,-1,0,0,0,0,0,0,0,0,0,0,0,0,1000000,-6,0,0,0,0,0,0,0,0,0,0,0,0,-1
S,275547,1787674639,0xb0,60000,1,1,1,-1,0,0,0,0,0,0,0,0,0,0,0,0,1000000,-6,0,1500000,-6,0,0,0,0,0,0,190,190,0,190
B,275547,0xb0,2,64,1000000,-6,0,0,1,0,0,1000000,-6,1000000,-6,1:1
V,275547,0xb0,0,1,0,0,0,0,0,0,0,0,0,127,1,0,1,0
S,275547,1787674639,0xc0,60000,1,1,2,-1,0,0,0,0,0,0,0,0,0,0,0,0,1000000,-6,0,1500000,-6,0,0,0,0,0,0,189,189,0,189
B,275547,0xc0,2,64,1000000,-6,0,0,1,0,0,1000000,-6,1000000,-6,1:1
V,275547,0xc0,0,1,0,0,0,0,0,0,0,0,0,127,1,0,1,0
V,275547,0xc0,1,1,0,0,0,0,0,0,0,0,0,127,1,0,1,0
S,275547,1787674639,0xe0,60000,1,1,1,-1,0,0,0,0,0,0,0,0,0,0,0,0,1000000,-6,0,1500000,-6,0,0,0,0,0,0,189,189,0,189
B,275547,0xe0,2,64,1000000,-6,0,0,1,0,0,1000000,-6,1000000,-6,1:1
V,275547,0xe0,0,1,0,0,0,0,0,0,0,0,0,127,1,0,1,0
S,275547,1787674639,0xe1,60000,1,1,1,-1,0,0,0,0,0,0,0,0,0,0,0,0,1000000,-6,0,1500000,-6,0,0,0,0,0,0,189,189,0,188
B,275547,0xe1,2,64,1000000,-6,0,0,1,0,0,1000000,-6,1000000,-6,1:1
V,275547,0xe1,0,1,0,0,0,0,0,0,0,0,0,127,1,0,1,0
S,275547,1787674639,0x110,60000,230,46,5,-1,238355,6317,1011000,-3,6317000,-3,6317000,-3,6317000,-3,6317000,-3,1000000,-6,229,5500000,-6,1040600,-2,0,0,-1732424,-2,4059,0,2,5092
B,275547,0x110,0,128,1000000,-6,0,0,229,0,229,1011000,-3,6317000,-3
B,275547,0x110,1,128,1000000,-6,0,0,45,0,45,4897000,-3,1040600,-2
B,275547,0x110,2,64,1000000,-6,0,0,46,0,0,5000000,-6,5000000,-6,5:46
V,275547,0x110,0,230,0,0,0,0,0,0,0,0,0,127,230,0,0,0
V,275547,0x110,1,230,0,0,0,0,0,0,0,0,0,127,230,0,1,0
V,275547,0x110,2,230,0,0,0,0,0,0,0,0,0,127,230,0,0,0
V,275547,0x110,3,230,0,0,0,0,0,0,0,0,0,127,230,0,0,0
V,275547,0x110,4,230,0,0,0,0,0,0,0,0,0,127,230,0,0,0
S,275547,1787674639,0x111,60000,230,46,3,-1,238355,6317,1011000,-3,6317000,-3,6317000,-3,6317000,-3,6317000,-3,1000000,-6,229,5500000,-6,1040600,-2,0,0,-1732424,-2,4059,0,2,5091
B,275547,0x111,0,128,1000000,-6,0,0,229,0,229,1011000,-3,6317000,-3
B,275547,0x111,1,128,1000000,-6,0,0,45,0,45,4897000,-3,1040600,-2
B,275547,0x111,2,64,1000000,-6,0,0,46,0,0,5000000,-6,5000000,-6,5:46
V,275547,0x111,0,230,0,0,0,0,0,0,0,0,0,127,230,0,0,0
V,275547,0x111,1,230,0,0,0,0,0,0,0,0,0,127,230,0,1,0
V,275547,0x111,2,230,0,0,0,0,0,0,0,0,0,127,230,0,1,0
S,275547,1787674639,0x112,60000,235,47,1,-1,238355,1226,1011000,-3,1226000,-3,1226000,-3,1226000,-3,1226000,-3,1000000,-6,234,5500000,-6,5319000,-3,0,0,-1732424,-2,4059,0,2,5090
B,275547,0x112,0,128,1000000,-6,0,0,234,0,234,1011000,-3,1226000,-3
B,275547,0x112,1,128,1000000,-6,0,0,46,0,46,4897000,-3,5319000,-3
B,275547,0x112,2,64,1000000,-6,0,0,47,0,0,5000000,-6,5000000,-6,5:47
V,275547,0x112,0,235,0,0,0,0,0,0,0,0,0,127,235,0,0,0
S,275547,1787674639,0x120,60000,1,1,1,-1,0,0,0,0,0,0,0,0,0,0,0,0,1000000,-6,0,1500000,-6,0,0,0,0,0,0,181,181,0,181
B,275547,0x120,2,64,1000000,-6,0,0,1,0,0,1000000,-6,1000000,-6,1:1
V,275547,0x120,0,1,0,0,9997266,-5,9997266,-5,9997266,-5,0,127,1,0,0,0
S,275547,1787674639,0x121,60000,1,1,2,-1,0,0,0,0,0,0,0,0,0,0,0,0,1000000,-6,0,1500000,-6,0,0,0,0,0,0,181,181,0,181
B,275547,0x121,2,64,1000000,-6,0,0,1,0,0,1000000,-6,1000000,-6,1:1
V,275547,0x121,0,1,0,0,0,0,0,0,0,0,0,127,1,0,1,0
V,275547,0x121,1,1,0,0,0,0,0,0,0,0,0,127,1,0,1,0
S,275547,1787674639,0x122,60000,235,47,5,-1,238151,1030,1011000,-3,1030000,-3,1030000,-3,1030000,-3,1030000,-3,1000000,-6,234,5500000,-6,5301000,-3,0,0,-1733934,-2,4059,0,2,5089
B,275547,0x122,0,128,1000000,-6,0,0,234,0,234,1011000,-3,1030000,-3
B,275547,0x122,1,128,1000000,-6,0,0,46,0,46,4919000,-3,5301000,-3
B,275547,0x122,2,64,1000000,-6,0,0,47,0,0,5000000,-6,5000000,-6,5:47
V,275547,0x122,0,235,0,0,4382578,-6,4403828,-6,4393622,-6,1559258,-10,11,1,0,0
V,275547,0x122,1,235,0,0,-3109375,-5,-1406250,-6,-1259375,-5,7812500,-7,6,1,0,0
V,275547,0x122,2,235,0,0,-1921875,-5,-5312500,-6,-1249934,-5,1562500,-7,6,1,0,0
V,275547,0x122,3,235,0,0,2215000,-4,2225000,-4,2221511,-4,5000000,-7,132,1,0,0
V,275547,0x122,4,235,0,0,2230000,-4,2230000,-4,2230000,-4,0,127,235,0,0,0
S,275547,1787674639,0x130,60000,0,0,0,-1,0,0,0,0,0,0,0,0,0,0,0,0,1000000,-6,0,0,0,0,0,0,0,0,0,0,0,0,-1
S,275547,1787674639,0x131,60000,0,0,0,-1,0,0,0,0,0,0,0,0,0,0,0,0,1000000,-6,0,0,0,0,0,0,0,0,0,0,0,0,-1
S,275547,1787674639,0x140,60000,1,1,1,-1,0,0,0,0,0,0,0,0,0,0,0,0,1000000,-6,0,1500000,-6,0,0,0,0,0,0,177,177,0,177
B,275547,0x140,2,64,1000000,-6,0,0,1,0,0,1000000,-6,1000000,-6,1:1
V,275547,0x140,0,1,0,1,1401299,-51,1401299,-51,1401299,-51,0,127,1,0,1,0
S,275547,1787674639,0x150,60000,235,47,2,-1,238355,1230,1011000,-3,1230000,-3,1230000,-3,1230000,-3,1230000,-3,1000000,-6,234,5500000,-6,5318000,-3,0,0,-1732424,-2,4059,0,2,5086
B,275547,0x150,0,128,1000000,-6,0,0,234,0,234,1011000,-3,1230000,-3
B,275547,0x150,1,128,1000000,-6,0,0,46,0,46,4898000,-3,5318000,-3
B,275547,0x150,2,64,1000000,-6,0,0,47,0,0,5000000,-6,5000000,-6,5:47
V,275547,0x150,0,235,0,0,0,0,0,0,0,0,0,127,235,0,0,0
V,275547,0x150,1,235,0,0,0,0,0,0,0,0,0,127,235,0,1,0
S,335548,1787674699,0x10,60001,14750,1534,3,-1,298021,45,2000000,-5,2050000,-5,2050000,-5,2150000,-5,4500000,-5,1000000,-6,0,1050000,-5,5000000,-7,0,0,-7290512,-3,3378,1221,1,2679
B,335548,0x10,0,128,1000000,-6,0,0,14749,0,0,2000000,-5,4500000,-5,20:13242,21:1426,39:10,40:70,45:1
B,335548,0x10,1,128,1000000,-6,0,0,1533,0,119,0,0,3358000,-3,0:1269,1:109,2:5,16:2,17:5,18:17,19:5,20:2
B,335548,0x10,2,64,1000000,-6,0,0,1534,0,0,5000000,-6,1000000,-5,5:118,10:1416
V,335548,0x10,0,14750,0,0,-1908237,-6,1831620,-6,-1614300,-7,2394274,-9,5,1,0,0
V,335548,0x10,1,14750,0,0,-2674405,-6,1338400,-6,2675775,-7,2394259,-9,4,1,0,0
V,335548,0x10,2,14750,0,0,6035967,-6,1194025,-5,9746164,-6,2393723,-9,4,1,0,0
S,335548,1787674699,0x11,60001,14750,1534,3,-1,297996,40,2000000,-5,2050000,-5,2050000,-5,2150000,-5,4000000,-5,1000000,-6,0,1050000,-5,5000000,-7,0,0,-8337507,-3,3332,868,1,2678
B,335548,0x11,0,128,1000000,-6,0,0,14749,0,0,2000000,-5,4000000,-5,20:13243,21:1426,39:10,40:70
B,335548,0x11,1,128,1000000,-6,0,0,1533,0,133,0,0,3066000,-3,0:1249,1:81,2:44,3:1,16:1,17:5,18:6,19:7,20:3,23:1,27:1,52:1
B,335548,0x11,2,64,1000000,-6,0,0,1534,0,0,5000000,-6,1000000,-5,5:118,10:1416
V,335548,0x11,0,7,14743,7,1401299,-51,1071993,-48,2354182,-49,1541428,-50,5,1,16,1
V,335548,0x11,1,14745,5,14745,2662467,-50,7833259,-49,1569454,-49,1401299,-51,4,1,16,1
V,335548,0x11,2,14750,0,14750,3532674,-48,6988275,-48,5704687,-48,1401299,-51,4,1,16,1
S,335548,1787674699,0x20,60001,7230,751,3,-1,296372,2655,3900000,-5,4050000,-5,4050000,-5,4150000,-5,2655000,-3,1000000,-6,3,1050000,-5,5000000,-7,0,0,-1699964,-2,5731,777,1,5773
B,335548,0x20,0,128,1000000,-6,0,0,7229,0,3,3900000,-5,2655000,-3,39:10,40:5831,41:1381,42:4
B,335548,0x20,1,128,1000000,-6,0,0,750,0,58,0,0,5383000,-3,0:610,1:58,16:8,17:5,18:7,19:4
B,335548,0x20,2,64,1000000,-6,0,0,751,0,0,5000000,-6,1000000,-5,5:56,10:695
V,335548,0x20,0,7230,0,0,-2746666,-6,1648000,-6,-5711225,-7,6103701,-8,6,1,0,0
V,335548,0x20,1,7230,0,0,-2197333,-6,3540147,-6,-1820558,-7,6103701,-8,6,1,0,0
V,335548,0x20,2,7230,0,0,-3723258,-6,7324443,-7,2494667,-8,6103701,-8,7,1,0,0
S,335548,1787674699,0x21,60001,7375,767,3,-1,296372,42,3900000,-5,4050000,-5,4050000,-5,4150000,-5,4200000,-5,1000000,-6,0,1050000,-5,5000000,-7,0,0,-1699964,-2,5730,776,1,5772
B,335548,0x21,0,128,1000000,-6,0,0,7374,0,0,3900000,-5,4200000,-5,39:10,40:5946,41:1414,42:4
B,335548,0x21,1,128,1000000,-6,0,0,766,0,67,0,0,5101000,-3,0:675,1:17,17:4,18:2,21:1
B,335548,0x21,2,64,1000000,-6,0,0,767,0,0,5000000,-6,1000000,-5,5:59,10:708
V,335548,0x21,0,13,7362,12,0,0,3783505,-50,1541428,-50,1401299,-51,6,1,16,1
V,335548,0x21,1,704,6671,253,0,0,8127532,-50,1401299,-51,1401299,-51,6,1,16,1
V,335548,0x21,2,4944,2431,3656,0,0,1681558,-50,2802597,-51,1401299,-51,7,1,16,1
S,335548,1787674699,0x41,60001,290,58,2,-1,294111,1031,1011000,-3,1031000,-3,1031000,-3,1031000,-3,1031000,-3,1000000,-6,289,5500000,-6,5414000,-3,0,0,-1282775,-2,4059,334,2,5107
B,335548,0x41,0,128,1000000,-6,0,0,289,0,289,1011000,-3,1031000,-3
B,335548,0x41,1,128,1000000,-6,0,0,57,0,57,4919000,-3,5414000,-3
B,335548,0x41,2,64,1000000,-6,0,0,58,0,0,5000000,-6,5000000,-6,5:58
V,335548,0x41,0,290,0,0,0,0,0,0,0,0,0,127,290,0,0,0
V,335548,0x41,1,290,0,0,0,0,0,0,0,0,0,127,290,0,0,0
S,335548,1787674699,0x42,60001,1,1,2,-1,0,0,0,0,0,0,0,0,0,0,0,0,1000000,-6,0,1500000,-6,0,0,0,0,0,0,198,198,0,198
B,335548,0x42,2,64,1000000,-6,0,0,1,0,0,1000000,-6,1000000,-6,1:1
V,335548,0x42,0,1,0,0,6100000,-5,6100000,-5,6100000,-5,0,127,1,0,0,0
V,335548,0x42,1,1,0,0,5400000,-5,5400000,-5,5400000,-5,0,127,1,0,0,0
S,335548,1787674699,0x43,60001,290,58,7,-1,294111,1031,1011000,-3,1031000,-3,1031000,-3,1031000,-3,1031000,-3,1000000,-6,289,5500000,-6,5414000,-3,0,0,-1283124,-2,4060,334,2,5107
B,335548,0x43,0,128,1000000,-6,0,0,289,0,289,1011000,-3,1031000,-3
B,335548,0x43,1,128,1000000,-6,0,0,57,0,57,4919000,-3,5414000,-3
B,335548,0x43,2,64,1000000,-6,0,0,58,0,0,5000000,-6,5000000,-6,5:58
V,335548,0x43,0,290,0,0,0,0,0,0,0,0,0,127,290,0,0,0
V,335548,0x43,1,290,0,0,0,0,0,0,0,0,0,127,290,0,0,0
V,335548,0x43,2,290,0,0,1000000,-6,1000000,-6,1000000,-6,0,127,290,0,0,0
V,335548,0x43,3,290,0,0,0,0,0,0,0,0,0,127,290,0,0,0
V,335548,0x43,4,290,0,0,0,0,0,0,0,0,0,127,290,0,0,0
V,335548,0x43,5,290,0,0,0,0,0,0,0,0,0,127,290,0,0,0
V,335548,0x43,6,290,0,0,0,0,0,0,0,0,0,127,290,0,0,0
S,335548,1787674699,0x50,60001,0,0,0,-1,0,0,0,0,0,0,0,0,0,0,0,0,1000000,-6,0,0,0,0,0,0,0,0,0,0,0,0,-1
S,335548,1787674699,0x51,60001,1,1,1,-1,0,0,0,0,0,0,0,0,0,0,0,0,1000000,-6,0,1500000,-6,0,0,0,0,0,0,197,197,0,197
B,335548,0x51,2,64,1000000,-6,0,0,1,0,0,1000000,-6,1000000,-6,1:1
V,335548,0x51,0,1,0,0,0,0,0,0,0,0,0,127,1,0,1,0
S,335548,1787674699,0x52,60001,1,1,1,-1,0,0,0,0,0,0,0,0,0,0,0,0,1000000,-6,0,1500000,-6,0,0,0,0,0,0,197,197,0,197
B,335548,0x52,2,64,1000000,-6,0,0,1,0,0,1000000,-6,1000000,-6,1:1
V,335548,0x52,0,1,0,1,2270104,-49,2270104,-49,2270104,-49,0,127,1,0,1,0
S,335548,1787674699,0x53,60001,285,57,2,-1,294112,6126,1011000,-3,6126000,-3,6126000,-3,6126000,-3,6126000,-3,1000000,-6,284,5500000,-6,1000500,-2,0,0,-1283469,-2,4059,332,2,5104
B,335548,0x53,0,128,1000000,-6,0,0,284,0,284,1011000,-3,6126000,-3
B,335548,0x53,1,128,1000000,-6,0,0,56,0,56,5053000,-3,1000500,-2
B,335548,0x53,2,64,1000000,-6,0,0,57,0,0,5000000,-6,5000000,-6,5:57
V,335548,0x53,0,285,0,0,0,0,0,0,0,0,0,127,285,0,0,0
V,335548,0x53,1,285,0,0,0,0,0,0,0,0,0,127,285,0,1,0
S,335548,1787674699,0x60,60001,1,1,2,-1,0,0,0,0,0,0,0,0,0,0,0,0,1000000,-6,0,1500000,-6,0,0,0,0,0,0,194,194,0,194
B,335548,0x60,2,64,1000000,-6,0,0,1,0,0,1000000,-6,1000000,-6,1:1
V,335548,0x60,0,1,0,0,0,0,0,0,0,0,0,127,1,0,1,0
V,335548,0x60,1,1,0,0,0,0,0,0,0,0,0,127,1,0,1,0
S,335548,1787674699,0x61,60001,1,1,2,-1,0,0,0,0,0,0,0,0,0,0,0,0,1000000,-6,0,1500000,-6,0,0,0,0,0,0,194,194,0,194
B,335548,0x61,2,64,1000000,-6,0,0,1,0,0,1000000,-6,1000000,-6,1:1
V,335548,0x61,0,1,0,0,0,0,0,0,0,0,0,127,1,0,1,0
V,335548,0x61,1,1,0,0,0,0,0,0,0,0,0,127,1,0,1,0
S,335548,1787674699,0x70,60001,1400,84,1,-1,295132,10586,2020000,-4,1058600,-2,1058600,-2,1058600,-2,1058600,-2,1000000,-6,1399,1750000,-5,5000000,-7,0,0,-3505696,-2,10127,131,2,10352
B,335548,0x70,0,128,1000000,-6,0,0,1399,0,1399,2020000,-4,1058600,-2
B,335548,0x70,1,128,1000000,-6,0,0,83,0,27,0,0,2058600,-2,0:54,1:2
B,335548,0x70,2,64,1000000,-6,0,0,84,0,0,1600000,-5,1700000,-5,16:28,17:56
V,335548,0x70,0,1400,0,0,3001000,-5,3078000,-5,3042153,-5,9998322,-9,30,1,0,0
S,335548,1787674699,0x80,60001,1439,115,2,-1,295132,2657,2020000,-4,2657000,-3,2657000,-3,2657000,-3,2657000,-3,1000000,-6,1438,1350000,-5,5000000,-7,0,0,-3444385,-2,9957,130,2,10182
B,335548,0x80,0,128,1000000,-6,0,0,1438,0,1438,2020000,-4,2657000,-3
B,335548,0x80,1,128,1000000,-6,0,0,114,0,29,0,0,1048200,-2,0:79,1:2,16:1,17:1,18:1,20:1
B,335548,0x80,2,64,1000000,-6,0,0,115,0,0,1100000,-5,1300000,-5,11:28,13:87
V,335548,0x80,0,1439,0,0,1000810,-1,1001210,-1,1001066,-1,1000000,-6,6,1,0,0
V,335548,0x80,1,1439,0,0,1014423,-1,1014423,-1,1014423,-1,0,127,1439,0,0,0
S,335548,1787674699,0x90,60001,1400,84,1,-1,295132,10586,2020000,-4,1058600,-2,1058600,-2,1058600,-2,1058600,-2,1000000,-6,1399,1750000,-5,1500000,-6,0,0,-3505696,-2,10127,131,2,10351
B,335548,0x90,0,128,1000000,-6,0,0,1399,0,1399,2020000,-4,1058600,-2
B,335548,0x90,1,128,1000000,-6,0,0,83,0,28,0,0,2058500,-2,0:40,1:14,19:1
B,335548,0x90,2,64,1000000,-6,0,0,84,0,0,1600000,-5,1700000,-5,16:28,17:56
V,335548,0x90,0,1400,0,0,1008704,-4,1035459,-4,1019314,-4,1754761,-10,1,1,0,0
S,335548,1787674699,0xa0,60001,0,0,0,-1,0,0,0,0,0,0,0,0,0,0,0,0,1000000,-6,0,0,0,0,0,0,0,0,0,0,0,0,-1
S,335548,1787674699,0xb0,60001,1,1,1,-1,0,0,0,0,0,0,0,0,0,0,0,0,1000000,-6,0,1500000,-6,0,0,0,0,0,0,190,190,0,190
B,335548,0xb0,2,64,1000000,-6,0,0,1,0,0,1000000,-6,1000000,-6,1:1
V,335548,0xb0,0,1,0,0,0,0,0,0,0,0,0,127,1,0,1,0
S,335548,1787674699,0xc0,60001,1,1,2,-1,0,0,0,0,0,0,0,0,0,0,0,0,1000000,-6,0,1500000,-6,0,0,0,0,0,0,189,189,0,189
B,335548,0xc0,2,64,1000000,-6,0,0,1,0,0,1000000,-6,1000000,-6,1:1
V,335548,0xc0,0,1,0,0,0,0,0,0,0,0,0,127,1,0,1,0
V,335548,0xc0,1,1,0,0,0,0,0,0,0,0,0,127,1,0,1,0
S,335548,1787674699,0xe0,60001,1,1,1,-1,0,0,0,0,0,0,0,0,0,0,0,0,1000000,-6,0,1500000,-6,0,0,0,0,0,0,189,189,0,189
B,335548,0xe0,2,64,1000000,-6,0,0,1,0,0,1000000,-6,1000000,-6,1:1
V,335548,0xe0,0,1,0,0,0,0,0,0,0,0,0,127,1,0,1,0
S,335548,1787674699,0xe1,60001,1,1,1,-1,0,0,0,0,0,0,0,0,0,0,0,0,1000000,-6,0,1500000,-6,0,0,0,0,0,0,189,189,0,188
B,335548,0xe1,2,64,1000000,-6,0,0,1,0,0,1000000,-6,1000000,-6,1:1
V,335548,0xe1,0,1,0,0,0,0,0,0,0,0,0,127,1,0,1,0
S,335548,1787674699,0x110,60001,285,57,5,-1,294314,6317,1011000,-3,6317000,-3,6317000,-3,6317000,-3,6317000,-3,1000000,-6,284,5500000,-6,1040600,-2,0,0,-1352682,-2,4059,131,2,5092
B,335548,0x110,0,128,1000000,-6,0,0,284,0,284,1011000,-3,6317000,-3
B,335548,0x110,1,128,1000000,-6,0,0,56,0,56,4773000,-3,1040600,-2
B,335548,0x110,2,64,1000000,-6,0,0,57,0,0,5000000,-6,5000000,-6,5:57
V,335548,0x110,0,285,0,0,0,0,0,0,0,0,0,127,285,0,0,0
V,335548,0x110,1,285,0,0,0,0,0,0,0,0,0,127,285,0,1,0
V,335548,0x110,2,285,0,0,0,0,0,0,0,0,0,127,285,0,0,0
V,335548,0x110,3,285,0,0,0,0,0,0,0,0,0,127,285,0,0,0
V,335548,0x110,4,285,0,0,0,0,0,0,0,0,0,127,285,0,0,0
S,335548,1787674699,0x111,60001,285,57,3,-1,294314,6317,1011000,-3,6317000,-3,6317000,-3,6317000,-3,6317000,-3,1000000,-6,284,5500000,-6,1040600,-2,0,0,-1352682,-2,4059,131,2,5091
B,335548,0x111,0,128,1000000,-6,0,0,284,0,284,1011000,-3,6317000,-3
B,335548,0x111,1,128,1000000,-6,0,0,56,0,56,4773000,-3,1040600,-2
B,335548,0x111,2,64,1000000,-6,0,0,57,0,0,5000000,-6,5000000,-6,5:57
V,335548,0x111,0,285,0,0,0,0,0,0,0,0,0,127,285,0,0,0
V,335548,0x111,1,285,0,0,0,0,0,0,0,0,0,127,285,0,1,0
V,335548,0x111,2,285,0,0,0,0,0,0,0,0,0,127,285,0,1,0
S,335548,1787674699,0x112,60001,290,58,1,-1,294314,1226,1011000,-3,1226000,-3,1226000,-3,1226000,-3,1226000,-3,1000000,-6,289,5500000,-6,5404000,-3,0,0,-1352682,-2,4059,131,2,5090
B,335548,0x112,0,128,1000000,-6,0,0,289,0,289,1011000,-3,1226000,-3
B,335548,0x112,1,128,1000000,-6,0,0,57,0,57,4773000,-3,5404000,-3
B,335548,0x112,2,64,1000000,-6,0,0,58,0,0,5000000,-6,5000000,-6,5:58
V,335548,0x112,0,290,0,0,0,0,0,0,0,0,0,127,290,0,0,0
S,335548,1787674699,0x120,60001,1,1,1,-1,0,0,0,0,0,0,0,0,0,0,0,0,1000000,-6,0,1500000,-6,0,0,0,0,0,0,181,181,0,181
B,335548,0x120,2,64,1000000,-6,0,0,1,0,0,1000000,-6,1000000,-6,1:1
V,335548,0x120,0,1,0,0,9997266,-5,9997266,-5,9997266,-5,0,127,1,0,0,0
S,335548,1787674699,0x121,60001,1,1,2,-1,0,0,0,0,0,0,0,0,0,0,0,0,1000000,-6,0,1500000,-6,0,0,0,0,0,0,181,181,0,181
B,335548,0x121,2,64,1000000,-6,0,0,1,0,0,1000000,-6,1000000,-6,1:1
V,335548,0x121,0,1,0,0,0,0,0,0,0,0,0,127,1,0,1,0
V,335548,0x121,1,1,0,0,0,0,0,0,0,0,0,127,1,0,1,0
S,335548,1787674699,0x122,60001,290,58,5,-1,294111,1030,1011000,-3,1030000,-3,1030000,-3,1030000,-3,1030000,-3,1000000,-6,289,5500000,-6,5414000,-3,0,0,-1282775,-2,4059,334,2,5089
B,335548,0x122,0,128,1000000,-6,0,0,289,0,289,1011000,-3,1030000,-3
B,335548,0x122,1,128,1000000,-6,0,0,57,0,57,4919000,-3,5414000,-3
B,335548,0x122,2,64,1000000,-6,0,0,58,0,0,5000000,-6,5000000,-6,5:58
V,335548,0x122,0,290,0,0,4377579,-6,4403828,-6,4392916,-6,1559258,-10,11,1,0,0
V,335548,0x122,1,290,0,0,-4046875,-5,-1406250,-6,-1278233,-5,7812500,-7,10,1,0,0
V,335548,0x122,2,290,0,0,-2718750,-5,-5312500,-6,-1281035,-5,1562500,-7,6,1,0,0
V,335548,0x122,3,290,0,0,2215000,-4,2225000,-4,2220276,-4,5000000,-7,132,1,0,0
V,335548,0x122,4,290,0,0,2230000,-4,2230000,-4,2230000,-4,0,127,290,0,0,0
S,335548,1787674699,0x130,60001,0,0,0,-1,0,0,0,0,0,0,0,0,0,0,0,0,1000000,-6,0,0,0,0,0,0,0,0,0,0,0,0,-1
S,335548,1787674699,0x131,60001,0,0,0,-1,0,0,0,0,0,0,0,0,0,0,0,0,1000000,-6,0,0,0,0,0,0,0,0,0,0,0,0,-1
S,335548,1787674699,0x140,60001,1,1,1,-1,0,0,0,0,0,0,0,0,0,0,0,0,1000000,-6,0,1500000,-6,0,0,0,0,0,0,177,177,0,177
B,335548,0x140,2,64,1000000,-6,0,0,1,0,0,1000000,-6,1000000,-6,1:1
V,335548,0x140,0,1,0,1,1401299,-51,1401299,-51,1401299,-51,0,127,1,0,1,0
S,335548,1787674699,0x150,60001,290,58,2,-1,294314,1230,1011000,-3,1230000,-3,1230000,-3,1230000,-3,1230000,-3,1000000,-6,289,5500000,-6,5403000,-3,0,0,-1348145,-2,4059,144,2,5086
B,335548,0x150,0,128,1000000,-6,0,0,289,0,289,1011000,-3,1230000,-3
B,335548,0x150,1,128,1000000,-6,0,0,57,0,57,4774000,-3,5403000,-3
B,335548,0x150,2,64,1000000,-6,0,0,58,0,0,5000000,-6,5000000,-6,5:58
V,335548,0x150,0,290,0,0,0,0,0,0,0,0,0,127,290,0,0,0
V,335548,0x150,1,290,0,0,0,0,0,0,0,0,0,127,290,0,1,0
S,395547,1787674759,0x10,59999,17750,1846,3,-1,358310,45,2000000,-5,2050000,-5,2050000,-5,2150000,-5,4500000,-5,1000000,-6,0,1050000,-5,5000000,-7,0,0,-7105475,-3,3378,850,1,2679
B,395547,0x10,0,128,1000000,-6,0,0,17749,0,0,2000000,-5,4500000,-5,20:15953,21:1715,39:10,40:70,45:1
B,395547,0x10,1,128,1000000,-6,0,0,1845,0,143,0,0,3395000,-3,0:1524,1:129,2:8,16:3,17:11,18:20,19:5,20:2
B,395547,0x10,2,64,1000000,-6,0,0,1846,0,0,5000000,-6,1000000,-5,5:142,10:1704
V,395547,0x10,0,17750,0,0,-1908237,-6,1831620,-6,-1618826,-7,2394274,-9,5,1,0,0
V,395547,0x10,1,17750,0,0,-2674405,-6,1338400,-6,2675740,-7,2394259,-9,4,1,0,0
V,395547,0x10,2,17750,0,0,6035967,-6,1194025,-5,9746230,-6,2393723,-9,4,1,0,0
S,395547,1787674759,0x11,59999,17750,1846,3,-1,358285,40,2000000,-5,2050000,-5,2050000,-5,2150000,-5,4000000,-5,1000000,-6,0,1050000,-5,5000000,-7,0,0,-7088989,-3,3332,810,1,2678
B,395547,0x11,0,128,1000000,-6,0,0,17749,0,0,2000000,-5,4000000,-5,20:15954,21:1715,39:10,40:70
B,395547,0x11,1,128,1000000,-6,0,0,1845,0,160,0,0,3066000,-3,0:1504,1:98,2:54,3:1,16:1,17:6,18:7,19:8,20:3,23:1,27:1,52:1
B,395547,0x11,2,64,1000000,-6,0,0,1846,0,0,5000000,-6,1000000,-5,5:142,10:1704
V,395547,0x11,0,7,17743,7,1401299,-51,1071993,-48,2354182,-49,1541428,-50,5,1,16,1
V,395547,0x11,1,17745,5,17745,2662467,-50,7833259,-49,1569454,-49,1401299,-51,4,1,16,1
V,395547,0x11,2,17750,0,17750,3532674,-48,6988275,-48,5704687,-48,1401299,-51,4,1,16,1
S,395547,1787674759,0x20,59999,8730,907,3,-1,356660,2655,3900000,-5,4050000,-5,4050000,-5,4150000,-5,2655000,-3,1000000,-6,3,1050000,-5,5000000,-7,0,0,-1420098,-2,5731,737,1,5773
B,395547,0x20,0,128,1000000,-6,0,0,8729,0,3,3900000,-5,2655000,-3,39:10,40:7043,41:1669,42:4
B,395547,0x20,1,128,1000000,-6,0,0,906,0,70,0,0,5449000,-3,0:740,1:70,16:8,17:6,18:8,19:4
B,395547,0x20,2,64,1000000,-6,0,0,907,0,0,5000000,-6,1000000,-5,5:68,10:839
V,395547,0x20,0,8730,0,0,-2746666,-6,1648000,-6,-5707485,-7,6103701,-8,6,1,0,0
V,395547,0x20,1,8730,0,0,-2197333,-6,3540147,-6,-1805451,-7,6103701,-8,6,1,0,0
V,395547,0x20,2,8730,0,0,-3723258,-6,7324443,-7,2437286,-8,6103701,-8,7,1,0,0
S,395547,1787674759,0x21,59999,8875,923,3,-1,356660,42,3900000,-5,4050000,-5,4050000,-5,4150000,-5,4200000,-5,1000000,-6,0,1050000,-5,5000000,-7,0,0,-1420098,-2,5730,736,1,5772
B,395547,0x21,0,128,1000000,-6,0,0,8874,0,0,3900000,-5,4200000,-5,39:10,40:7158,41:1702,42:4
B,395547,0x21,1,128,1000000,-6,0,0,922,0,81,0,0,5101000,-3,0:811,1:19,17:6,18:3,20:1,21:1
B,395547,0x21,2,64,1000000,-6,0,0,923,0,0,5000000,-6,1000000,-5,5:71,10:852
V,395547,0x21,0,14,8861,13,0,0,3783505,-50,1401299,-50,1401299,-51,6,1,16,1
V,395547,0x21,1,860,8015,307,0,0,8127532,-50,1401299,-51,1401299,-51,6,1,16,1
V,395547,0x21,2,5959,2916,4365,0,0,1681558,-50,2802597,-51,1401299,-51,7,1,16,1
S,395547,1787674759,0x41,59999,350,70,2,-1,355155,1031,1011000,-3,1031000,-3,1031000,-3,1031000,-3,1031000,-3,1000000,-6,349,5500000,-6,5629000,-3,0,0,-1156094,-2,4059,0,2,5107
B,395547,0x41,0,128,1000000,-6,0,0,349,0,349,1011000,-3,1031000,-3
B,395547,0x41,1,128,1000000,-6,0,0,69,0,69,4208000,-3,5629000,-3
B,395547,0x41,2,64,1000000,-6,0,0,70,0,0,5000000,-6,5000000,-6,5:70
V,395547,0x41,0,350,0,0,0,0,0,0,0,0,0,127,350,0,0,0
V,395547,0x41,1,350,0,0,0,0,0,0,0,0,0,127,350,0,0,0
S,395547,1787674759,0x42,59999,1,1,2,-1,0,0,0,0,0,0,0,0,0,0,0,0,1000000,-6,0,1500000,-6,0,0,0,0,0,0,198,198,0,198
B,395547,0x42,2,64,1000000,-6,0,0,1,0,0,1000000,-6,1000000,-6,1:1
V,395547,0x42,0,1,0,0,6100000,-5,6100000,-5,6100000,-5,0,127,1,0,0,0
V,395547,0x42,1,1,0,0,5400000,-5,5400000,-5,5400000,-5,0,127,1,0,0,0
S,395547,1787674759,0x43,59999,350,70,7,-1,355155,1031,1011000,-3,1031000,-3,1031000,-3,1031000,-3,1031000,-3,1000000,-6,349,5500000,-6,5629000,-3,0,0,-1156094,-2,4060,1,2,5107
B,395547,0x43,0,128,1000000,-6,0,0,349,0,349,1011000,-3,1031000,-3
B,395547,0x43,1,128,1000000,-6,0,0,69,0,69,4209000,-3,5629000,-3
B,395547,0x43,2,64,1000000,-6,0,0,70,0,0,5000000,-6,5000000,-6,5:70
V,395547,0x43,0,350,0,0,0,0,0,0,0,0,0,127,350,0,0,0
V,395547,0x43,1,350,0,0,0,0,0,0,0,0,0,127,350,0,0,0
V,395547,0x43,2,350,0,0,1000000,-6,1000000,-6,1000000,-6,0,127,350,0,0,0
V,395547,0x43,3,350,0,0,0,0,0,0,0,0,0,127,350,0,0,0
V,395547,0x43,4,350,0,0,0,0,0,0,0,0,0,127,350,0,0,0
V,395547,0x43,5,350,0,0,0,0,0,0,0,0,0,127,350,0,0,0
V,395547,0x43,6,350,0,0,0,0,0,0,0,0,0,127,350,0,0,0
S,395547,1787674759,0x50,59999,0,0,0,-1,0,0,0,0,0,0,0,0,0,0,0,0,1000000,-6,0,0,0,0,0,0,0,0,0,0,0,0,-1
S,395547,1787674759,0x51,59999,1,1,1,-1,0,0,0,0,0,0,0,0,0,0,0,0,1000000,-6,0,1500000,-6,0,0,0,0,0,0,197,197,0,197
B,395547,0x51,2,64,1000000,-6,0,0,1,0,0,1000000,-6,1000000,-6,1:1
V,395547,0x51,0,1,0,0,0,0,0,0,0,0,0,127,1,0,1,0
S,395547,1787674759,0x52,59999,1,1,1,-1,0,0,0,0,0,0,0,0,0,0,0,0,1000000,-6,0,1500000,-6,0,0,0,0,0,0,197,197,0,197
B,395547,0x52,2,64,1000000,-6,0,0,1,0,0,1000000,-6,1000000,-6,1:1
V,395547,0x52,0,1,0,1,2270104,-49,2270104,-49,2270104,-49,0,127,1,0,1,0
S,395547,1787674759,0x53,59999,345,69,2,-1,355155,6126,1011000,-3,6126000,-3,6126000,-3,6126000,-3,6126000,-3,1000000,-6,344,5500000,-6,1000500,-2,0,0,-1156094,-2,4059,0,2,5104
B,395547,0x53,0,128,1000000,-6,0,0,344,0,344,1011000,-3,6126000,-3
B,395547,0x53,1,128,1000000,-6,0,0,68,0,68,4209000,-3,1000500,-2
B,395547,0x53,2,64,1000000,-6,0,0,69,0,0,5000000,-6,5000000,-6,5:69
V,395547,0x53,0,345,0,0,0,0,0,0,0,0,0,127,345,0,0,0
V,395547,0x53,1,345,0,0,0,0,0,0,0,0,0,127,345,0,1,0
S,395547,1787674759,0x60,59999,1,1,2,-1,0,0,0,0,0,0,0,0,0,0,0,0,1000000,-6,0,1500000,-6,0,0,0,0,0,0,194,194,0,194
B,395547,0x60,2,64,1000000,-6,0,0,1,0,0,1000000,-6,1000000,-6,1:1
V,395547,0x60,0,1,0,0,0,0,0,0,0,0,0,127,1,0,1,0
V,395547,0x60,1,1,0,0,0,0,0,0,0,0,0,127,1,0,1,0
S,395547,1787674759,0x61,59999,1,1,2,-1,0,0,0,0,0,0,0,0,0,0,0,0,1000000,-6,0,1500000,-6,0,0,0,0,0,0,194,194,0,194
B,395547,0x61,2,64,1000000,-6,0,0,1,0,0,1000000,-6,1000000,-6,1:1
V,395547,0x61,0,1,0,0,0,0,0,0,0,0,0,127,1,0,1,0
V,395547,0x61,1,1,0,0,0,0,0,0,0,0,0,127,1,0,1,0
S,395547,1787674759,0x70,59999,1700,102,1,-1,356176,10586,2020000,-4,1058600,-2,1058600,-2,1058600,-2,1058600,-2,1000000,-6,1699,1750000,-5,5000000,-7,0,0,-2926464,-2,10127,0,2,10352
B,395547,0x70,0,128,1000000,-6,0,0,1699,0,1699,2020000,-4,1058600,-2
B,395547,0x70,1,128,1000000,-6,0,0,101,0,33,0,0,2058600,-2,0:65,1:2,24:1
B,395547,0x70,2,64,1000000,-6,0,0,102,0,0,1600000,-5,1700000,-5,16:34,17:68
V,395547,0x70,0,1700,0,0,2996000,-5,3078000,-5,3035347,-5,9998322,-9,30,1,0,0
S,395547,1787674759,0x80,59999,1739,139,2,-1,356176,2657,2020000,-4,2657000,-3,2657000,-3,2657000,-3,2657000,-3,1000000,-6,1738,1350000,-5,5000000,-7,0,0,-2875925,-2,9957,0,2,10182
B,395547,0x80,0,128,1000000,-6,0,0,1738,0,1738,2020000,-4,2657000,-3
B,395547,0x80,1,128,1000000,-6,0,0,138,0,35,0,0,1048200,-2,0:95,1:2,16:1,17:2,18:2,20:1
B,395547,0x80,2,64,1000000,-6,0,0,139,0,0,1100000,-5,1300000,-5,11:34,13:105
V,395547,0x80,0,1739,0,0,1000810,-1,1001210,-1,1001053,-1,1000000,-6,6,1,0,0
V,395547,0x80,1,1739,0,0,1014423,-1,1014423,-1,1014423,-1,0,127,1739,0,0,0
S,395547,1787674759,0x90,59999,1700,102,1,-1,356176,10586,2020000,-4,1058600,-2,1058600,-2,1058600,-2,1058600,-2,1000000,-6,1699,1750000,-5,1500000,-6,0,0,-2926167,-2,10127,1,2,10351
B,395547,0x90,0,128,1000000,-6,0,0,1699,0,1699,2020000,-4,1058600,-2
B,395547,0x90,1,128,1000000,-6,0,0,101,0,34,0,0,2058500,-2,0:49,1:17,19:1
B,395547,0x90,2,64,1000000,-6,0,0,102,0,0,1600000,-5,1700000,-5,16:34,17:68
V,395547,0x90,0,1700,0,0,1008704,-4,1035459,-4,1020423,-4,2288819,-11,1,1,0,0
S,395547,1787674759,0xa0,59999,0,0,0,-1,0,0,0,0,0,0,0,0,0,0,0,0,1000000,-6,0,0,0,0,0,0,0,0,0,0,0,0,-1
S,395547,1787674759,0xb0,59999,1,1,1,-1,0,0,0,0,0,0,0,0,0,0,0,0,1000000,-6,0,1500000,-6,0,0,0,0,0,0,190,190,0,190
B,395547,0xb0,2,64,1000000,-6,0,0,1,0,0,1000000,-6,1000000,-6,1:1
V,395547,0xb0,0,1,0,0,0,0,0,0,0,0,0,127,1,0,1,0
S,395547,1787674759,0xc0,59999,1,1,2,-1,0,0,0,0,0,0,0,0,0,0,0,0,1000000,-6,0,1500000,-6,0,0,0,0,0,0,189,189,0,189
B,395547,0xc0,2,64,1000000,-6,0,0,1,0,0,1000000,-6,1000000,-6,1:1
V,395547,0xc0,0,1,0,0,0,0,0,0,0,0,0,127,1,0,1,0
V,395547,0xc0,1,1,0,0,0,0,0,0,0,0,0,127,1,0,1,0
S,395547,1787674759,0xe0,59999,1,1,1,-1,0,0,0,0,0,0,0,0,0,0,0,0,1000000,-6,0,1500000,-6,0,0,0,0,0,0,189,189,0,189
B,395547,0xe0,2,64,1000000,-6,0,0,1,0,0,1000000,-6,1000000,-6,1:1
V,395547,0xe0,0,1,0,0,0,0,0,0,0,0,0,127,1,0,1,0
S,395547,1787674759,0xe1,59999,1,1,1,-1,0,0,0,0,0,0,0,0,0,0,0,0,1000000,-6,0,1500000,-6,0,0,0,0,0,0,189,189,0,188
B,395547,0xe1,2,64,1000000,-6,0,0,1,0,0,1000000,-6,1000000,-6,1:1
V,395547,0xe1,0,1,0,0,0,0,0,0,0,0,0,127,1,0,1,0
S,395547,1787674759,0x110,59999,345,69,5,-1,355358,6317,1011000,-3,6317000,-3,6317000,-3,6317000,-3,6317000,-3,1000000,-6,344,5500000,-6,1040600,-2,0,0,-1155138,-2,4059,1,2,5092
B,395547,0x110,0,128,1000000,-6,0,0,344,0,344,1011000,-3,6317000,-3
B,395547,0x110,1,128,1000000,-6,0,0,68,0,68,4437000,-3,1040600,-2
B,395547,0x110,2,64,1000000,-6,0,0,69,0,0,5000000,-6,5000000,-6,5:69
V,395547,0x110,0,345,0,0,0,0,0,0,0,0,0,127,345,0,0,0
V,395547,0x110,1,345,0,0,0,0,0,0,0,0,0,127,345,0,1,0
V,395547,0x110,2,345,0,0,0,0,0,0,0,0,0,127,345,0,0,0
V,395547,0x110,3,345,0,0,0,0,0,0,0,0,0,127,345,0,0,0
V,395547,0x110,4,345,0,0,0,0,0,0,0,0,0,127,345,0,0,0
S,395547,1787674759,0x111,59999,345,69,3,-1,355358,6317,1011000,-3,6317000,-3,6317000,-3,6317000,-3,6317000,-3,1000000,-6,344,5500000,-6,1040600,-2,0,0,-1155138,-2,4059,1,2,5091
B,395547,0x111,0,128,1000000,-6,0,0,344,0,344,1011000,-3,6317000,-3
B,395547,0x111,1,128,1000000,-6,0,0,68,0,68,4437000,-3,1040600,-2
B,395547,0x111,2,64,1000000,-6,0,0,69,0,0,5000000,-6,5000000,-6,5:69
V,395547,0x111,0,345,0,0,0,0,0,0,0,0,0,127,345,0,0,0
V,395547,0x111,1,345,0,0,0,0,0,0,0,0,0,127,345,0,1,0
V,395547,0x111,2,345,0,0,0,0,0,0,0,0,0,127,345,0,1,0
S,395547,1787674759,0x112,59999,350,70,1,-1,355358,1226,1011000,-3,1226000,-3,1226000,-3,1226000,-3,1226000,-3,1000000,-6,349,5500000,-6,5628000,-3,0,0,-1155138,-2,4059,1,2,5090
B,395547,0x112,0,128,1000000,-6,0,0,349,0,349,1011000,-3,1226000,-3
B,395547,0x112,1,128,1000000,-6,0,0,69,0,69,4437000,-3,5628000,-3
B,395547,0x112,2,64,1000000,-6,0,0,70,0,0,5000000,-6,5000000,-6,5:70
V,395547,0x112,0,350,0,0,0,0,0,0,0,0,0,127,350,0,0,0
S,395547,1787674759,0x120,59999,1,1,1,-1,0,0,0,0,0,0,0,0,0,0,0,0,1000000,-6,0,1500000,-6,0,0,0,0,0,0,181,181,0,181
B,395547,0x120,2,64,1000000,-6,0,0,1,0,0,1000000,-6,1000000,-6,1:1
V,395547,0x120,0,1,0,0,9997266,-5,9997266,-5,9997266,-5,0,127,1,0,0,0
S,395547,1787674759,0x121,59999,1,1,2,-1,0,0,0,0,0,0,0,0,0,0,0,0,1000000,-6,0,1500000,-6,0,0,0,0,0,0,181,181,0,181
B,395547,0x121,2,64,1000000,-6,0,0,1,0,0,1000000,-6,1000000,-6,1:1
V,395547,0x121,0,1,0,0,0,0,0,0,0,0,0,127,1,0,1,0
V,395547,0x121,1,1,0,0,0,0,0,0,0,0,0,127,1,0,1,0
S,395547,1787674759,0x122,59999,350,70,5,-1,355155,1030,1011000,-3,1030000,-3,1030000,-3,1030000,-3,1030000,-3,1000000,-6,349,5500000,-6,5629000,-3,0,0,-1156094,-2,4059,0,2,5089
B,395547,0x122,0,128,1000000,-6,0,0,349,0,349,1011000,-3,1030000,-3
B,395547,0x122,1,128,1000000,-6,0,0,69,0,69,4208000,-3,5629000,-3
B,395547,0x122,2,64,1000000,-6,0,0,70,0,0,5000000,-6,5000000,-6,5:70
V,395547,0x122,0,350,0,0,4377579,-6,4403828,-6,4392114,-6,1559258,-10,11,1,0,0
V,395547,0x122,1,350,0,0,-4046875,-5,-1406250,-6,-1309598,-5,7812500,-7,11,1,0,0
V,395547,0x122,2,350,0,0,-2718750,-5,-5312500,-6,-1315848,-5,1562500,-7,6,1,0,0
V,395547,0x122,3,350,0,0,2210000,-4,2225000,-4,2219000,-4,5000000,-7,132,1,0,0
V,395547,0x122,4,350,0,0,2230000,-4,2230000,-4,2230000,-4,0,127,350,0,0,0
S,395547,1787674759,0x130,59999,0,0,0,-1,0,0,0,0,0,0,0,0,0,0,0,0,1000000,-6,0,0,0,0,0,0,0,0,0,0,0,0,-1
S,395547,1787674759,0x131,59999,0,0,0,-1,0,0,0,0,0,0,0,0,0,0,0,0,1000000,-6,0,0,0,0,0,0,0,0,0,0,0,0,-1
S,395547,1787674759,0x140,59999,1,1,1,-1,0,0,0,0,0,0,0,0,0,0,0,0,1000000,-6,0,1500000,-6,0,0,0,0,0,0,177,177,0,177
B,395547,0x140,2,64,1000000,-6,0,0,1,0,0,1000000,-6,1000000,-6,1:1
V,395547,0x140,0,1,0,1,1401299,-51,1401299,-51,1401299,-51,0,127,1,0,1,0
S,395547,1787674759,0x150,59999,350,70,2,-1,355358,1230,1011000,-3,1230000,-3,1230000,-3,1230000,-3,1230000,-3,1000000,-6,349,5500000,-6,5614000,-3,0,0,-1155426,-2,4059,0,2,5086
B,395547,0x150,0,128,1000000,-6,0,0,349,0,349,1011000,-3,1230000,-3
B,395547,0x150,1,128,1000000,-6,0,0,69,0,69,4437000,-3,5614000,-3
B,395547,0x150,2,64,1000000,-6,0,0,70,0,0,5000000,-6,5000000,-6,5:70
V,395547,0x150,0,350,0,0,0,0,0,0,0,0,0,127,350,0,0,0
V,395547,0x150,1,350,0,0,0,0,0,0,0,0,0,127,350,0,1,0
S,455547,1787674819,0x10,60000,20750,2158,3,-1,418594,45,2000000,-5,2050000,-5,2050000,-5,2150000,-5,4500000,-5,1000000,-6,0,1050000,-5,5000000,-7,0,0,-6208971,-3,3378,795,1,2679
B,455547,0x10,0,128,1000000,-6,0,0,20749,0,0,2000000,-5,4500000,-5,20:18669,21:1999,39:10,40:70,45:1
B,455547,0x10,1,128,1000000,-6,0,0,2157,0,167,0,0,3395000,-3,0:1785,1:145,2:9,16:4,17:14,18:23,19:7,20:3
B,455547,0x10,2,64,1000000,-6,0,0,2158,0,0,5000000,-6,1000000,-5,5:166,10:1992
V,455547,0x10,0,20750,0,0,-1908237,-6,1831620,-6,-1622948,-7,2394274,-9,5,1,0,0
V,455547,0x10,1,20750,0,0,-2674405,-6,1338400,-6,2676369,-7,2394259,-9,4,1,0,0
V,455547,0x10,2,20750,0,0,6035967,-6,1194025,-5,9746348,-6,2393723,-9,4,1,0,0
S,455547,1787674819,0x11,60000,20750,2158,3,-1,418569,40,2000000,-5,2050000,-5,2050000,-5,2150000,-5,4000000,-5,1000000,-6,0,1050000,-5,5000000,-7,0,0,-6189993,-3,3332,757,1,2678
B,455547,0x11,0,128,1000000,-6,0,0,20749,0,0,2000000,-5,4000000,-5,20:18670,21:1999,39:10,40:70
B,455547,0x11,1,128,1000000,-6,0,0,2157,0,186,0,0,3066000,-3,0:1759,1:115,2:64,3:1,16:1,17:7,18:9,19:9,20:3,23:1,27:1,52:1
B,455547,0x11,2,64,1000000,-6,0,0,2158,0,0,5000000,-6,1000000,-5,5:166,10:1992
V,455547,0x11,0,7,20743,7,1401299,-51,1071993,-48,2354182,-49,1541428,-50,5,1,16,1
V,455547,0x11,1,20745,5,20745,2662467,-50,7833259,-49,1569454,-49,1401299,-51,4,1,16,1
V,455547,0x11,2,20750,0,20750,3532674,-48,6988275,-48,5704687,-48,1401299,-51,4,1,16,1
S,455547,1787674819,0x20,60000,10230,1063,3,-1,416946,2655,3900000,-5,4050000,-5,4050000,-5,4150000,-5,2655000,-3,1000000,-6,3,1050000,-5,5000000,-7,0,0,-1225055,-2,5731,685,1,5773
B,455547,0x20,0,128,1000000,-6,0,0,10229,0,3,3900000,-5,2655000,-3,39:10,40:8257,41:1955,42:4
B,455547,0x20,1,128,1000000,-6,0,0,1062,0,82,0,0,5449000,-3,0:870,1:82,16:8,17:6,18:10,19:4
B,455547,0x20,2,64,1000000,-6,0,0,1063,0,0,5000000,-6,1000000,-5,5:80,10:983
V,455547,0x20,0,10230,0,0,-2746666,-6,1648000,-6,-5708245,-7,6103701,-8,6,1,0,0
V,455547,0x20,1,10230,0,0,-2197333,-6,3540147,-6,-1810646,-7,6103701,-8,6,1,0,0
V,455547,0x20,2,10230,0,0,-3723258,-6,7324443,-7,2418808,-8,6103701,-8,7,1,0,0
S,455547,1787674819,0x21,60000,10375,1079,3,-1,416946,42,3900000,-5,4050000,-5,4050000,-5,4150000,-5,4200000,-5,1000000,-6,0,1050000,-5,5000000,-7,0,0,-1225055,-2,5730,684,1,5772
B,455547,0x21,0,128,1000000,-6,0,0,10374,0,0,3900000,-5,4200000,-5,39:10,40:8372,41:1988,42:4
B,455547,0x21,1,128,1000000,-6,0,0,1078,0,96,0,0,5107000,-3,0:948,1:20,17:6,18:4,19:1,20:1,21:1,25:1
B,455547,0x21,2,64,1000000,-6,0,0,1079,0,0,5000000,-6,1000000,-5,5:83,10:996
V,455547,0x21,0,14,10361,13,0,0,3783505,-50,1401299,-50,1401299,-51,6,1,16,1
V,455547,0x21,1,985,9390,349,0,0,8127532,-50,1401299,-51,1401299,-51,6,1,16,1
V,455547,0x21,2,6974,3401,5073,0,0,1681558,-50,2802597,-51,1401299,-51,7,1,16,1
S,455547,1787674819,0x41,60000,410,82,2,-1,416200,1031,1011000,-3,1031000,-3,1031000,-3,1031000,-3,1031000,-3,1000000,-6,409,5500000,-6,5629000,-3,0,0,-9848572,-3,4059,0,2,5107
B,455547,0x41,0,128,1000000,-6,0,0,409,0,409,1011000,-3,1031000,-3
B,455547,0x41,1,128,1000000,-6,0,0,81,0,81,4208000,-3,5629000,-3
B,455547,0x41,2,64,1000000,-6,0,0,82,0,0,5000000,-6,5000000,-6,5:82
V,455547,0x41,0,410,0,0,0,0,0,0,0,0,0,127,410,0,0,0
V,455547,0x41,1,410,0,0,0,0,0,0,0,0,0,127,410,0,0,0
S,455547,1787674819,0x42,60000,1,1,2,-1,0,0,0,0,0,0,0,0,0,0,0,0,1000000,-6,0,1500000,-6,0,0,0,0,0,0,198,198,0,198
B,455547,0x42,2,64,1000000,-6,0,0,1,0,0,1000000,-6,1000000,-6,1:1
V,455547,0x42,0,1,0,0,6100000,-5,6100000,-5,6100000,-5,0,127,1,0,0,0
V,455547,0x42,1,1,0,0,5400000,-5,5400000,-5,5400000,-5,0,127,1,0,0,0
S,455547,1787674819,0x43,60000,410,82,7,-1,416200,1031,1011000,-3,1031000,-3,1031000,-3,1031000,-3,1031000,-3,1000000,-6,409,5500000,-6,5629000,-3,0,0,-9848572,-3,4060,1,2,5107
B,455547,0x43,0,128,1000000,-6,0,0,409,0,409,1011000,-3,1031000,-3
B,455547,0x43,1,128,1000000,-6,0,0,81,0,81,4209000,-3,5629000,-3
B,455547,0x43,2,64,1000000,-6,0,0,82,0,0,5000000,-6,5000000,-6,5:82
V,455547,0x43,0,410,0,0,0,0,0,0,0,0,0,127,410,0,0,0
V,455547,0x43,1,410,0,0,0,0,0,0,0,0,0,127,410,0,0,0
V,455547,0x43,2,410,0,0,1000000,-6,1000000,-6,1000000,-6,0,127,410,0,0,0
V,455547,0x43,3,410,0,0,0,0,0,0,0,0,0,127,410,0,0,0
V,455547,0x43,4,410,0,0,0,0,0,0,0,0,0,127,410,0,0,0
V,455547,0x43,5,410,0,0,0,0,0,0,0,0,0,127,410,0,0,0
V,455547,0x43,6,410,0,0,0,0,0,0,0,0,0,127,410,0,0,0
S,455547,1787674819,0x50,60000,0,0,0,-1,0,0,0,0,0,0,0,0,0,0,0,0,1000000,-6,0,0,0,0,0,0,0,0,0,0,0,0,-1
S,455547,1787674819,0x51,60000,1,1,1,-1,0,0,0,0,0,0,0,0,0,0,0,0,1000000,-6,0,1500000,-6,0,0,0,0,0,0,197,197,0,197
B,455547,0x51,2,64,1000000,-6,0,0,1,0,0,1000000,-6,1000000,-6,1:1
V,455547,0x51,0,1,0,0,0,0,0,0,0,0,0,127,1,0,1,0
S,455547,1787674819,0x52,60000,1,1,1,-1,0,0,0,0,0,0,0,0,0,0,0,0,1000000,-6,0,1500000,-6,0,0,0,0,0,0,197,197,0,197
B,455547,0x52,2,64,1000000,-6,0,0,1,0,0,1000000,-6,1000000,-6,1:1
V,455547,0x52,0,1,0,1,2270104,-49,2270104,-49,2270104,-49,0,127,1,0,1,0
S,455547,1787674819,0x53,60000,405,81,2,-1,416200,6126,1011000,-3,6126000,-3,6126000,-3,6126000,-3,6126000,-3,1000000,-6,404,5500000,-6,1000500,-2,0,0,-9848572,-3,4059,0,2,5104
B,455547,0x53,0,128,1000000,-6,0,0,404,0,404,1011000,-3,6126000,-3
B,455547,0x53,1,128,1000000,-6,0,0,80,0,80,4209000,-3,1000500,-2
B,455547,0x53,2,64,1000000,-6,0,0,81,0,0,5000000,-6,5000000,-6,5:81
V,455547,0x53,0,405,0,0,0,0,0,0,0,0,0,127,405,0,0,0
V,455547,0x53,1,405,0,0,0,0,0,0,0,0,0,127,405,0,1,0
S,455547,1787674819,0x60,60000,1,1,2,-1,0,0,0,0,0,0,0,0,0,0,0,0,1000000,-6,0,1500000,-6,0,0,0,0,0,0,194,194,0,194
B,455547,0x60,2,64,1000000,-6,0,0,1,0,0,1000000,-6,1000000,-6,1:1
V,455547,0x60,0,1,0,0,0,0,0,0,0,0,0,127,1,0,1,0
V,455547,0x60,1,1,0,0,0,0,0,0,0,0,0,127,1,0,1,0
S,455547,1787674819,0x61,60000,1,1,2,-1,0,0,0,0,0,0,0,0,0,0,0,0,1000000,-6,0,1500000,-6,0,0,0,0,0,0,194,194,0,194
B,455547,0x61,2,64,1000000,-6,0,0,1,0,0,1000000,-6,1000000,-6,1:1
V,455547,0x61,0,1,0,0,0,0,0,0,0,0,0,127,1,0,1,0
V,455547,0x61,1,1,0,0,0,0,0,0,0,0,0,127,1,0,1,0
S,455547,1787674819,0x70,60000,2000,120,1,-1,417220,10586,2020000,-4,1058600,-2,1058600,-2,1058600,-2,1058600,-2,1000000,-6,1999,1750000,-5,5000000,-7,0,0,-2487638,-2,10127,0,2,10352
B,455547,0x70,0,128,1000000,-6,0,0,1999,0,1999,2020000,-4,1058600,-2
B,455547,0x70,1,128,1000000,-6,0,0,119,0,39,0,0,2058600,-2,0:75,1:3,18:1,24:1
B,455547,0x70,2,64,1000000,-6,0,0,120,0,0,1600000,-5,1700000,-5,16:40,17:80
V,455547,0x70,0,2000,0,0,2987000,-5,3078000,-5,3029071,-5,9998322,-9,30,1,0,0
S,455547,1787674819,0x80,60000,2039,163,2,-1,417220,2657,2020000,-4,2657000,-3,2657000,-3,2657000,-3,2657000,-3,1000000,-6,2038,1350000,-5,5000000,-7,0,0,-2444858,-2,9957,0,2,10182
B,455547,0x80,0,128,1000000,-6,0,0,2038,0,2038,2020000,-4,2657000,-3
B,455547,0x80,1,128,1000000,-6,0,0,162,0,43,0,0,1048200,-2,0:111,1:2,16:1,17:2,18:2,20:1
B,455547,0x80,2,64,1000000,-6,0,0,163,0,0,1100000,-5,1300000,-5,11:40,13:123
V,455547,0x80,0,2039,0,0,1000810,-1,1001210,-1,1001039,-1,1000000,-6,6,1,0,0
V,455547,0x80,1,2039,0,0,1014423,-1,1014423,-1,1014423,-1,0,127,2039,0,0,0
S,455547,1787674819,0x90,60000,2000,120,1,-1,417220,10586,2020000,-4,1058600,-2,1058600,-2,1058600,-2,1058600,-2,1000000,-6,1999,1750000,-5,1500000,-6,0,0,-2487386,-2,10127,1,2,10351
B,455547,0x90,0,128,1000000,-6,0,0,1999,0,1999,2020000,-4,1058600,-2
B,455547,0x90,1,128,1000000,-6,0,0,119,0,40,0,0,2058500,-2,0:58,1:20,19:1
B,455547,0x90,2,64,1000000,-6,0,0,120,0,0,1600000,-5,1700000,-5,16:40,17:80
V,455547,0x90,0,2000,0,0,1008704,-4,1035459,-4,1021590,-4,2288819,-11,1,1,0,0
S,455547,1787674819,0xa0,60000,0,0,0,-1,0,0,0,0,0,0,0,0,0,0,0,0,1000000,-6,0,0,0,0,0,0,0,0,0,0,0,0,-1
S,455547,1787674819,0xb0,60000,1,1,1,-1,0,0,0,0,0,0,0,0,0,0,0,0,1000000,-6,0,1500000,-6,0,0,0,0,0,0,190,190,0,190
B,455547,0xb0,2,64,1000000,-6,0,0,1,0,0,1000000,-6,1000000,-6,1:1
V,455547,0xb0,0,1,0,0,0,0,0,0,0,0,0,127,1,0,1,0
S,455547,1787674819,0xc0,60000,1,1,2,-1,0,0,0,0,0,0,0,0,0,0,0,0,1000000,-6,0,1500000,-6,0,0,0,0,0,0,189,189,0,189
B,455547,0xc0,2,64,1000000,-6,0,0,1,0,0,1000000,-6,1000000,-6,1:1
V,455547,0xc0,0,1,0,0,0,0,0,0,0,0,0,127,1,0,1,0
V,455547,0xc0,1,1,0,0,0,0,0,0,0,0,0,127,1,0,1,0
S,455547,1787674819,0xe0,60000,1,1,1,-1,0,0,0,0,0,0,0,0,0,0,0,0,1000000,-6,0,1500000,-6,0,0,0,0,0,0,189,189,0,189
B,455547,0xe0,2,64,1000000,-6,0,0,1,0,0,1000000,-6,1000000,-6,1:1
V,455547,0xe0,0,1,0,0,0,0,0,0,0,0,0,127,1,0,1,0
S,455547,1787674819,0xe1,60000,1,1,1,-1,0,0,0,0,0,0,0,0,0,0,0,0,1000000,-6,0,1500000,-6,0,0,0,0,0,0,189,189,0,188
B,455547,0xe1,2,64,1000000,-6,0,0,1,0,0,1000000,-6,1000000,-6,1:1
V,455547,0xe1,0,1,0,0,0,0,0,0,0,0,0,127,1,0,1,0
S,455547,1787674819,0x110,60000,405,81,5,-1,416402,6317,1011000,-3,6317000,-3,6317000,-3,6317000,-3,6317000,-3,1000000,-6,404,5500000,-6,1040600,-2,0,0,-9841298,-3,4059,1,2,5092
B,455547,0x110,0,128,1000000,-6,0,0,404,0,404,1011000,-3,6317000,-3
B,455547,0x110,1,128,1000000,-6,0,0,80,0,80,4437000,-3,1040600,-2
B,455547,0x110,2,64,1000000,-6,0,0,81,0,0,5000000,-6,5000000,-6,5:81
V,455547,0x110,0,405,0,0,0,0,0,0,0,0,0,127,405,0,0,0
V,455547,0x110,1,405,0,0,0,0,0,0,0,0,0,127,405,0,1,0
V,455547,0x110,2,405,0,0,0,0,0,0,0,0,0,127,405,0,0,0
V,455547,0x110,3,405,0,0,0,0,0,0,0,0,0,127,405,0,0,0
V,455547,0x110,4,405,0,0,0,0,0,0,0,0,0,127,405,0,0,0
S,455547,1787674819,0x111,60000,405,81,3,-1,416402,6317,1011000,-3,6317000,-3,6317000,-3,6317000,-3,6317000,-3,1000000,-6,404,5500000,-6,1040600,-2,0,0,-9841298,-3,4059,1,2,5091
B,455547,0x111,0,128,1000000,-6,0,0,404,0,404,1011000,-3,6317000,-3
B,455547,0x111,1,128,1000000,-6,0,0,80,0,80,4437000,-3,1040600,-2
B,455547,0x111,2,64,1000000,-6,0,0,81,0,0,5000000,-6,5000000,-6,5:81
V,455547,0x111,0,405,0,0,0,0,0,0,0,0,0,127,405,0,0,0
V,455547,0x111,1,405,0,0,0,0,0,0,0,0,0,127,405,0,1,0
V,455547,0x111,2,405,0,0,0,0,0,0,0,0,0,127,405,0,1,0
S,455547,1787674819,0x112,60000,410,82,1,-1,416402,1226,1011000,-3,1226000,-3,1226000,-3,1226000,-3,1226000,-3,1000000,-6,409,5500000,-6,5628000,-3,0,0,-9841298,-3,4059,1,2,5090
B,455547,0x112,0,128,1000000,-6,0,0,409,0,409,1011000,-3,1226000,-3
B,455547,0x112,1,128,1000000,-6,0,0,81,0,81,4437000,-3,5628000,-3
B,455547,0x112,2,64,1000000,-6,0,0,82,0,0,5000000,-6,5000000,-6,5:82
V,455547,0x112,0,410,0,0,0,0,0,0,0,0,0,127,410,0,0,0
S,455547,1787674819,0x120,60000,1,1,1,-1,0,0,0,0,0,0,0,0,0,0,0,0,1000000,-6,0,1500000,-6,0,0,0,0,0,0,181,181,0,181
B,455547,0x120,2,64,1000000,-6,0,0,1,0,0,1000000,-6,1000000,-6,1:1
V,455547,0x120,0,1,0,0,9997266,-5,9997266,-5,9997266,-5,0,127,1,0,0,0
S,455547,1787674819,0x121,60000,1,1,2,-1,0,0,0,0,0,0,0,0,0,0,0,0,1000000,-6,0,1500000,-6,0,0,0,0,0,0,181,181,0,181
B,455547,0x121,2,64,1000000,-6,0,0,1,0,0,1000000,-6,1000000,-6,1:1
V,455547,0x121,0,1,0,0,0,0,0,0,0,0,0,127,1,0,1,0
V,455547,0x121,1,1,0,0,0,0,0,0,0,0,0,127,1,0,1,0
S,455547,1787674819,0x122,60000,410,82,5,-1,416200,1030,1011000,-3,1030000,-3,1030000,-3,1030000,-3,1030000,-3,1000000,-6,409,5500000,-6,5629000,-3,0,0,-9848572,-3,4059,0,2,5089
B,455547,0x122,0,128,1000000,-6,0,0,409,0,409,1011000,-3,1030000,-3
B,455547,0x122,1,128,1000000,-6,0,0,81,0,81,4208000,-3,5629000,-3
B,455547,0x122,2,64,1000000,-6,0,0,82,0,0,5000000,-6,5000000,-6,5:82
V,455547,0x122,0,410,0,0,4377579,-6,4403828,-6,4391675,-6,1559258,-10,11,1,0,0
V,455547,0x122,1,410,0,0,-4046875,-5,-1406250,-6,-1383384,-5,7812500,-7,11,1,0,0
V,455547,0x122,2,410,0,0,-2718750,-5,-5312500,-6,-1375724,-5,1562500,-7,6,1,0,0
V,455547,0x122,3,410,0,0,2210000,-4,2225000,-4,2217683,-4,5000000,-7,132,1,0,0
V,455547,0x122,4,410,0,0,2230000,-4,2230000,-4,2230000,-4,0,127,410,0,0,0
S,455547,1787674819,0x130,60000,0,0,0,-1,0,0,0,0,0,0,0,0,0,0,0,0,1000000,-6,0,0,0,0,0,0,0,0,0,0,0,0,-1
S,455547,1787674819,0x131,60000,0,0,0,-1,0,0,0,0,0,0,0,0,0,0,0,0,1000000,-6,0,0,0,0,0,0,0,0,0,0,0,0,-1
S,455547,1787674819,0x140,60000,1,1,1,-1,0,0,0,0,0,0,0,0,0,0,0,0,1000000,-6,0,1500000,-6,0,0,0,0,0,0,177,177,0,177
B,455547,0x140,2,64,1000000,-6,0,0,1,0,0,1000000,-6,1000000,-6,1:1
V,455547,0x140,0,1,0,1,1401299,-51,1401299,-51,1401299,-51,0,127,1,0,1,0
S,455547,1787674819,0x150,60000,410,82,2,-1,416402,1230,1011000,-3,1230000,-3,1230000,-3,1230000,-3,1230000,-3,1000000,-6,409,5500000,-6,5614000,-3,0,0,-9843748,-3,4059,0,2,5086
B,455547,0x150,0,128,1000000,-6,0,0,409,0,409,1011000,-3,1230000,-3
B,455547,0x150,1,128,1000000,-6,0,0,81,0,81,4437000,-3,5614000,-3
B,455547,0x150,2,64,1000000,-6,0,0,82,0,0,5000000,-6,5000000,-6,5:82
V,455547,0x150,0,410,0,0,0,0,0,0,0,0,0,127,410,0,0,0
V,455547,0x150,1,410,0,0,0,0,0,0,0,0,0,127,410,0,1,0
S,515547,1787674879,0x10,60000,23750,2470,3,-1,479384,45,2000000,-5,2050000,-5,2050000,-5,2150000,-5,4500000,-5,1000000,-6,0,1050000,-5,5000000,-7,0,0,-6384055,-3,3378,337,1,2679
B,515547,0x10,0,128,1000000,-6,0,0,23749,0,0,2000000,-5,4500000,-5,20:21353,21:2290,39:11,40:94,45:1
B,515547,0x10,1,128,1000000,-6,0,0,2469,0,192,0,0,3395000,-3,0:2042,1:163,2:12,16:7,17:18,18:24,19:7,20:3,24:1
B,515547,0x10,2,64,1000000,-6,0,0,2470,0,0,5000000,-6,1000000,-5,5:190,10:2280
V,515547,0x10,0,23750,0,0,-1908237,-6,1831620,-6,-1626001,-7,2394274,-9,5,1,0,0
V,515547,0x10,1,23750,0,0,-2674405,-6,1338400,-6,2679018,-7,2394259,-9,4,1,0,0
V,515547,0x10,2,23750,0,0,6035967,-6,1194025,-5,9746542,-6,2393723,-9,4,1,0,0
S,515547,1787674879,0x11,60000,23750,2470,3,-1,479359,40,2000000,-5,2050000,-5,2050000,-5,2150000,-5,4000000,-5,1000000,-6,0,1050000,-5,5000000,-7,0,0,-6367488,-3,3332,299,1,2678
B,515547,0x11,0,128,1000000,-6,0,0,23749,0,0,2000000,-5,4000000,-5,20:21354,21:2290,39:11,40:94
B,515547,0x11,1,128,1000000,-6,0,0,2469,0,212,0,0,3066000,-3,0:2013,1:135,2:72,3:1,16:1,17:10,18:10,19:9,20:3,23:1,27:1,52:1
B,515547,0x11,2,64,1000000,-6,0,0,2470,0,0,5000000,-6,1000000,-5,5:190,10:2280
V,515547,0x11,0,7,23743,7,1401299,-51,1071993,-48,2354182,-49,1541428,-50,5,1,16,1
V,515547,0x11,1,23745,5,23745,2662467,-50,7833259,-49,1569454,-49,1401299,-51,4,1,16,1
V,515547,0x11,2,23750,0,23750,3532674,-48,6988275,-48,5704687,-48,1401299,-51,4,1,16,1
S,515547,1787674879,0x20,60000,11730,1219,3,-1,477233,2655,3900000,-5,4050000,-5,4050000,-5,4150000,-5,2655000,-3,1000000,-6,3,1050000,-5,5000000,-7,0,0,-1060511,-2,5731,723,1,5773
B,515547,0x20,0,128,1000000,-6,0,0,11729,0,3,3900000,-5,2655000,-3,39:11,40:9468,41:2243,42:4
B,515547,0x20,1,128,1000000,-6,0,0,1218,0,94,0,0,5449000,-3,0:998,1:95,16:8,17:9,18:10,19:4
B,515547,0x20,2,64,1000000,-6,0,0,1219,0,0,5000000,-6,1000000,-5,5:92,10:1127
V,515547,0x20,0,11730,0,0,-2746666,-6,1648000,-6,-5694707,-7,6103701,-8,6,1,0,0
V,515547,0x20,1,11730,0,0,-2197333,-6,3540147,-6,-1811493,-7,6103701,-8,6,1,0,0
V,515547,0x20,2,11730,0,0,-3723258,-6,7324443,-7,2481548,-8,6103701,-8,7,1,0,0
S,515547,1787674879,0x21,60000,11875,1235,3,-1,477233,42,3900000,-5,4050000,-5,4050000,-5,4150000,-5,4200000,-5,1000000,-6,0,1050000,-5,5000000,-7,0,0,-1064150,-2,5730,705,1,5772
B,515547,0x21,0,128,1000000,-6,0,0,11874,0,0,3900000,-5,4200000,-5,39:11,40:9583,41:2276,42:4
B,515547,0x21,1,128,1000000,-6,0,0,1234,0,112,0,0,5107000,-3,0:1085,1:22,17:6,18:4,19:1,20:1,21:1,25:1,47:1
B,515547,0x21,2,64,1000000,-6,0,0,1235,0,0,5000000,-6,1000000,-5,5:95,10:1140
V,515547,0x21,0,14,11861,13,0,0,3783505,-50,1401299,-50,1401299,-51,6,1,16,1
V,515547,0x21,1,1119,10756,392,0,0,8127532,-50,1401299,-51,1401299,-51,6,1,16,1
V,515547,0x21,2,8001,3874,5836,0,0,1681558,-50,2802597,-51,1401299,-51,7,1,16,1
S,515547,1787674879,0x41,60000,470,94,2,-1,477339,1105,1011000,-3,1105000,-3,1105000,-3,1105000,-3,1105000,-3,1000000,-6,469,5500000,-6,5629000,-3,0,0,-8576320,-3,4059,0,2,5107
B,515547,0x41,0,128,1000000,-6,0,0,469,0,469,1011000,-3,1105000,-3
B,515547,0x41,1,128,1000000,-6,0,0,93,0,93,4208000,-3,5629000,-3
B,515547,0x41,2,64,1000000,-6,0,0,94,0,0,5000000,-6,5000000,-6,5:94
V,515547,0x41,0,470,0,0,0,0,0,0,0,0,0,127,470,0,0,0
V,515547,0x41,1,470,0,0,0,0,0,0,0,0,0,127,470,0,0,0
S,515547,1787674879,0x42,60000,1,1,2,-1,0,0,0,0,0,0,0,0,0,0,0,0,1000000,-6,0,1500000,-6,0,0,0,0,0,0,198,198,0,198
B,515547,0x42,2,64,1000000,-6,0,0,1,0,0,1000000,-6,1000000,-6,1:1
V,515547,0x42,0,1,0,0,6100000,-5,6100000,-5,6100000,-5,0,127,1,0,0,0
V,515547,0x42,1,1,0,0,5400000,-5,5400000,-5,5400000,-5,0,127,1,0,0,0
S,515547,1787674879,0x43,60000,470,94,7,-1,477339,1105,1011000,-3,1105000,-3,1105000,-3,1105000,-3,1105000,-3,1000000,-6,469,5500000,-6,5629000,-3,0,0,-8576320,-3,4060,1,2,5107
B,515547,0x43,0,128,1000000,-6,0,0,469,0,469,1011000,-3,1105000,-3
B,515547,0x43,1,128,1000000,-6,0,0,93,0,93,4209000,-3,5629000,-3
B,515547,0x43,2,64,1000000,-6,0,0,94,0,0,5000000,-6,5000000,-6,5:94
V,515547,0x43,0,470,0,0,0,0,0,0,0,0,0,127,470,0,0,0
V,515547,0x43,1,470,0,0,0,0,0,0,0,0,0,127,470,0,0,0
V,515547,0x43,2,470,0,0,1000000,-6,1000000,-6,1000000,-6,0,127,470,0,0,0
V,515547,0x43,3,470,0,0,0,0,0,0,0,0,0,127,470,0,0,0
V,515547,0x43,4,470,0,0,0,0,0,0,0,0,0,127,470,0,0,0
V,515547,0x43,5,470,0,0,0,0,0,0,0,0,0,127,470,0,0,0
V,515547,0x43,6,470,0,0,0,0,0,0,0,0,0,127,470,0,0,0
S,515547,1787674879,0x50,60000,0,0,0,-1,0,0,0,0,0,0,0,0,0,0,0,0,1000000,-6,0,0,0,0,0,0,0,0,0,0,0,0,-1
S,515547,1787674879,0x51,60000,1,1,1,-1,0,0,0,0,0,0,0,0,0,0,0,0,1000000,-6,0,1500000,-6,0,0,0,0,0,0,197,197,0,197
B,515547,0x51,2,64,1000000,-6,0,0,1,0,0,1000000,-6,1000000,-6,1:1
V,515547,0x51,0,1,0,0,0,0,0,0,0,0,0,127,1,0,1,0
S,515547,1787674879,0x52,60000,1,1,1,-1,0,0,0,0,0,0,0,0,0,0,0,0,1000000,-6,0,1500000,-6,0,0,0,0,0,0,197,197,0,197
B,515547,0x52,2,64,1000000,-6,0,0,1,0,0,1000000,-6,1000000,-6,1:1
V,515547,0x52,0,1,0,1,2270104,-49,2270104,-49,2270104,-49,0,127,1,0,1,0
S,515547,1787674879,0x53,60000,465,93,2,-1,477339,6126,1011000,-3,6126000,-3,6126000,-3,6126000,-3,6126000,-3,1000000,-6,464,5500000,-6,1000500,-2,0,0,-8576320,-3,4059,0,2,5104
B,515547,0x53,0,128,1000000,-6,0,0,464,0,464,1011000,-3,6126000,-3
B,515547,0x53,1,128,1000000,-6,0,0,92,0,92,4209000,-3,1000500,-2
B,515547,0x53,2,64,1000000,-6,0,0,93,0,0,5000000,-6,5000000,-6,5:93
V,515547,0x53,0,465,0,0,0,0,0,0,0,0,0,127,465,0,0,0
V,515547,0x53,1,465,0,0,0,0,0,0,0,0,0,127,465,0,1,0
S,515547,1787674879,0x60,60000,1,1,2,-1,0,0,0,0,0,0,0,0,0,0,0,0,1000000,-6,0,1500000,-6,0,0,0,0,0,0,194,194,0,194
B,515547,0x60,2,64,1000000,-6,0,0,1,0,0,1000000,-6,1000000,-6,1:1
V,515547,0x60,0,1,0,0,0,0,0,0,0,0,0,127,1,0,1,0
V,515547,0x60,1,1,0,0,0,0,0,0,0,0,0,127,1,0,1,0
S,515547,1787674879,0x61,60000,1,1,2,-1,0,0,0,0,0,0,0,0,0,0,0,0,1000000,-6,0,1500000,-6,0,0,0,0,0,0,194,194,0,194
B,515547,0x61,2,64,1000000,-6,0,0,1,0,0,1000000,-6,1000000,-6,1:1
V,515547,0x61,0,1,0,0,0,0,0,0,0,0,0,127,1,0,1,0
V,515547,0x61,1,1,0,0,0,0,0,0,0,0,0,127,1,0,1,0
S,515547,1787674879,0x70,60000,2300,138,1,-1,478360,10586,2020000,-4,1058600,-2,1058600,-2,1058600,-2,1058600,-2,1000000,-6,2299,1750000,-5,5000000,-7,0,0,-2162812,-2,10127,0,2,10352
B,515547,0x70,0,128,1000000,-6,0,0,2299,0,2299,2020000,-4,1058600,-2
B,515547,0x70,1,128,1000000,-6,0,0,137,0,45,0,0,2058600,-2,0:85,1:4,17:1,18:1,24:1
B,515547,0x70,2,64,1000000,-6,0,0,138,0,0,1600000,-5,1700000,-5,16:46,17:92
V,515547,0x70,0,2300,0,0,2977000,-5,3078000,-5,3023266,-5,9998322,-9,33,1,0,0
S,515547,1787674879,0x80,60000,2339,187,2,-1,478360,2657,2020000,-4,2657000,-3,2657000,-3,2657000,-3,2657000,-3,1000000,-6,2338,1350000,-5,5000000,-7,0,0,-2125734,-2,9957,0,2,10182
B,515547,0x80,0,128,1000000,-6,0,0,2338,0,2338,2020000,-4,2657000,-3
B,515547,0x80,1,128,1000000,-6,0,0,186,0,49,0,0,1048200,-2,0:128,1:3,16:1,17:2,18:2,20:1
B,515547,0x80,2,64,1000000,-6,0,0,187,0,0,1100000,-5,1300000,-5,11:46,13:141
V,515547,0x80,0,2339,0,0,1000770,-1,1001210,-1,1001024,-1,1000000,-6,6,1,0,0
V,515547,0x80,1,2339,0,0,1014423,-1,1014423,-1,1014423,-1,0,127,2339,0,0,0
S,515547,1787674879,0x90,60000,2300,138,1,-1,478360,10586,2020000,-4,1058600,-2,1058600,-2,1058600,-2,1058600,-2,1000000,-6,2299,1750000,-5,1500000,-6,0,0,-2162594,-2,10127,1,2,10351
B,515547,0x90,0,128,1000000,-6,0,0,2299,0,2299,2020000,-4,1058600,-2
B,515547,0x90,1,128,1000000,-6,0,0,137,0,46,0,0,2058500,-2,0:67,1:23,19:1
B,515547,0x90,2,64,1000000,-6,0,0,138,0,0,1600000,-5,1700000,-5,16:46,17:92
V,515547,0x90,0,2300,0,0,1008704,-4,1039938,-4,1022802,-4,2288819,-11,1,1,0,0
S,515547,1787674879,0xa0,60000,0,0,0,-1,0,0,0,0,0,0,0,0,0,0,0,0,1000000,-6,0,0,0,0,0,0,0,0,0,0,0,0,-1
S,515547,1787674879,0xb0,60000,1,1,1,-1,0,0,0,0,0,0,0,0,0,0,0,0,1000000,-6,0,1500000,-6,0,0,0,0,0,0,190,190,0,190
B,515547,0xb0,2,64,1000000,-6,0,0,1,0,0,1000000,-6,1000000,-6,1:1
V,515547,0xb0,0,1,0,0,0,0,0,0,0,0,0,127,1,0,1,0
S,515547,1787674879,0xc0,60000,1,1,2,-1,0,0,0,0,0,0,0,0,0,0,0,0,1000000,-6,0,1500000,-6,0,0,0,0,0,0,189,189,0,189
B,515547,0xc0,2,64,1000000,-6,0,0,1,0,0,1000000,-6,1000000,-6,1:1
V,515547,0xc0,0,1,0,0,0,0,0,0,0,0,0,127,1,0,1,0
V,515547,0xc0,1,1,0,0,0,0,0,0,0,0,0,127,1,0,1,0
S,515547,1787674879,0xe0,60000,1,1,1,-1,0,0,0,0,0,0,0,0,0,0,0,0,1000000,-6,0,1500000,-6,0,0,0,0,0,0,189,189,0,189
B,515547,0xe0,2,64,1000000,-6,0,0,1,0,0,1000000,-6,1000000,-6,1:1
V,515547,0xe0,0,1,0,0,0,0,0,0,0,0,0,127,1,0,1,0
S,515547,1787674879,0xe1,60000,1,1,1,-1,0,0,0,0,0,0,0,0,0,0,0,0,1000000,-6,0,1500000,-6,0,0,0,0,0,0,189,189,0,188
B,515547,0xe1,2,64,1000000,-6,0,0,1,0,0,1000000,-6,1000000,-6,1:1
V,515547,0xe1,0,1,0,0,0,0,0,0,0,0,0,127,1,0,1,0
S,515547,1787674879,0x110,60000,465,93,5,-1,477542,6317,1011000,-3,6317000,-3,6317000,-3,6317000,-3,6317000,-3,1000000,-6,464,5500000,-6,1040600,-2,0,0,-8570512,-3,4059,1,2,5092
B,515547,0x110,0,128,1000000,-6,0,0,464,0,464,1011000,-3,6317000,-3
B,515547,0x110,1,128,1000000,-6,0,0,92,0,92,4437000,-3,1040600,-2
B,515547,0x110,2,64,1000000,-6,0,0,93,0,0,5000000,-6,5000000,-6,5:93
V,515547,0x110,0,465,0,0,0,0,0,0,0,0,0,127,465,0,0,0
V,515547,0x110,1,465,0,0,0,0,0,0,0,0,0,127,465,0,1,0
V,515547,0x110,2,465,0,0,0,0,0,0,0,0,0,127,465,0,0,0
V,515547,0x110,3,465,0,0,0,0,0,0,0,0,0,127,465,0,0,0
V,515547,0x110,4,465,0,0,0,0,0,0,0,0,0,127,465,0,0,0
S,515547,1787674879,0x111,60000,465,93,3,-1,477542,6317,1011000,-3,6317000,-3,6317000,-3,6317000,-3,6317000,-3,1000000,-6,464,5500000,-6,1040600,-2,0,0,-8570512,-3,4059,1,2,5091
B,515547,0x111,0,128,1000000,-6,0,0,464,0,464,1011000,-3,6317000,-3
B,515547,0x111,1,128,1000000,-6,0,0,92,0,92,4437000,-3,1040600,-2
B,515547,0x111,2,64,1000000,-6,0,0,93,0,0,5000000,-6,5000000,-6,5:93
V,515547,0x111,0,465,0,0,0,0,0,0,0,0,0,127,465,0,0,0
V,515547,0x111,1,465,0,0,0,0,0,0,0,0,0,127,465,0,1,0
V,515547,0x111,2,465,0,0,0,0,0,0,0,0,0,127,465,0,1,0
S,515547,1787674879,0x112,60000,470,94,1,-1,477542,1226,1011000,-3,1226000,-3,1226000,-3,1226000,-3,1226000,-3,1000000,-6,469,5500000,-6,5628000,-3,0,0,-8570512,-3,4059,1,2,5090
B,515547,0x112,0,128,1000000,-6,0,0,469,0,469,1011000,-3,1226000,-3
B,515547,0x112,1,128,1000000,-6,0,0,93,0,93,4437000,-3,5628000,-3
B,515547,0x112,2,64,1000000,-6,0,0,94,0,0,5000000,-6,5000000,-6,5:94
V,515547,0x112,0,470,0,0,0,0,0,0,0,0,0,127,470,0,0,0
S,515547,1787674879,0x120,60000,2,2,1,-1,474704,474704,4747040,-1,4747040,-1,4747040,-1,4747040,-1,4747040,-1,1000000,-6,1,1500000,-6,4745240,-1,0,0,-3793275,-4,181,1,0,181
B,515547,0x120,0,128,1000000,-6,0,0,1,0,1,4747040,-1,4747040,-1
B,515547,0x120,1,128,1000000,-6,0,0,1,0,1,4745240,-1,4745240,-1
B,515547,0x120,2,64,1000000,-6,0,0,2,0,0,1000000,-6,1000000,-6,1:2
V,515547,0x120,0,2,0,0,9899610,-5,9997266,-5,9948438,-5,9765626,-7,1,1,0,0
S,515547,1787674879,0x121,60000,1,1,2,-1,0,0,0,0,0,0,0,0,0,0,0,0,1000000,-6,0,1500000,-6,0,0,0,0,0,0,181,181,0,181
B,515547,0x121,2,64,1000000,-6,0,0,1,0,0,1000000,-6,1000000,-6,1:1
V,515547,0x121,0,1,0,0,0,0,0,0,0,0,0,127,1,0,1,0
V,515547,0x121,1,1,0,0,0,0,0,0,0,0,0,127,1,0,1,0
S,515547,1787674879,0x122,60000,470,94,5,-1,477339,1105,1011000,-3,1105000,-3,1105000,-3,1105000,-3,1105000,-3,1000000,-6,469,5500000,-6,5629000,-3,0,0,-8576320,-3,4059,0,2,5089
B,515547,0x122,0,128,1000000,-6,0,0,469,0,469,1011000,-3,1105000,-3
B,515547,0x122,1,128,1000000,-6,0,0,93,0,93,4208000,-3,5629000,-3
B,515547,0x122,2,64,1000000,-6,0,0,94,0,0,5000000,-6,5000000,-6,5:94
V,515547,0x122,0,470,0,0,4367031,-6,4403828,-6,4390758,-6,1559258,-10,11,1,0,0
V,515547,0x122,1,470,0,0,-5296875,-5,-1406250,-6,-1436071,-5,7812500,-7,11,1,0,0
V,515547,0x122,2,470,0,0,-3406250,-5,-5312500,-6,-1435672,-5,1562500,-7,6,1,0,0
V,515547,0x122,3,470,0,0,2205000,-4,2225000,-4,2216202,-4,5000000,-7,132,1,0,0
V,515547,0x122,4,470,0,0,2230000,-4,2230000,-4,2230000,-4,0,127,470,0,0,0
S,515547,1787674879,0x130,60000,0,0,0,-1,0,0,0,0,0,0,0,0,0,0,0,0,1000000,-6,0,0,0,0,0,0,0,0,0,0,0,0,-1
S,515547,1787674879,0x131,60000,0,0,0,-1,0,0,0,0,0,0,0,0,0,0,0,0,1000000,-6,0,0,0,0,0,0,0,0,0,0,0,0,-1
S,515547,1787674879,0x140,60000,1,1,1,-1,0,0,0,0,0,0,0,0,0,0,0,0,1000000,-6,0,1500000,-6,0,0,0,0,0,0,177,177,0,177
B,515547,0x140,2,64,1000000,-6,0,0,1,0,0,1000000,-6,1000000,-6,1:1
V,515547,0x140,0,1,0,1,1401299,-51,1401299,-51,1401299,-51,0,127,1,0,1,0
S,515547,1787674879,0x150,60000,470,94,2,-1,477542,1230,1011000,-3,1230000,-3,1230000,-3,1230000,-3,1230000,-3,1000000,-6,469,5500000,-6,5614000,-3,0,0,-8572642,-3,4059,0,2,5086
B,515547,0x150,0,128,1000000,-6,0,0,469,0,469,1011000,-3,1230000,-3
B,515547,0x150,1,128,1000000,-6,0,0,93,0,93,4437000,-3,5614000,-3
B,515547,0x150,2,64,1000000,-6,0,0,94,0,0,5000000,-6,5000000,-6,5:94
V,515547,0x150,0,470,0,0,0,0,0,0,0,0,0,127,470,0,0,0
V,515547,0x150,1,470,0,0,0,0,0,0,0,0,0,127,470,0,1,0
S,575547,1787674939,0x10,60000,26750,2782,3,-1,539672,45,2000000,-5,2050000,-5,2050000,-5,2150000,-5,4500000,-5,1000000,-6,0,1050000,-5,5000000,-7,0,0,-5798036,-3,3378,267,1,2679
B,575547,0x10,0,128,1000000,-6,0,0,26749,0,0,2000000,-5,4500000,-5,20:24065,21:2578,39:11,40:94,45:1
B,575547,0x10,1,128,1000000,-6,0,0,2781,0,217,0,0,3395000,-3,0:2297,1:186,2:12,16:8,17:21,18:28,19:8,20:3,24:1
B,575547,0x10,2,64,1000000,-6,0,0,2782,0,0,5000000,-6,1000000,-5,5:214,10:2568
V,575547,0x10,0,26750,0,0,-1908237,-6,1831620,-6,-1629566,-7,2394274,-9,5,1,0,0
V,575547,0x10,1,26750,0,0,-2674405,-6,1338400,-6,2681761,-7,2394259,-9,4,1,0,0
V,575547,0x10,2,26750,0,0,6035967,-6,1194025,-5,9746668,-6,2393723,-9,4,1,0,0
S,575547,1787674939,0x11,60000,26750,2782,3,-1,539647,40,2000000,-5,2050000,-5,2050000,-5,2150000,-5,4000000,-5,1000000,-6,0,1050000,-5,5000000,-7,0,0,-5751443,-3,3332,246,1,2678
B,575547,0x11,0,128,1000000,-6,0,0,26749,0,0,2000000,-5,4000000,-5,20:24066,21:2578,39:11,40:94
B,575547,0x11,1,128,1000000,-6,0,0,2781,0,238,0,0,3066000,-3,0:2271,1:151,2:80,3:1,16:1,17:14,18:10,19:9,20:3,23:1,27:1,52:1
B,575547,0x11,2,64,1000000,-6,0,0,2782,0,0,5000000,-6,1000000,-5,5:214,10:2568
V,575547,0x11,0,7,26743,7,1401299,-51,1071993,-48,2354182,-49,1541428,-50,5,1,16,1
V,575547,0x11,1,26745,5,26745,2662467,-50,7833259,-49,1569454,-49,1401299,-51,4,1,16,1
V,575547,0x11,2,26750,0,26750,3532674,-48,6988275,-48,5704687,-48,1401299,-51,4,1,16,1
S,575547,1787674939,0x20,60000,13230,1375,3,-1,537519,2655,3900000,-5,4050000,-5,4050000,-5,4150000,-5,2655000,-3,1000000,-6,3,1050000,-5,5000000,-7,0,0,-9501182,-3,5731,672,1,5773
B,575547,0x20,0,128,1000000,-6,0,0,13229,0,3,3900000,-5,2655000,-3,39:11,40:10682,41:2529,42:4
B,575547,0x20,1,128,1000000,-6,0,0,1374,0,106,0,0,5449000,-3,0:1127,1:107,16:8,17:11,18:10,19:4,28:1
B,575547,0x20,2,64,1000000,-6,0,0,1375,0,0,5000000,-6,1000000,-5,5:104,10:1271
V,575547,0x20,0,13230,0,0,-2746666,-6,1648000,-6,-5689361,-7,6103701,-8,6,1,0,0
V,575547,0x20,1,13230,0,0,-2197333,-6,3540147,-6,-1804121,-7,6103701,-8,6,1,0,0
V,575547,0x20,2,13230,0,0,-3723258,-6,7324443,-7,2569275,-8,6103701,-8,7,1,0,0
S,575547,1787674939,0x21,60000,13375,1391,3,-1,537519,42,3900000,-5,4050000,-5,4050000,-5,4150000,-5,4200000,-5,1000000,-6,0,1050000,-5,5000000,-7,0,0,-9533414,-3,5730,654,1,5772
B,575547,0x21,0,128,1000000,-6,0,0,13374,0,0,3900000,-5,4200000,-5,39:11,40:10797,41:2562,42:4
B,575547,0x21,1,128,1000000,-6,0,0,1390,0,129,0,0,5107000,-3,0:1223,1:23,17:6,18:4,19:1,20:1,21:1,25:1,47:1
B,575547,0x21,2,64,1000000,-6,0,0,1391,0,0,5000000,-6,1000000,-5,5:107,10:1284
V,575547,0x21,0,14,13361,13,0,0,3783505,-50,1401299,-50,1401299,-51,6,1,16,1
V,575547,0x21,1,1254,12121,436,0,0,8127532,-50,1401299,-51,1401299,-51,6,1,16,1
V,575547,0x21,2,9034,4341,6585,0,0,1681558,-50,2802597,-51,1401299,-51,7,1,16,1
S,575547,1787674939,0x41,60000,530,106,2,-1,538393,1105,1011000,-3,1105000,-3,1105000,-3,1105000,-3,1105000,-3,1000000,-6,529,5500000,-6,5629000,-3,0,0,-7596373,-3,4059,0,2,5107
B,575547,0x41,0,128,1000000,-6,0,0,529,0,529,1011000,-3,1105000,-3
B,575547,0x41,1,128,1000000,-6,0,0,105,0,105,4208000,-3,5629000,-3
B,575547,0x41,2,64,1000000,-6,0,0,106,0,0,5000000,-6,5000000,-6,5:106
V,575547,0x41,0,530,0,0,0,0,0,0,0,0,0,127,530,0,0,0
V,575547,0x41,1,530,0,0,0,0,0,0,0,0,0,127,530,0,0,0
S,575547,1787674939,0x42,60000,1,1,2,-1,0,0,0,0,0,0,0,0,0,0,0,0,1000000,-6,0,1500000,-6,0,0,0,0,0,0,198,198,0,198
B,575547,0x42,2,64,1000000,-6,0,0,1,0,0,1000000,-6,1000000,-6,1:1
V,575547,0x42,0,1,0,0,6100000,-5,6100000,-5,6100000,-5,0,127,1,0,0,0
V,575547,0x42,1,1,0,0,5400000,-5,5400000,-5,5400000,-5,0,127,1,0,0,0
S,575547,1787674939,0x43,60000,530,106,7,-1,538393,1105,1011000,-3,1105000,-3,1105000,-3,1105000,-3,1105000,-3,1000000,-6,529,5500000,-6,5629000,-3,0,0,-7596373,-3,4060,1,2,5107
B,575547,0x43,0,128,1000000,-6,0,0,529,0,529,1011000,-3,1105000,-3
B,575547,0x43,1,128,1000000,-6,0,0,105,0,105,4209000,-3,5629000,-3
B,575547,0x43,2,64,1000000,-6,0,0,106,0,0,5000000,-6,5000000,-6,5:106
V,575547,0x43,0,530,0,0,0,0,0,0,0,0,0,127,530,0,0,0
V,575547,0x43,1,530,0,0,0,0,0,0,0,0,0,127,530,0,0,0
V,575547,0x43,2,530,0,0,1000000,-6,1000000,-6,1000000,-6,0,127,530,0,0,0
V,575547,0x43,3,530,0,0,0,0,0,0,0,0,0,127,530,0,0,0
V,575547,0x43,4,530,0,0,0,0,0,0,0,0,0,127,530,0,0,0
V,575547,0x43,5,530,0,0,0,0,0,0,0,0,0,127,530,0,0,0
V,575547,0x43,6,530,0,0,0,0,0,0,0,0,0,127,530,0,0,0
S,575547,1787674939,0x50,60000,0,0,0,-1,0,0,0,0,0,0,0,0,0,0,0,0,1000000,-6,0,0,0,0,0,0,0,0,0,0,0,0,-1
S,575547,1787674939,0x51,60000,1,1,1,-1,0,0,0,0,0,0,0,0,0,0,0,0,1000000,-6,0,1500000,-6,0,0,0,0,0,0,197,197,0,197
B,575547,0x51,2,64,1000000,-6,0,0,1,0,0,1000000,-6,1000000,-6,1:1
V,575547,0x51,0,1,0,0,0,0,0,0,0,0,0,127,1,0,1,0
S,575547,1787674939,0x52,60000,1,1,1,-1,0,0,0,0,0,0,0,0,0,0,0,0,1000000,-6,0,1500000,-6,0,0,0,0,0,0,197,197,0,197
B,575547,0x52,2,64,1000000,-6,0,0,1,0,0,1000000,-6,1000000,-6,1:1
V,575547,0x52,0,1,0,1,2270104,-49,2270104,-49,2270104,-49,0,127,1,0,1,0
S,575547,1787674939,0x53,60000,525,105,2,-1,538393,6126,1011000,-3,6126000,-3,6126000,-3,6126000,-3,6126000,-3,1000000,-6,524,5500000,-6,1000500,-2,0,0,-7596373,-3,4059,0,2,5104
B,575547,0x53,0,128,1000000,-6,0,0,524,0,524,1011000,-3,6126000,-3
B,575547,0x53,1,128,1000000,-6,0,0,104,0,104,4209000,-3,1000500,-2
B,575547,0x53,2,64,1000000,-6,0,0,105,0,0,5000000,-6,5000000,-6,5:105
V,575547,0x53,0,525,0,0,0,0,0,0,0,0,0,127,525,0,0,0
V,575547,0x53,1,525,0,0,0,0,0,0,0,0,0,127,525,0,1,0
S,575547,1787674939,0x60,60000,1,1,2,-1,0,0,0,0,0,0,0,0,0,0,0,0,1000000,-6,0,1500000,-6,0,0,0,0,0,0,194,194,0,194
B,575547,0x60,2,64,1000000,-6,0,0,1,0,0,1000000,-6,1000000,-6,1:1
V,575547,0x60,0,1,0,0,0,0,0,0,0,0,0,127,1,0,1,0
V,575547,0x60,1,1,0,0,0,0,0,0,0,0,0,127,1,0,1,0
S,575547,1787674939,0x61,60000,1,1,2,-1,0,0,0,0,0,0,0,0,0,0,0,0,1000000,-6,0,1500000,-6,0,0,0,0,0,0,194,194,0,194
B,575547,0x61,2,64,1000000,-6,0,0,1,0,0,1000000,-6,1000000,-6,1:1
V,575547,0x61,0,1,0,0,0,0,0,0,0,0,0,127,1,0,1,0
V,575547,0x61,1,1,0,0,0,0,0,0,0,0,0,127,1,0,1,0
S,575547,1787674939,0x70,60000,2600,156,1,-1,539413,10586,2020000,-4,1058600,-2,1058600,-2,1058600,-2,1058600,-2,1000000,-6,2599,1750000,-5,5000000,-7,0,0,-1909866,-2,10127,18,2,10352
B,575547,0x70,0,128,1000000,-6,0,0,2599,0,2599,2020000,-4,1058600,-2
B,575547,0x70,1,128,1000000,-6,0,0,155,0,51,0,0,2058600,-2,0:96,1:4,17:1,18:2,24:1
B,575547,0x70,2,64,1000000,-6,0,0,156,0,0,1600000,-5,1700000,-5,16:52,17:104
V,575547,0x70,0,2600,0,0,2970000,-5,3078000,-5,3017936,-5,9998322,-9,33,1,0,0
S,575547,1787674939,0x80,60000,2639,211,2,-1,539413,2657,2020000,-4,2657000,-3,2657000,-3,2657000,-3,2657000,-3,1000000,-6,2638,1350000,-5,5000000,-7,0,0,-1880610,-2,9957,0,2,10182
B,575547,0x80,0,128,1000000,-6,0,0,2638,0,2638,2020000,-4,2657000,-3
B,575547,0x80,1,128,1000000,-6,0,0,210,0,55,0,0,1048200,-2,0:146,1:3,16:1,17:2,18:2,20:1
B,575547,0x80,2,64,1000000,-6,0,0,211,0,0,1100000,-5,1300000,-5,11:52,13:159
V,575547,0x80,0,2639,0,0,1000710,-1,1001210,-1,1001011,-1,1000000,-6,6,1,0,0
V,575547,0x80,1,2639,0,0,1014423,-1,1014423,-1,1014423,-1,0,127,2639,0,0,0
S,575547,1787674939,0x90,60000,2600,156,1,-1,539413,10586,2020000,-4,1058600,-2,1058600,-2,1058600,-2,1058600,-2,1000000,-6,2599,1750000,-5,1500000,-6,0,0,-1909866,-2,10127,18,2,10351
B,575547,0x90,0,128,1000000,-6,0,0,2599,0,2599,2020000,-4,1058600,-2
B,575547,0x90,1,128,1000000,-6,0,0,155,0,52,0,0,2058500,-2,0:75,1:26,18:1,19:1
B,575547,0x90,2,64,1000000,-6,0,0,156,0,0,1600000,-5,1700000,-5,16:52,17:104
V,575547,0x90,0,2600,0,0,1008704,-4,1043808,-4,1023921,-4,2288819,-11,1,1,0,0
S,575547,1787674939,0xa0,60000,0,0,0,-1,0,0,0,0,0,0,0,0,0,0,0,0,1000000,-6,0,0,0,0,0,0,0,0,0,0,0,0,-1
S,575547,1787674939,0xb0,60000,1,1,1,-1,0,0,0,0,0,0,0,0,0,0,0,0,1000000,-6,0,1500000,-6,0,0,0,0,0,0,190,190,0,190
B,575547,0xb0,2,64,1000000,-6,0,0,1,0,0,1000000,-6,1000000,-6,1:1
V,575547,0xb0,0,1,0,0,0,0,0,0,0,0,0,127,1,0,1,0
S,575547,1787674939,0xc0,60000,1,1,2,-1,0,0,0,0,0,0,0,0,0,0,0,0,1000000,-6,0,1500000,-6,0,0,0,0,0,0,189,189,0,189
B,575547,0xc0,2,64,1000000,-6,0,0,1,0,0,1000000,-6,1000000,-6,1:1
V,575547,0xc0,0,1,0,0,0,0,0,0,0,0,0,127,1,0,1,0
V,575547,0xc0,1,1,0,0,0,0,0,0,0,0,0,127,1,0,1,0
S,575547,1787674939,0xe0,60000,1,1,1,-1,0,0,0,0,0,0,0,0,0,0,0,0,1000000,-6,0,1500000,-6,0,0,0,0,0,0,189,189,0,189
B,575547,0xe0,2,64,1000000,-6,0,0,1,0,0,1000000,-6,1000000,-6,1:1
V,575547,0xe0,0,1,0,0,0,0,0,0,0,0,0,127,1,0,1,0
S,575547,1787674939,0xe1,60000,1,1,1,-1,0,0,0,0,0,0,0,0,0,0,0,0,1000000,-6,0,1500000,-6,0,0,0,0,0,0,189,189,0,188
B,575547,0xe1,2,64,1000000,-6,0,0,1,0,0,1000000,-6,1000000,-6,1:1
V,575547,0xe1,0,1,0,0,0,0,0,0,0,0,0,127,1,0,1,0
S,575547,1787674939,0x110,60000,525,105,5,-1,538595,6317,1011000,-3,6317000,-3,6317000,-3,6317000,-3,6317000,-3,1000000,-6,524,5500000,-6,1040600,-2,0,0,-7559573,-3,4059,18,2,5092
B,575547,0x110,0,128,1000000,-6,0,0,524,0,524,1011000,-3,6317000,-3
B,575547,0x110,1,128,1000000,-6,0,0,104,0,104,4437000,-3,1040600,-2
B,575547,0x110,2,64,1000000,-6,0,0,105,0,0,5000000,-6,5000000,-6,5:105
V,575547,0x110,0,525,0,0,0,0,0,0,0,0,0,127,525,0,0,0
V,575547,0x110,1,525,0,0,0,0,0,0,0,0,0,127,525,0,1,0
V,575547,0x110,2,525,0,0,0,0,0,0,0,0,0,127,525,0,0,0
V,575547,0x110,3,525,0,0,0,0,0,0,0,0,0,127,525,0,0,0
V,575547,0x110,4,525,0,0,0,0,0,0,0,0,0,127,525,0,0,0
S,575547,1787674939,0x111,60000,525,105,3,-1,538595,6317,1011000,-3,6317000,-3,6317000,-3,6317000,-3,6317000,-3,1000000,-6,524,5500000,-6,1040600,-2,0,0,-7559573,-3,4059,18,2,5091
B,575547,0x111,0,128,1000000,-6,0,0,524,0,524,1011000,-3,6317000,-3
B,575547,0x111,1,128,1000000,-6,0,0,104,0,104,4437000,-3,1040600,-2
B,575547,0x111,2,64,1000000,-6,0,0,105,0,0,5000000,-6,5000000,-6,5:105
V,575547,0x111,0,525,0,0,0,0,0,0,0,0,0,127,525,0,0,0
V,575547,0x111,1,525,0,0,0,0,0,0,0,0,0,127,525,0,1,0
V,575547,0x111,2,525,0,0,0,0,0,0,0,0,0,127,525,0,1,0
S,575547,1787674939,0x112,60000,530,106,1,-1,538595,1226,1011000,-3,1226000,-3,1226000,-3,1226000,-3,1226000,-3,1000000,-6,529,5500000,-6,5628000,-3,0,0,-7559573,-3,4059,18,2,5090
B,575547,0x112,0,128,1000000,-6,0,0,529,0,529,1011000,-3,1226000,-3
B,575547,0x112,1,128,1000000,-6,0,0,105,0,105,4437000,-3,5628000,-3
B,575547,0x112,2,64,1000000,-6,0,0,106,0,0,5000000,-6,5000000,-6,5:106
V,575547,0x112,0,530,0,0,0,0,0,0,0,0,0,127,530,0,0,0
S,575547,1787674939,0x120,60000,2,2,1,-1,474704,474704,4747040,-1,4747040,-1,4747040,-1,4747040,-1,4747040,-1,1000000,-6,1,1500000,-6,4745240,-1,0,0,-3793275,-4,181,1,0,181
B,575547,0x120,0,128,1000000,-6,0,0,1,0,1,4747040,-1,4747040,-1
B,575547,0x120,1,128,1000000,-6,0,0,1,0,1,4745240,-1,4745240,-1
B,575547,0x120,2,64,1000000,-6,0,0,2,0,0,1000000,-6,1000000,-6,1:2
V,575547,0x120,0,2,0,0,9899610,-5,9997266,-5,9948438,-5,9765626,-7,1,1,0,0
S,575547,1787674939,0x121,60000,1,1,2,-1,0,0,0,0,0,0,0,0,0,0,0,0,1000000,-6,0,1500000,-6,0,0,0,0,0,0,181,181,0,181
B,575547,0x121,2,64,1000000,-6,0,0,1,0,0,1000000,-6,1000000,-6,1:1
V,575547,0x121,0,1,0,0,0,0,0,0,0,0,0,127,1,0,1,0
V,575547,0x121,1,1,0,0,0,0,0,0,0,0,0,127,1,0,1,0
S,575547,1787674939,0x122,60000,530,106,5,-1,538393,1105,1011000,-3,1105000,-3,1105000,-3,1105000,-3,1105000,-3,1000000,-6,529,5500000,-6,5629000,-3,0,0,-7596373,-3,4059,0,2,5089
B,575547,0x122,0,128,1000000,-6,0,0,529,0,529,1011000,-3,1105000,-3
B,575547,0x122,1,128,1000000,-6,0,0,105,0,105,4208000,-3,5629000,-3
B,575547,0x122,2,64,1000000,-6,0,0,106,0,0,5000000,-6,5000000,-6,5:106
V,575547,0x122,0,530,0,0,4365937,-6,4403828,-6,4390061,-6,1559258,-10,11,1,0,0
V,575547,0x122,1,530,0,0,-5421875,-5,-1406250,-6,-1441745,-5,7812500,-7,11,1,0,0
V,575547,0x122,2,530,0,0,-3406250,-5,-5312500,-6,-1446403,-5,1562500,-7,11,1,0,0
V,575547,0x122,3,530,0,0,2200000,-4,2225000,-4,2214868,-4,5000000,-7,132,1,0,0
V,575547,0x122,4,530,0,0,2230000,-4,2230000,-4,2230000,-4,0,127,530,0,0,0
S,575547,1787674939,0x130,60000,0,0,0,-1,0,0,0,0,0,0,0,0,0,0,0,0,1000000,-6,0,0,0,0,0,0,0,0,0,0,0,0,-1
S,575547,1787674939,0x131,60000,0,0,0,-1,0,0,0,0,0,0,0,0,0,0,0,0,1000000,-6,0,0,0,0,0,0,0,0,0,0,0,0,-1
S,575547,1787674939,0x140,60000,1,1,1,-1,0,0,0,0,0,0,0,0,0,0,0,0,1000000,-6,0,1500000,-6,0,0,0,0,0,0,177,177,0,177
B,575547,0x140,2,64,1000000,-6,0,0,1,0,0,1000000,-6,1000000,-6,1:1
V,575547,0x140,0,1,0,1,1401299,-51,1401299,-51,1401299,-51,0,127,1,0,1,0
S,575547,1787674939,0x150,60000,530,106,2,-1,538595,1230,1011000,-3,1230000,-3,1230000,-3,1230000,-3,1230000,-3,1000000,-6,529,5500000,-6,5614000,-3,0,0,-7561458,-3,4059,17,2,5086
B,575547,0x150,0,128,1000000,-6,0,0,529,0,529,1011000,-3,1230000,-3
B,575547,0x150,1,128,1000000,-6,0,0,105,0,105,4437000,-3,5614000,-3
B,575547,0x150,2,64,1000000,-6,0,0,106,0,0,5000000,-6,5000000,-6,5:106
V,575547,0x150,0,530,0,0,0,0,0,0,0,0,0,127,530,0,0,0
V,575547,0x150,1,530,0,0,0,0,0,0,0,0,0,127,530,0,1,0
S,635550,1787674999,0x10,60003,29750,3094,3,-1,599958,45,2000000,-5,2050000,-5,2050000,-5,2150000,-5,4500000,-5,1000000,-6,0,1050000,-5,5000000,-7,0,0,-4996860,-3,3378,395,1,2679
B,635550,0x10,0,128,1000000,-6,0,0,29749,0,0,2000000,-5,4500000,-5,20:26779,21:2864,39:11,40:94,45:1
B,635550,0x10,1,128,1000000,-6,0,0,3093,0,243,0,0,3395000,-3,0:2557,1:202,2:15,16:8,17:24,18:31,19:8,20:3,24:2
B,635550,0x10,2,64,1000000,-6,0,0,3094,0,0,5000000,-6,1000000,-5,5:238,10:2856
V,635550,0x10,0,29750,0,0,-1908237,-6,1831620,-6,-1631618,-7,2394274,-9,5,1,0,0
V,635550,0x10,1,29750,0,0,-2674405,-6,1338400,-6,2683214,-7,2394259,-9,4,1,0,0
V,635550,0x10,2,29750,0,0,6035967,-6,1194025,-5,9746686,-6,2393723,-9,4,1,0,0
S,635550,1787674999,0x11,60003,29750,3094,3,-1,599934,40,2000000,-5,2050000,-5,2050000,-5,2150000,-5,4000000,-5,1000000,-6,0,1050000,-5,5000000,-7,0,0,-4958340,-3,3332,372,1,2678
B,635550,0x11,0,128,1000000,-6,0,0,29749,0,0,2000000,-5,4000000,-5,20:26779,21:2865,39:11,40:94
B,635550,0x11,1,128,1000000,-6,0,0,3093,0,263,0,0,3066000,-3,0:2527,1:166,2:88,3:4,16:1,17:15,18:12,19:10,20:4,23:1,27:1,52:1
B,635550,0x11,2,64,1000000,-6,0,0,3094,0,0,5000000,-6,1000000,-5,5:238,10:2856
V,635550,0x11,0,7,29743,7,1401299,-51,1071993,-48,2354182,-49,1541428,-50,5,1,16,1
V,635550,0x11,1,29745,5,29745,2662467,-50,7833259,-49,1569454,-49,1401299,-51,4,1,16,1
V,635550,0x11,2,29750,0,29750,3532674,-48,6988275,-48,5704687,-48,1401299,-51,4,1,16,1
S,635550,1787674999,0x20,60003,14730,1531,3,-1,597806,2655,3900000,-5,4050000,-5,4050000,-5,4150000,-5,2655000,-3,1000000,-6,3,1050000,-5,5000000,-7,0,0,-8317099,-3,5731,800,1,5773
B,635550,0x20,0,128,1000000,-6,0,0,14729,0,3,3900000,-5,2655000,-3,39:11,40:11895,41:2816,42:4
B,635550,0x20,1,128,1000000,-6,0,0,1530,0,118,0,0,5449000,-3,0:1257,1:119,16:9,17:11,18:10,19:4,27:1,28:1
B,635550,0x20,2,64,1000000,-6,0,0,1531,0,0,5000000,-6,1000000,-5,5:116,10:1415
V,635550,0x20,0,14730,0,0,-2746666,-6,1648000,-6,-5671844,-7,6103701,-8,6,1,0,0
V,635550,0x20,1,14730,0,0,-2197333,-6,3540147,-6,-1804094,-7,6103701,-8,6,1,0,0
V,635550,0x20,2,14730,0,0,-3723258,-6,7324443,-7,2629606,-8,6103701,-8,7,1,0,0
S,635550,1787674999,0x21,60003,14875,1547,3,-1,597806,42,3900000,-5,4050000,-5,4050000,-5,4150000,-5,4200000,-5,1000000,-6,0,1050000,-5,5000000,-7,0,0,-8344311,-3,5730,783,1,5772
B,635550,0x21,0,128,1000000,-6,0,0,14874,0,0,3900000,-5,4200000,-5,39:11,40:12010,41:2849,42:4
B,635550,0x21,1,128,1000000,-6,0,0,1546,0,144,0,0,5107000,-3,0:1362,1:24,17:7,18:4,19:1,20:1,21:1,25:1,47:1
B,635550,0x21,2,64,1000000,-6,0,0,1547,0,0,5000000,-6,1000000,-5,5:119,10:1428
V,635550,0x21,0,14,14861,13,0,0,3783505,-50,1401299,-50,1401299,-51,6,1,16,1
V,635550,0x21,1,1386,13489,481,0,0,8127532,-50,1401299,-51,1401299,-51,6,1,16,1
V,635550,0x21,2,10074,4801,7341,0,0,1681558,-50,2802597,-51,1401299,-51,7,1,16,1
S,635550,1787674999,0x41,60003,585,117,2,-1,594330,1105,1011000,-3,1105000,-3,1105000,-3,1105000,-3,1105000,-3,1000000,-6,584,5500000,-6,5629000,-3,0,0,-6876503,-3,4059,0,2,5107
B,635550,0x41,0,128,1000000,-6,0,0,584,0,584,1011000,-3,1105000,-3
B,635550,0x41,1,128,1000000,-6,0,0,116,0,116,4208000,-3,5629000,-3
B,635550,0x41,2,64,1000000,-6,0,0,117,0,0,5000000,-6,5000000,-6,5:117
V,635550,0x41,0,585,0,0,0,0,0,0,0,0,0,127,585,0,0,0
V,635550,0x41,1,585,0,0,0,0,0,0,0,0,0,127,585,0,0,0
S,635550,1787674999,0x42,60003,1,1,2,-1,0,0,0,0,0,0,0,0,0,0,0,0,1000000,-6,0,1500000,-6,0,0,0,0,0,0,198,198,0,198
B,635550,0x42,2,64,1000000,-6,0,0,1,0,0,1000000,-6,1000000,-6,1:1
V,635550,0x42,0,1,0,0,6100000,-5,6100000,-5,6100000,-5,0,127,1,0,0,0
V,635550,0x42,1,1,0,0,5400000,-5,5400000,-5,5400000,-5,0,127,1,0,0,0
S,635550,1787674999,0x43,60003,585,117,7,-1,594330,1105,1011000,-3,1105000,-3,1105000,-3,1105000,-3,1105000,-3,1000000,-6,584,5500000,-6,5629000,-3,0,0,-6876503,-3,4060,1,2,5107
B,635550,0x43,0,128,1000000,-6,0,0,584,0,584,1011000,-3,1105000,-3
B,635550,0x43,1,128,1000000,-6,0,0,116,0,116,4209000,-3,5629000,-3
B,635550,0x43,2,64,1000000,-6,0,0,117,0,0,5000000,-6,5000000,-6,5:117
V,635550,0x43,0,585,0,0,0,0,0,0,0,0,0,127,585,0,0,0
V,635550,0x43,1,585,0,0,0,0,0,0,0,0,0,127,585,0,0,0
V,635550,0x43,2,585,0,0,1000000,-6,1000000,-6,1000000,-6,0,127,585,0,0,0
V,635550,0x43,3,585,0,0,0,0,0,0,0,0,0,127,585,0,0,0
V,635550,0x43,4,585,0,0,0,0,0,0,0,0,0,127,585,0,0,0
V,635550,0x43,5,585,0,0,0,0,0,0,0,0,0,127,585,0,0,0
V,635550,0x43,6,585,0,0,0,0,0,0,0,0,0,127,585,0,0,0
S,635550,1787674999,0x50,60003,0,0,0,-1,0,0,0,0,0,0,0,0,0,0,0,0,1000000,-6,0,0,0,0,0,0,0,0,0,0,0,0,-1
S,635550,1787674999,0x51,60003,1,1,1,-1,0,0,0,0,0,0,0,0,0,0,0,0,1000000,-6,0,1500000,-6,0,0,0,0,0,0,197,197,0,197
B,635550,0x51,2,64,1000000,-6,0,0,1,0,0,1000000,-6,1000000,-6,1:1
V,635550,0x51,0,1,0,0,0,0,0,0,0,0,0,127,1,0,1,0
S,635550,1787674999,0x52,60003,1,1,1,-1,0,0,0,0,0,0,0,0,0,0,0,0,1000000,-6,0,1500000,-6,0,0,0,0,0,0,197,197,0,197
B,635550,0x52,2,64,1000000,-6,0,0,1,0,0,1000000,-6,1000000,-6,1:1
V,635550,0x52,0,1,0,1,2270104,-49,2270104,-49,2270104,-49,0,127,1,0,1,0
S,635550,1787674999,0x53,60003,580,116,2,-1,594330,6126,1011000,-3,6126000,-3,6126000,-3,6126000,-3,6126000,-3,1000000,-6,579,5500000,-6,1000500,-2,0,0,-6876503,-3,4059,0,2,5104
B,635550,0x53,0,128,1000000,-6,0,0,579,0,579,1011000,-3,6126000,-3
B,635550,0x53,1,128,1000000,-6,0,0,115,0,115,4209000,-3,1000500,-2
B,635550,0x53,2,64,1000000,-6,0,0,116,0,0,5000000,-6,5000000,-6,5:116
V,635550,0x53,0,580,0,0,0,0,0,0,0,0,0,127,580,0,0,0
V,635550,0x53,1,580,0,0,0,0,0,0,0,0,0,127,580,0,1,0
S,635550,1787674999,0x60,60003,1,1,2,-1,0,0,0,0,0,0,0,0,0,0,0,0,1000000,-6,0,1500000,-6,0,0,0,0,0,0,194,194,0,194
B,635550,0x60,2,64,1000000,-6,0,0,1,0,0,1000000,-6,1000000,-6,1:1
V,635550,0x60,0,1,0,0,0,0,0,0,0,0,0,127,1,0,1,0
V,635550,0x60,1,1,0,0,0,0,0,0,0,0,0,127,1,0,1,0
S,635550,1787674999,0x61,60003,1,1,2,-1,0,0,0,0,0,0,0,0,0,0,0,0,1000000,-6,0,1500000,-6,0,0,0,0,0,0,194,194,0,194
B,635550,0x61,2,64,1000000,-6,0,0,1,0,0,1000000,-6,1000000,-6,1:1
V,635550,0x61,0,1,0,0,0,0,0,0,0,0,0,127,1,0,1,0
V,635550,0x61,1,1,0,0,0,0,0,0,0,0,0,127,1,0,1,0
S,635550,1787674999,0x70,60003,2850,171,1,-1,590270,10586,2020000,-4,1058600,-2,1058600,-2,1058600,-2,1058600,-2,1000000,-6,2849,1750000,-5,5000000,-7,0,0,-1745604,-2,10127,0,2,10352
B,635550,0x70,0,128,1000000,-6,0,0,2849,0,2849,2020000,-4,1058600,-2
B,635550,0x70,1,128,1000000,-6,0,0,170,0,56,0,0,2058600,-2,0:106,1:4,17:1,18:2,24:1
B,635550,0x70,2,64,1000000,-6,0,0,171,0,0,1600000,-5,1700000,-5,16:57,17:114
V,635550,0x70,0,2850,0,0,2959000,-5,3078000,-5,3013790,-5,9998322,-9,35,1,0,0
S,635550,1787674999,0x80,60003,2889,231,2,-1,590270,2657,2020000,-4,2657000,-3,2657000,-3,2657000,-3,2657000,-3,1000000,-6,2888,1350000,-5,5000000,-7,0,0,-1715798,-2,9957,0,2,10182
B,635550,0x80,0,128,1000000,-6,0,0,2888,0,2888,2020000,-4,2657000,-3
B,635550,0x80,1,128,1000000,-6,0,0,230,0,60,0,0,1048200,-2,0:161,1:3,16:1,17:2,18:2,20:1
B,635550,0x80,2,64,1000000,-6,0,0,231,0,0,1100000,-5,1300000,-5,11:57,13:174
V,635550,0x80,0,2889,0,0,1000670,-1,1001210,-1,1001000,-1,1000000,-6,6,1,0,0
V,635550,0x80,1,2889,0,0,1014423,-1,1014423,-1,1014423,-1,0,127,2889,0,0,0
S,635550,1787674999,0x90,60003,2850,171,1,-1,590270,10586,2020000,-4,1058600,-2,1058600,-2,1058600,-2,1058600,-2,1000000,-6,2849,1750000,-5,1500000,-6,0,0,-1745429,-2,10127,1,2,10351
B,635550,0x90,0,128,1000000,-6,0,0,2849,0,2849,2020000,-4,1058600,-2
B,635550,0x90,1,128,1000000,-6,0,0,170,0,57,0,0,2058500,-2,0:80,1:31,18:1,19:1
B,635550,0x90,2,64,1000000,-6,0,0,171,0,0,1600000,-5,1700000,-5,16:57,17:114
V,635550,0x90,0,2850,0,0,1008704,-4,1047361,-4,1024868,-4,2288819,-11,1,1,0,0
S,635550,1787674999,0xa0,60003,0,0,0,-1,0,0,0,0,0,0,0,0,0,0,0,0,1000000,-6,0,0,0,0,0,0,0,0,0,0,0,0,-1
S,635550,1787674999,0xb0,60003,1,1,1,-1,0,0,0,0,0,0,0,0,0,0,0,0,1000000,-6,0,1500000,-6,0,0,0,0,0,0,190,190,0,190
B,635550,0xb0,2,64,1000000,-6,0,0,1,0,0,1000000,-6,1000000,-6,1:1
V,635550,0xb0,0,1,0,0,0,0,0,0,0,0,0,127,1,0,1,0
S,635550,1787674999,0xc0,60003,1,1,2,-1,0,0,0,0,0,0,0,0,0,0,0,0,1000000,-6,0,1500000,-6,0,0,0,0,0,0,189,189,0,189
B,635550,0xc0,2,64,1000000,-6,0,0,1,0,0,1000000,-6,1000000,-6,1:1
V,635550,0xc0,0,1,0,0,0,0,0,0,0,0,0,127,1,0,1,0
V,635550,0xc0,1,1,0,0,0,0,0,0,0,0,0,127,1,0,1,0
S,635550,1787674999,0xe0,60003,1,1,1,-1,0,0,0,0,0,0,0,0,0,0,0,0,1000000,-6,0,1500000,-6,0,0,0,0,0,0,189,189,0,189
B,635550,0xe0,2,64,1000000,-6,0,0,1,0,0,1000000,-6,1000000,-6,1:1
V,635550,0xe0,0,1,0,0,0,0,0,0,0,0,0,127,1,0,1,0
S,635550,1787674999,0xe1,60003,1,1,1,-1,0,0,0,0,0,0,0,0,0,0,0,0,1000000,-6,0,1500000,-6,0,0,0,0,0,0,189,189,0,188
B,635550,0xe1,2,64,1000000,-6,0,0,1,0,0,1000000,-6,1000000,-6,1:1
V,635550,0xe1,0,1,0,0,0,0,0,0,0,0,0,127,1,0,1,0
S,635550,1787674999,0x110,60003,580,116,5,-1,594533,6317,1011000,-3,6317000,-3,6317000,-3,6317000,-3,6317000,-3,1000000,-6,579,5500000,-6,1040600,-2,0,0,-6874139,-3,4059,0,2,5092
B,635550,0x110,0,128,1000000,-6,0,0,579,0,579,1011000,-3,6317000,-3
B,635550,0x110,1,128,1000000,-6,0,0,115,0,115,4437000,-3,1040600,-2
B,635550,0x110,2,64,1000000,-6,0,0,116,0,0,5000000,-6,5000000,-6,5:116
V,635550,0x110,0,580,0,0,0,0,0,0,0,0,0,127,580,0,0,0
V,635550,0x110,1,580,0,0,0,0,0,0,0,0,0,127,580,0,1,0
V,635550,0x110,2,580,0,0,0,0,0,0,0,0,0,127,580,0,0,0
V,635550,0x110,3,580,0,0,0,0,0,0,0,0,0,127,580,0,0,0
V,635550,0x110,4,580,0,0,0,0,0,0,0,0,0,127,580,0,0,0
S,635550,1787674999,0x111,60003,580,116,3,-1,594533,6317,1011000,-3,6317000,-3,6317000,-3,6317000,-3,6317000,-3,1000000,-6,579,5500000,-6,1040600,-2,0,0,-6874139,-3,4059,0,2,5091
B,635550,0x111,0,128,1000000,-6,0,0,579,0,579,1011000,-3,6317000,-3
B,635550,0x111,1,128,1000000,-6,0,0,115,0,115,4437000,-3,1040600,-2
B,635550,0x111,2,64,1000000,-6,0,0,116,0,0,5000000,-6,5000000,-6,5:116
V,635550,0x111,0,580,0,0,0,0,0,0,0,0,0,127,580,0,0,0
V,635550,0x111,1,580,0,0,0,0,0,0,0,0,0,127,580,0,1,0
V,635550,0x111,2,580,0,0,0,0,0,0,0,0,0,127,580,0,1,0
S,635550,1787674999,0x112,60003,585,117,1,-1,594533,1226,1011000,-3,1226000,-3,1226000,-3,1226000,-3,1226000,-3,1000000,-6,584,5500000,-6,5628000,-3,0,0,-6874139,-3,4059,0,2,5090
B,635550,0x112,0,128,1000000,-6,0,0,584,0,584,1011000,-3,1226000,-3
B,635550,0x112,1,128,1000000,-6,0,0,116,0,116,4437000,-3,5628000,-3
B,635550,0x112,2,64,1000000,-6,0,0,117,0,0,5000000,-6,5000000,-6,5:117
V,635550,0x112,0,585,0,0,0,0,0,0,0,0,0,127,585,0,0,0
S,635550,1787674999,0x120,60003,2,2,1,-1,474704,474704,4747040,-1,4747040,-1,4747040,-1,4747040,-1,4747040,-1,1000000,-6,1,1500000,-6,4745240,-1,0,0,-3793275,-4,181,1,0,181
B,635550,0x120,0,128,1000000,-6,0,0,1,0,1,4747040,-1,4747040,-1
B,635550,0x120,1,128,1000000,-6,0,0,1,0,1,4745240,-1,4745240,-1
B,635550,0x120,2,64,1000000,-6,0,0,2,0,0,1000000,-6,1000000,-6,1:2
V,635550,0x120,0,2,0,0,9899610,-5,9997266,-5,9948438,-5,9765626,-7,1,1,0,0
S,635550,1787674999,0x121,60003,1,1,2,-1,0,0,0,0,0,0,0,0,0,0,0,0,1000000,-6,0,1500000,-6,0,0,0,0,0,0,181,181,0,181
B,635550,0x121,2,64,1000000,-6,0,0,1,0,0,1000000,-6,1000000,-6,1:1
V,635550,0x121,0,1,0,0,0,0,0,0,0,0,0,127,1,0,1,0
V,635550,0x121,1,1,0,0,0,0,0,0,0,0,0,127,1,0,1,0
S,635550,1787674999,0x122,60003,585,117,5,-1,594330,1105,1011000,-3,1105000,-3,1105000,-3,1105000,-3,1105000,-3,1000000,-6,584,5500000,-6,5629000,-3,0,0,-6876503,-3,4059,0,2,5089
B,635550,0x122,0,128,1000000,-6,0,0,584,0,584,1011000,-3,1105000,-3
B,635550,0x122,1,128,1000000,-6,0,0,116,0,116,4208000,-3,5629000,-3
B,635550,0x122,2,64,1000000,-6,0,0,117,0,0,5000000,-6,5000000,-6,5:117
V,635550,0x122,0,585,0,0,4364844,-6,4403828,-6,4389522,-6,1559258,-10,11,1,0,0
V,635550,0x122,1,585,0,0,-5421875,-5,-1406250,-6,-1438088,-5,7812500,-7,11,1,0,0
V,635550,0x122,2,585,0,0,-3406250,-5,-5312500,-6,-1433627,-5,1562500,-7,11,1,0,0
V,635550,0x122,3,585,0,0,2200000,-4,2225000,-4,2213470,-4,5000000,-7,132,1,0,0
V,635550,0x122,4,585,0,0,2230000,-4,2230000,-4,2230000,-4,0,127,585,0,0,0
S,635550,1787674999,0x130,60003,0,0,0,-1,0,0,0,0,0,0,0,0,0,0,0,0,1000000,-6,0,0,0,0,0,0,0,0,0,0,0,0,-1
S,635550,1787674999,0x131,60003,0,0,0,-1,0,0,0,0,0,0,0,0,0,0,0,0,1000000,-6,0,0,0,0,0,0,0,0,0,0,0,0,-1
S,635550,1787674999,0x140,60003,1,1,1,-1,0,0,0,0,0,0,0,0,0,0,0,0,1000000,-6,0,1500000,-6,0,0,0,0,0,0,177,177,0,177
B,635550,0x140,2,64,1000000,-6,0,0,1,0,0,1000000,-6,1000000,-6,1:1
V,635550,0x140,0,1,0,1,1401299,-51,1401299,-51,1401299,-51,0,127,1,0,1,0
S,635550,1787674999,0x150,60003,585,117,2,-1,594533,1230,1011000,-3,1230000,-3,1230000,-3,1230000,-3,1230000,-3,1000000,-6,584,5500000,-6,5614000,-3,0,0,-6874139,-3,4059,0,2,5086
B,635550,0x150,0,128,1000000,-6,0,0,584,0,584,1011000,-3,1230000,-3
B,635550,0x150,1,128,1000000,-6,0,0,116,0,116,4437000,-3,5614000,-3
B,635550,0x150,2,64,1000000,-6,0,0,117,0,0,5000000,-6,5000000,-6,5:117
V,635550,0x150,0,585,0,0,0,0,0,0,0,0,0,127,585,0,0,0
V,635550,0x150,1,585,0,0,0,0,0,0,0,0,0,127,585,0,1,0
S,695547,1787675059,0x10,59997,32750,3406,3,-1,660243,45,2000000,-5,2050000,-5,2050000,-5,2150000,-5,4500000,-5,1000000,-6,0,1050000,-5,5000000,-7,0,0,-4562994,-3,3378,379,1,2679
B,695547,0x10,0,128,1000000,-6,0,0,32749,0,0,2000000,-5,4500000,-5,20:29494,21:3149,39:11,40:94,45:1
B,695547,0x10,1,128,1000000,-6,0,0,3405,0,269,0,0,3395000,-3,0:2815,1:221,2:17,16:8,17:28,18:33,19:8,20:3,24:3
B,695547,0x10,2,64,1000000,-6,0,0,3406,0,0,5000000,-6,1000000,-5,5:262,10:3144
V,695547,0x10,0,32750,0,0,-1908237,-6,1831620,-6,-1634467,-7,2394274,-9,5,1,0,0
V,695547,0x10,1,32750,0,0,-2674405,-6,1338400,-6,2684767,-7,2394259,-9,4,1,0,0
V,695547,0x10,2,32750,0,0,6035967,-6,1194025,-5,9746630,-6,2393723,-9,4,1,0,0
S,695547,1787675059,0x11,59997,32750,3406,3,-1,660219,40,2000000,-5,2050000,-5,2050000,-5,2150000,-5,4000000,-5,1000000,-6,0,1050000,-5,5000000,-7,0,0,-4555517,-3,3332,338,1,2678
B,695547,0x11,0,128,1000000,-6,0,0,32749,0,0,2000000,-5,4000000,-5,20:29494,21:3150,39:11,40:94
B,695547,0x11,1,128,1000000,-6,0,0,3405,0,290,0,0,3066000,-3,0:2780,1:184,2:94,3:6,16:1,17:19,18:13,19:10,20:4,23:1,25:1,27:1,52:1
B,695547,0x11,2,64,1000000,-6,0,0,3406,0,0,5000000,-6,1000000,-5,5:262,10:3144
V,695547,0x11,0,7,32743,7,1401299,-51,1071993,-48,2354182,-49,1541428,-50,5,1,16,1
V,695547,0x11,1,32744,6,32744,2662467,-50,7833259,-49,1569454,-49,1401299,-51,4,1,16,1
V,695547,0x11,2,32750,0,32750,3532674,-48,6988275,-48,5704687,-48,1401299,-51,4,1,16,1
S,695547,1787675059,0x20,59997,16230,1687,3,-1,658092,2655,3900000,-5,4050000,-5,4050000,-5,4150000,-5,2655000,-3,1000000,-6,3,1050000,-5,5000000,-7,0,0,-7606519,-3,5731,763,1,5773
B,695547,0x20,0,128,1000000,-6,0,0,16229,0,3,3900000,-5,2655000,-3,39:11,40:13109,41:3102,42:4
B,695547,0x20,1,128,1000000,-6,0,0,1686,0,130,0,0,5449000,-3,0:1383,1:134,16:10,17:12,18:11,19:4,27:1,28:1
B,695547,0x20,2,64,1000000,-6,0,0,1687,0,0,5000000,-6,1000000,-5,5:128,10:1559
V,695547,0x20,0,16230,0,0,-3662221,-6,1648000,-6,-5650568,-7,6103701,-8,6,1,0,0
V,695547,0x20,1,16230,0,0,-2197333,-6,3540147,-6,-1797000,-7,6103701,-8,6,1,0,0
V,695547,0x20,2,16230,0,0,-3723258,-6,7324443,-7,2681793,-8,6103701,-8,7,1,0,0
S,695547,1787675059,0x21,59997,16375,1703,3,-1,658092,42,3900000,-5,4050000,-5,4050000,-5,4150000,-5,4200000,-5,1000000,-6,0,1050000,-5,5000000,-7,0,0,-7606519,-3,5730,762,1,5772
B,695547,0x21,0,128,1000000,-6,0,0,16374,0,0,3900000,-5,4200000,-5,39:11,40:13224,41:3135,42:4
B,695547,0x21,1,128,1000000,-6,0,0,1702,0,156,0,0,5107000,-3,0:1503,1:24,17:9,18:5,19:1,20:1,21:1,25:1,47:1
B,695547,0x21,2,64,1000000,-6,0,0,1703,0,0,5000000,-6,1000000,-5,5:131,10:1572
V,695547,0x21,0,16,16359,15,0,0,3783505,-50,1401299,-50,1401299,-51,6,1,16,1
V,695547,0x21,1,1558,14817,556,0,0,8127532,-50,1401299,-51,1401299,-51,6,1,16,1
V,695547,0x21,2,11133,5242,8095,0,0,1681558,-50,2802597,-51,1401299,-51,7,1,16,1
S,695547,1787675059,0x41,59997,645,129,2,-1,655386,1105,1011000,-3,1105000,-3,1105000,-3,1105000,-3,1105000,-3,1000000,-6,644,5500000,-6,5836000,-3,0,0,-6231893,-3,4059,0,2,5107
B,695547,0x41,0,128,1000000,-6,0,0,644,0,644,1011000,-3,1105000,-3
B,695547,0x41,1,128,1000000,-6,0,0,128,0,128,4208000,-3,5836000,-3
B,695547,0x41,2,64,1000000,-6,0,0,129,0,0,5000000,-6,5000000,-6,5:129
V,695547,0x41,0,645,0,0,0,0,0,0,0,0,0,127,645,0,0,0
V,695547,0x41,1,645,0,0,0,0,0,0,0,0,0,127,645,0,0,0
S,695547,1787675059,0x42,59997,1,1,2,-1,0,0,0,0,0,0,0,0,0,0,0,0,1000000,-6,0,1500000,-6,0,0,0,0,0,0,198,198,0,198
B,695547,0x42,2,64,1000000,-6,0,0,1,0,0,1000000,-6,1000000,-6,1:1
V,695547,0x42,0,1,0,0,6100000,-5,6100000,-5,6100000,-5,0,127,1,0,0,0
V,695547,0x42,1,1,0,0,5400000,-5,5400000,-5,5400000,-5,0,127,1,0,0,0
S,695547,1787675059,0x43,59997,645,129,7,-1,655386,1105,1011000,-3,1105000,-3,1105000,-3,1105000,-3,1105000,-3,1000000,-6,644,5500000,-6,5835000,-3,0,0,-6233438,-3,4060,0,2,5107
B,695547,0x43,0,128,1000000,-6,0,0,644,0,644,1011000,-3,1105000,-3
B,695547,0x43,1,128,1000000,-6,0,0,128,0,128,4209000,-3,5835000,-3
B,695547,0x43,2,64,1000000,-6,0,0,129,0,0,5000000,-6,5000000,-6,5:129
V,695547,0x43,0,645,0,0,0,0,0,0,0,0,0,127,645,0,0,0
V,695547,0x43,1,645,0,0,0,0,0,0,0,0,0,127,645,0,0,0
V,695547,0x43,2,645,0,0,1000000,-6,1000000,-6,1000000,-6,0,127,645,0,0,0
V,695547,0x43,3,645,0,0,0,0,0,0,0,0,0,127,645,0,0,0
V,695547,0x43,4,645,0,0,0,0,0,0,0,0,0,127,645,0,0,0
V,695547,0x43,5,645,0,0,0,0,0,0,0,0,0,127,645,0,0,0
V,695547,0x43,6,645,0,0,0,0,0,0,0,0,0,127,645,0,0,0
S,695547,1787675059,0x50,59997,0,0,0,-1,0,0,0,0,0,0,0,0,0,0,0,0,1000000,-6,0,0,0,0,0,0,0,0,0,0,0,0,-1
S,695547,1787675059,0x51,59997,1,1,1,-1,0,0,0,0,0,0,0,0,0,0,0,0,1000000,-6,0,1500000,-6,0,0,0,0,0,0,197,197,0,197
B,695547,0x51,2,64,1000000,-6,0,0,1,0,0,1000000,-6,1000000,-6,1:1
V,695547,0x51,0,1,0,0,0,0,0,0,0,0,0,127,1,0,1,0
S,695547,1787675059,0x52,59997,1,1,1,-1,0,0,0,0,0,0,0,0,0,0,0,0,1000000,-6,0,1500000,-6,0,0,0,0,0,0,197,197,0,197
B,695547,0x52,2,64,1000000,-6,0,0,1,0,0,1000000,-6,1000000,-6,1:1
V,695547,0x52,0,1,0,1,2270104,-49,2270104,-49,2270104,-49,0,127,1,0,1,0
S,695547,1787675059,0x53,59997,640,128,2,-1,655385,6126,1011000,-3,6126000,-3,6126000,-3,6126000,-3,6126000,-3,1000000,-6,639,5500000,-6,1000500,-2,0,0,-6205640,-3,4059,17,2,5104
B,695547,0x53,0,128,1000000,-6,0,0,639,0,639,1011000,-3,6126000,-3
B,695547,0x53,1,128,1000000,-6,0,0,127,0,127,4209000,-3,1000500,-2
B,695547,0x53,2,64,1000000,-6,0,0,128,0,0,5000000,-6,5000000,-6,5:128
V,695547,0x53,0,640,0,0,0,0,0,0,0,0,0,127,640,0,0,0
V,695547,0x53,1,640,0,0,0,0,0,0,0,0,0,127,640,0,1,0
S,695547,1787675059,0x60,59997,1,1,2,-1,0,0,0,0,0,0,0,0,0,0,0,0,1000000,-6,0,1500000,-6,0,0,0,0,0,0,194,194,0,194
B,695547,0x60,2,64,1000000,-6,0,0,1,0,0,1000000,-6,1000000,-6,1:1
V,695547,0x60,0,1,0,0,0,0,0,0,0,0,0,127,1,0,1,0
V,695547,0x60,1,1,0,0,0,0,0,0,0,0,0,127,1,0,1,0
S,695547,1787675059,0x61,59997,1,1,2,-1,0,0,0,0,0,0,0,0,0,0,0,0,1000000,-6,0,1500000,-6,0,0,0,0,0,0,194,194,0,194
B,695547,0x61,2,64,1000000,-6,0,0,1,0,0,1000000,-6,1000000,-6,1:1
V,695547,0x61,0,1,0,0,0,0,0,0,0,0,0,127,1,0,1,0
V,695547,0x61,1,1,0,0,0,0,0,0,0,0,0,127,1,0,1,0
S,695547,1787675059,0x70,59997,3150,189,1,-1,651320,10586,2020000,-4,1058600,-2,1058600,-2,1058600,-2,1058600,-2,1000000,-6,3149,1750000,-5,5000000,-7,0,0,-1579400,-2,10127,0,2,10352
B,695547,0x70,0,128,1000000,-6,0,0,3149,0,3149,2020000,-4,1058600,-2
B,695547,0x70,1,128,1000000,-6,0,0,188,0,62,0,0,2058600,-2,0:118,1:4,17:1,18:2,24:1
B,695547,0x70,2,64,1000000,-6,0,0,189,0,0,1600000,-5,1700000,-5,16:63,17:126
V,695547,0x70,0,3150,0,0,2957000,-5,3078000,-5,3009102,-5,9998322,-9,42,1,0,0
S,695547,1787675059,0x80,59997,3189,255,2,-1,651320,2657,2020000,-4,2657000,-3,2657000,-3,2657000,-3,2657000,-3,1000000,-6,3188,1350000,-5,5000000,-7,0,0,-1552475,-2,9957,0,2,10182
B,695547,0x80,0,128,1000000,-6,0,0,3188,0,3188,2020000,-4,2657000,-3
B,695547,0x80,1,128,1000000,-6,0,0,254,0,66,0,0,1071400,-2,0:179,1:3,16:1,17:2,18:2,20:1
B,695547,0x80,2,64,1000000,-6,0,0,255,0,0,1100000,-5,1300000,-5,11:63,13:192
V,695547,0x80,0,3189,0,0,1000670,-1,1001210,-1,1000987,-1,1000000,-6,6,1,0,0
V,695547,0x80,1,3189,0,0,1014423,-1,1014423,-1,1014423,-1,0,127,3189,0,0,0
S,695547,1787675059,0x90,59997,3150,189,1,-1,651320,10586,2020000,-4,1058600,-2,1058600,-2,1058600,-2,1058600,-2,1000000,-6,3149,1750000,-5,1500000,-6,0,0,-1579241,-2,10127,1,2,10351
B,695547,0x90,0,128,1000000,-6,0,0,3149,0,3149,2020000,-4,1058600,-2
B,695547,0x90,1,128,1000000,-6,0,0,188,0,63,0,0,2058500,-2,0:87,1:36,18:1,19:1
B,695547,0x90,2,64,1000000,-6,0,0,189,0,0,1600000,-5,1700000,-5,16:63,17:126
V,695547,0x90,0,3150,0,0,1008704,-4,1047361,-4,1025976,-4,2288819,-11,1,1,0,0
S,695547,1787675059,0xa0,59997,0,0,0,-1,0,0,0,0,0,0,0,0,0,0,0,0,1000000,-6,0,0,0,0,0,0,0,0,0,0,0,0,-1
S,695547,1787675059,0xb0,59997,1,1,1,-1,0,0,0,0,0,0,0,0,0,0,0,0,1000000,-6,0,1500000,-6,0,0,0,0,0,0,190,190,0,190
B,695547,0xb0,2,64,1000000,-6,0,0,1,0,0,1000000,-6,1000000,-6,1:1
V,695547,0xb0,0,1,0,0,0,0,0,0,0,0,0,127,1,0,1,0
S,695547,1787675059,0xc0,59997,1,1,2,-1,0,0,0,0,0,0,0,0,0,0,0,0,1000000,-6,0,1500000,-6,0,0,0,0,0,0,189,189,0,189
B,695547,0xc0,2,64,1000000,-6,0,0,1,0,0,1000000,-6,1000000,-6,1:1
V,695547,0xc0,0,1,0,0,0,0,0,0,0,0,0,127,1,0,1,0
V,695547,0xc0,1,1,0,0,0,0,0,0,0,0,0,127,1,0,1,0
S,695547,1787675059,0xe0,59997,1,1,1,-1,0,0,0,0,0,0,0,0,0,0,0,0,1000000,-6,0,1500000,-6,0,0,0,0,0,0,189,189,0,189
B,695547,0xe0,2,64,1000000,-6,0,0,1,0,0,1000000,-6,1000000,-6,1:1
V,695547,0xe0,0,1,0,0,0,0,0,0,0,0,0,127,1,0,1,0
S,695547,1787675059,0xe1,59997,1,1,1,-1,0,0,0,0,0,0,0,0,0,0,0,0,1000000,-6,0,1500000,-6,0,0,0,0,0,0,189,189,0,188
B,695547,0xe1,2,64,1000000,-6,0,0,1,0,0,1000000,-6,1000000,-6,1:1
V,695547,0xe1,0,1,0,0,0,0,0,0,0,0,0,127,1,0,1,0
S,695547,1787675059,0x110,59997,640,128,5,-1,655588,6317,1011000,-3,6317000,-3,6317000,-3,6317000,-3,6317000,-3,1000000,-6,639,5500000,-6,1040600,-2,0,0,-6229961,-3,4059,0,2,5092
B,695547,0x110,0,128,1000000,-6,0,0,639,0,639,1011000,-3,6317000,-3
B,695547,0x110,1,128,1000000,-6,0,0,127,0,127,4437000,-3,1040600,-2
B,695547,0x110,2,64,1000000,-6,0,0,128,0,0,5000000,-6,5000000,-6,5:128
V,695547,0x110,0,640,0,0,0,0,0,0,0,0,0,127,640,0,0,0
V,695547,0x110,1,640,0,0,0,0,0,0,0,0,0,127,640,0,1,0
V,695547,0x110,2,640,0,0,0,0,0,0,0,0,0,127,640,0,0,0
V,695547,0x110,3,640,0,0,0,0,0,0,0,0,0,127,640,0,0,0
V,695547,0x110,4,640,0,0,0,0,0,0,0,0,0,127,640,0,0,0
S,695547,1787675059,0x111,59997,640,128,3,-1,655588,6317,1011000,-3,6317000,-3,6317000,-3,6317000,-3,6317000,-3,1000000,-6,639,5500000,-6,1040600,-2,0,0,-6229961,-3,4059,0,2,5091
B,695547,0x111,0,128,1000000,-6,0,0,639,0,639,1011000,-3,6317000,-3
B,695547,0x111,1,128,1000000,-6,0,0,127,0,127,4437000,-3,1040600,-2
B,695547,0x111,2,64,1000000,-6,0,0,128,0,0,5000000,-6,5000000,-6,5:128
V,695547,0x111,0,640,0,0,0,0,0,0,0,0,0,127,640,0,0,0
V,695547,0x111,1,640,0,0,0,0,0,0,0,0,0,127,640,0,1,0
V,695547,0x111,2,640,0,0,0,0,0,0,0,0,0,127,640,0,1,0
S,695547,1787675059,0x112,59997,645,129,1,-1,655588,1226,1011000,-3,1226000,-3,1226000,-3,1226000,-3,1226000,-3,1000000,-6,644,5500000,-6,5633000,-3,0,0,-6229961,-3,4059,0,2,5090
B,695547,0x112,0,128,1000000,-6,0,0,644,0,644,1011000,-3,1226000,-3
B,695547,0x112,1,128,1000000,-6,0,0,128,0,128,4437000,-3,5633000,-3
B,695547,0x112,2,64,1000000,-6,0,0,129,0,0,5000000,-6,5000000,-6,5:129
V,695547,0x112,0,645,0,0,0,0,0,0,0,0,0,127,645,0,0,0
S,695547,1787675059,0x120,59997,2,2,1,-1,474704,474704,4747040,-1,4747040,-1,4747040,-1,4747040,-1,4747040,-1,1000000,-6,1,1500000,-6,4745240,-1,0,0,-3793275,-4,181,1,0,181
B,695547,0x120,0,128,1000000,-6,0,0,1,0,1,4747040,-1,4747040,-1
B,695547,0x120,1,128,1000000,-6,0,0,1,0,1,4745240,-1,4745240,-1
B,695547,0x120,2,64,1000000,-6,0,0,2,0,0,1000000,-6,1000000,-6,1:2
V,695547,0x120,0,2,0,0,9899610,-5,9997266,-5,9948438,-5,9765626,-7,1,1,0,0
S,695547,1787675059,0x121,59997,1,1,2,-1,0,0,0,0,0,0,0,0,0,0,0,0,1000000,-6,0,1500000,-6,0,0,0,0,0,0,181,181,0,181
B,695547,0x121,2,64,1000000,-6,0,0,1,0,0,1000000,-6,1000000,-6,1:1
V,695547,0x121,0,1,0,0,0,0,0,0,0,0,0,127,1,0,1,0
V,695547,0x121,1,1,0,0,0,0,0,0,0,0,0,127,1,0,1,0
S,695547,1787675059,0x122,59997,645,129,5,-1,655386,1105,1011000,-3,1105000,-3,1105000,-3,1105000,-3,1105000,-3,1000000,-6,644,5500000,-6,5836000,-3,0,0,-6231893,-3,4059,0,2,5089
B,695547,0x122,0,128,1000000,-6,0,0,644,0,644,1011000,-3,1105000,-3
B,695547,0x122,1,128,1000000,-6,0,0,128,0,128,4208000,-3,5836000,-3
B,695547,0x122,2,64,1000000,-6,0,0,129,0,0,5000000,-6,5000000,-6,5:129
V,695547,0x122,0,645,0,0,4363360,-6,4403828,-6,4388836,-6,1559258,-10,11,1,0,0
V,695547,0x122,1,645,0,0,-6093750,-5,-1406250,-6,-1478924,-5,7812500,-7,11,1,0,0
V,695547,0x122,2,645,0,0,-3640625,-5,-5312500,-6,-1473425,-5,1562500,-7,11,1,0,0
V,695547,0x122,3,645,0,0,2195000,-4,2225000,-4,2212085,-4,5000000,-7,132,1,0,0
V,695547,0x122,4,645,0,0,2230000,-4,2230000,-4,2230000,-4,0,127,645,0,0,0
S,695547,1787675059,0x130,59997,0,0,0,-1,0,0,0,0,0,0,0,0,0,0,0,0,1000000,-6,0,0,0,0,0,0,0,0,0,0,0,0,-1
S,695547,1787675059,0x131,59997,0,0,0,-1,0,0,0,0,0,0,0,0,0,0,0,0,1000000,-6,0,0,0,0,0,0,0,0,0,0,0,0,-1
S,695547,1787675059,0x140,59997,1,1,1,-1,0,0,0,0,0,0,0,0,0,0,0,0,1000000,-6,0,1500000,-6,0,0,0,0,0,0,177,177,0,177
B,695547,0x140,2,64,1000000,-6,0,0,1,0,0,1000000,-6,1000000,-6,1:1
V,695547,0x140,0,1,0,1,1401299,-51,1401299,-51,1401299,-51,0,127,1,0,1,0
S,695547,1787675059,0x150,59997,645,129,2,-1,655588,1230,1011000,-3,1230000,-3,1230000,-3,1230000,-3,1230000,-3,1000000,-6,644,5500000,-6,5632000,-3,0,0,-6229961,-3,4059,0,2,5086
B,695547,0x150,0,128,1000000,-6,0,0,644,0,644,1011000,-3,1230000,-3
B,695547,0x150,1,128,1000000,-6,0,0,128,0,128,4437000,-3,5632000,-3
B,695547,0x150,2,64,1000000,-6,0,0,129,0,0,5000000,-6,5000000,-6,5:129
V,695547,0x150,0,645,0,0,0,0,0,0,0,0,0,127,645,0,0,0
V,695547,0x150,1,645,0,0,0,0,0,0,0,0,0,127,645,0,1,0
S,755547,1787675119,0x10,60000,35625,3705,3,-1,718020,45,2000000,-5,2050000,-5,2050000,-5,2150000,-5,4500000,-5,1000000,-6,0,1050000,-5,5000000,-7,0,0,-3613186,-3,3378,793,1,2679
B,755547,0x10,0,128,1000000,-6,0,0,35624,0,0,2000000,-5,4500000,-5,20:32092,21:3426,39:11,40:94,45:1
B,755547,0x10,1,128,1000000,-6,0,0,3704,0,295,0,0,3395000,-3,0:3057,1:245,2:19,16:8,17:31,18:34,19:8,20:3,21:1,24:3
B,755547,0x10,2,64,1000000,-6,0,0,3705,0,0,5000000,-6,1000000,-5,5:285,10:3420
V,755547,0x10,0,35625,0,0,-1908237,-6,1831620,-6,-1636952,-7,2394274,-9,5,1,0,0
V,755547,0x10,1,35625,0,0,-2674405,-6,1338400,-6,2687303,-7,2394259,-9,4,1,0,0
V,755547,0x10,2,35625,0,0,6035967,-6,1194025,-5,9746632,-6,2393723,-9,4,1,0,0
S,755547,1787675119,0x11,60000,35625,3705,3,-1,717995,40,2000000,-5,2050000,-5,2050000,-5,2150000,-5,4000000,-5,1000000,-6,0,1050000,-5,5000000,-7,0,0,-3578243,-3,3332,772,1,2678
B,755547,0x11,0,128,1000000,-6,0,0,35624,0,0,2000000,-5,4000000,-5,20:32093,21:3426,39:11,40:94
B,755547,0x11,1,128,1000000,-6,0,0,3704,0,316,0,0,3066000,-3,0:3021,1:201,2:103,3:6,16:1,17:19,18:16,19:12,20:4,23:1,25:1,27:1,33:1,52:1
B,755547,0x11,2,64,1000000,-6,0,0,3705,0,0,5000000,-6,1000000,-5,5:285,10:3420
V,755547,0x11,0,7,35618,7,1401299,-51,1071993,-48,2354182,-49,1541428,-50,5,1,16,1
V,755547,0x11,1,35619,6,35619,2662467,-50,7833259,-49,1569454,-49,1401299,-51,4,1,16,1
V,755547,0x11,2,35625,0,35625,3532674,-48,6988275,-48,5704687,-48,1401299,-51,4,1,16,1
S,755547,1787675119,0x20,60000,17730,1843,3,-1,718379,2655,3900000,-5,4050000,-5,4050000,-5,4150000,-5,2655000,-3,1000000,-6,3,1050000,-5,5000000,-7,0,0,-7015956,-3,5731,726,1,5773
B,755547,0x20,0,128,1000000,-6,0,0,17729,0,3,3900000,-5,2655000,-3,39:11,40:14322,41:3389,42:4
B,755547,0x20,1,128,1000000,-6,0,0,1842,0,142,0,0,5449000,-3,0:1512,1:146,16:11,17:12,18:12,19:5,27:1,28:1
B,755547,0x20,2,64,1000000,-6,0,0,1843,0,0,5000000,-6,1000000,-5,5:140,10:1703
V,755547,0x20,0,17730,0,0,-3662221,-6,1648000,-6,-5630725,-7,6103701,-8,6,1,0,0
V,755547,0x20,1,17730,0,0,-2197333,-6,3540147,-6,-1792347,-7,6103701,-8,6,1,0,0
V,755547,0x20,2,17730,0,0,-3723258,-6,7324443,-7,2732379,-8,6103701,-8,7,1,0,0
S,755547,1787675119,0x21,60000,17875,1859,3,-1,718379,42,3900000,-5,4050000,-5,4050000,-5,4150000,-5,4200000,-5,1000000,-6,0,1050000,-5,5000000,-7,0,0,-7015956,-3,5730,725,1,5772
B,755547,0x21,0,128,1000000,-6,0,0,17874,0,0,3900000,-5,4200000,-5,39:11,40:14437,41:3422,42:4
B,755547,0x21,1,128,1000000,-6,0,0,1858,0,168,0,0,5107000,-3,0:1643,1:25,17:11,18:6,19:1,20:1,21:1,25:1,47:1
B,755547,0x21,2,64,1000000,-6,0,0,1859,0,0,5000000,-6,1000000,-5,5:143,10:1716
V,755547,0x21,0,16,17859,15,0,0,3783505,-50,1401299,-50,1401299,-51,6,1,16,1
V,755547,0x21,1,1714,16161,616,0,0,8127532,-50,1401299,-51,1401299,-51,6,1,16,1
V,755547,0x21,2,12167,5708,8835,0,0,1681558,-50,2802597,-51,1401299,-51,7,1,16,1
S,755547,1787675119,0x41,60000,705,141,2,-1,716448,1105,1011000,-3,1105000,-3,1105000,-3,1105000,-3,1105000,-3,1000000,-6,704,5500000,-6,5836000,-3,0,0,-5697730,-3,4059,0,2,5107
B,755547,0x41,0,128,1000000,-6,0,0,704,0,704,1011000,-3,1105000,-3
B,755547,0x41,1,128,1000000,-6,0,0,140,0,140,4208000,-3,5836000,-3
B,755547,0x41,2,64,1000000,-6,0,0,141,0,0,5000000,-6,5000000,-6,5:141
V,755547,0x41,0,705,0,0,0,0,0,0,0,0,0,127,705,0,0,0
V,755547,0x41,1,705,0,0,0,0,0,0,0,0,0,127,705,0,0,0
S,755547,1787675119,0x42,60000,1,1,2,-1,0,0,0,0,0,0,0,0,0,0,0,0,1000000,-6,0,1500000,-6,0,0,0,0,0,0,198,198,0,198
B,755547,0x42,2,64,1000000,-6,0,0,1,0,0,1000000,-6,1000000,-6,1:1
V,755547,0x42,0,1,0,0,6100000,-5,6100000,-5,6100000,-5,0,127,1,0,0,0
V,755547,0x42,1,1,0,0,5400000,-5,5400000,-5,5400000,-5,0,127,1,0,0,0
S,755547,1787675119,0x43,60000,705,141,7,-1,716448,1105,1011000,-3,1105000,-3,1105000,-3,1105000,-3,1105000,-3,1000000,-6,704,5500000,-6,5835000,-3,0,0,-5697730,-3,4060,1,2,5107
B,755547,0x43,0,128,1000000,-6,0,0,704,0,704,1011000,-3,1105000,-3
B,755547,0x43,1,128,1000000,-6,0,0,140,0,140,4209000,-3,5835000,-3
B,755547,0x43,2,64,1000000,-6,0,0,141,0,0,5000000,-6,5000000,-6,5:141
V,755547,0x43,0,705,0,0,0,0,0,0,0,0,0,127,705,0,0,0
V,755547,0x43,1,705,0,0,0,0,0,0,0,0,0,127,705,0,0,0
V,755547,0x43,2,705,0,0,1000000,-6,1000000,-6,1000000,-6,0,127,705,0,0,0
V,755547,0x43,3,705,0,0,0,0,0,0,0,0,0,127,705,0,0,0
V,755547,0x43,4,705,0,0,0,0,0,0,0,0,0,127,705,0,0,0
V,755547,0x43,5,705,0,0,0,0,0,0,0,0,0,127,705,0,0,0
V,755547,0x43,6,705,0,0,0,0,0,0,0,0,0,127,705,0,0,0
S,755547,1787675119,0x50,60000,0,0,0,-1,0,0,0,0,0,0,0,0,0,0,0,0,1000000,-6,0,0,0,0,0,0,0,0,0,0,0,0,-1
S,755547,1787675119,0x51,60000,1,1,1,-1,0,0,0,0,0,0,0,0,0,0,0,0,1000000,-6,0,1500000,-6,0,0,0,0,0,0,197,197,0,197
B,755547,0x51,2,64,1000000,-6,0,0,1,0,0,1000000,-6,1000000,-6,1:1
V,755547,0x51,0,1,0,0,0,0,0,0,0,0,0,127,1,0,1,0
S,755547,1787675119,0x52,60000,1,1,1,-1,0,0,0,0,0,0,0,0,0,0,0,0,1000000,-6,0,1500000,-6,0,0,0,0,0,0,197,197,0,197
B,755547,0x52,2,64,1000000,-6,0,0,1,0,0,1000000,-6,1000000,-6,1:1
V,755547,0x52,0,1,0,1,2270104,-49,2270104,-49,2270104,-49,0,127,1,0,1,0
S,755547,1787675119,0x53,60000,700,140,2,-1,716448,6126,1011000,-3,6126000,-3,6126000,-3,6126000,-3,6126000,-3,1000000,-6,699,5500000,-6,1000500,-2,0,0,-5484605,-3,4059,151,2,5104
B,755547,0x53,0,128,1000000,-6,0,0,699,0,699,1011000,-3,6126000,-3
B,755547,0x53,1,128,1000000,-6,0,0,139,0,139,4209000,-3,1000500,-2
B,755547,0x53,2,64,1000000,-6,0,0,140,0,0,5000000,-6,5000000,-6,5:140
V,755547,0x53,0,700,0,0,0,0,0,0,0,0,0,127,700,0,0,0
V,755547,0x53,1,700,0,0,0,0,0,0,0,0,0,127,700,0,1,0
S,755547,1787675119,0x60,60000,1,1,2,-1,0,0,0,0,0,0,0,0,0,0,0,0,1000000,-6,0,1500000,-6,0,0,0,0,0,0,194,194,0,194
B,755547,0x60,2,64,1000000,-6,0,0,1,0,0,1000000,-6,1000000,-6,1:1
V,755547,0x60,0,1,0,0,0,0,0,0,0,0,0,127,1,0,1,0
V,755547,0x60,1,1,0,0,0,0,0,0,0,0,0,127,1,0,1,0
S,755547,1787675119,0x61,60000,1,1,2,-1,0,0,0,0,0,0,0,0,0,0,0,0,1000000,-6,0,1500000,-6,0,0,0,0,0,0,194,194,0,194
B,755547,0x61,2,64,1000000,-6,0,0,1,0,0,1000000,-6,1000000,-6,1:1
V,755547,0x61,0,1,0,0,0,0,0,0,0,0,0,127,1,0,1,0
V,755547,0x61,1,1,0,0,0,0,0,0,0,0,0,127,1,0,1,0
S,755547,1787675119,0x70,60000,3450,207,1,-1,712380,10586,2020000,-4,1058600,-2,1058600,-2,1058600,-2,1058600,-2,1000000,-6,3449,1750000,-5,5000000,-7,0,0,-1442073,-2,10127,0,2,10352
B,755547,0x70,0,128,1000000,-6,0,0,3449,0,3449,2020000,-4,1058600,-2
B,755547,0x70,1,128,1000000,-6,0,0,206,0,68,0,0,2058600,-2,0:130,1:4,17:1,18:2,24:1
B,755547,0x70,2,64,1000000,-6,0,0,207,0,0,1600000,-5,1700000,-5,16:69,17:138
V,755547,0x70,0,3450,0,0,2949000,-5,3078000,-5,3004682,-5,9998322,-9,42,1,0,0
S,755547,1787675119,0x80,60000,3489,279,2,-1,712380,2657,2020000,-4,2657000,-3,2657000,-3,2657000,-3,2657000,-3,1000000,-6,3488,1350000,-5,5000000,-7,0,0,-1417522,-2,9957,0,2,10182
B,755547,0x80,0,128,1000000,-6,0,0,3488,0,3488,2020000,-4,2657000,-3
B,755547,0x80,1,128,1000000,-6,0,0,278,0,72,0,0,1071400,-2,0:197,1:3,16:1,17:2,18:2,20:1
B,755547,0x80,2,64,1000000,-6,0,0,279,0,0,1100000,-5,1300000,-5,11:69,13:210
V,755547,0x80,0,3489,0,0,1000640,-1,1001210,-1,1000974,-1,1000000,-6,6,1,0,0
V,755547,0x80,1,3489,0,0,1014423,-1,1014423,-1,1014423,-1,0,127,3489,0,0,0
S,755547,1787675119,0x90,60000,3450,207,1,-1,712380,10586,2020000,-4,1058600,-2,1058600,-2,1058600,-2,1058600,-2,1000000,-6,3449,1750000,-5,1500000,-6,0,0,-1441929,-2,10127,1,2,10351
B,755547,0x90,0,128,1000000,-6,0,0,3449,0,3449,2020000,-4,1058600,-2
B,755547,0x90,1,128,1000000,-6,0,0,206,0,69,0,0,2058500,-2,0:93,1:42,18:1,19:1
B,755547,0x90,2,64,1000000,-6,0,0,207,0,0,1600000,-5,1700000,-5,16:69,17:138
V,755547,0x90,0,3450,0,0,1008704,-4,1050641,-4,1027034,-4,2288819,-11,1,1,0,0
S,755547,1787675119,0xa0,60000,0,0,0,-1,0,0,0,0,0,0,0,0,0,0,0,0,1000000,-6,0,0,0,0,0,0,0,0,0,0,0,0,-1
S,755547,1787675119,0xb0,60000,1,1,1,-1,0,0,0,0,0,0,0,0,0,0,0,0,1000000,-6,0,1500000,-6,0,0,0,0,0,0,190,190,0,190
B,755547,0xb0,2,64,1000000,-6,0,0,1,0,0,1000000,-6,1000000,-6,1:1
V,755547,0xb0,0,1,0,0,0,0,0,0,0,0,0,127,1,0,1,0
S,755547,1787675119,0xc0,60000,1,1,2,-1,0,0,0,0,0,0,0,0,0,0,0,0,1000000,-6,0,1500000,-6,0,0,0,0,0,0,189,189,0,189
B,755547,0xc0,2,64,1000000,-6,0,0,1,0,0,1000000,-6,1000000,-6,1:1
V,755547,0xc0,0,1,0,0,0,0,0,0,0,0,0,127,1,0,1,0
V,755547,0xc0,1,1,0,0,0,0,0,0,0,0,0,127,1,0,1,0
S,755547,1787675119,0xe0,60000,1,1,1,-1,0,0,0,0,0,0,0,0,0,0,0,0,1000000,-6,0,1500000,-6,0,0,0,0,0,0,189,189,0,189
B,755547,0xe0,2,64,1000000,-6,0,0,1,0,0,1000000,-6,1000000,-6,1:1
V,755547,0xe0,0,1,0,0,0,0,0,0,0,0,0,127,1,0,1,0
S,755547,1787675119,0xe1,60000,1,1,1,-1,0,0,0,0,0,0,0,0,0,0,0,0,1000000,-6,0,1500000,-6,0,0,0,0,0,0,189,189,0,188
B,755547,0xe1,2,64,1000000,-6,0,0,1,0,0,1000000,-6,1000000,-6,1:1
V,755547,0xe1,0,1,0,0,0,0,0,0,0,0,0,127,1,0,1,0
S,755547,1787675119,0x110,60000,700,140,5,-1,716651,6317,1011000,-3,6317000,-3,6317000,-3,6317000,-3,6317000,-3,1000000,-6,699,5500000,-6,1040600,-2,0,0,-5696107,-3,4059,0,2,5092
B,755547,0x110,0,128,1000000,-6,0,0,699,0,699,1011000,-3,6317000,-3
B,755547,0x110,1,128,1000000,-6,0,0,139,0,139,4437000,-3,1040600,-2
B,755547,0x110,2,64,1000000,-6,0,0,140,0,0,5000000,-6,5000000,-6,5:140
V,755547,0x110,0,700,0,0,0,0,0,0,0,0,0,127,700,0,0,0
V,755547,0x110,1,700,0,0,0,0,0,0,0,0,0,127,700,0,1,0
V,755547,0x110,2,700,0,0,0,0,0,0,0,0,0,127,700,0,0,0
V,755547,0x110,3,700,0,0,0,0,0,0,0,0,0,127,700,0,0,0
V,755547,0x110,4,700,0,0,0,0,0,0,0,0,0,127,700,0,0,0
S,755547,1787675119,0x111,60000,700,140,3,-1,716651,6317,1011000,-3,6317000,-3,6317000,-3,6317000,-3,6317000,-3,1000000,-6,699,5500000,-6,1040600,-2,0,0,-5696107,-3,4059,0,2,5091
B,755547,0x111,0,128,1000000,-6,0,0,699,0,699,1011000,-3,6317000,-3
B,755547,0x111,1,128,1000000,-6,0,0,139,0,139,4437000,-3,1040600,-2
B,755547,0x111,2,64,1000000,-6,0,0,140,0,0,5000000,-6,5000000,-6,5:140
V,755547,0x111,0,700,0,0,0,0,0,0,0,0,0,127,700,0,0,0
V,755547,0x111,1,700,0,0,0,0,0,0,0,0,0,127,700,0,1,0
V,755547,0x111,2,700,0,0,0,0,0,0,0,0,0,127,700,0,1,0
S,755547,1787675119,0x112,60000,705,141,1,-1,716651,1226,1011000,-3,1226000,-3,1226000,-3,1226000,-3,1226000,-3,1000000,-6,704,5500000,-6,5633000,-3,0,0,-5696107,-3,4059,0,2,5090
B,755547,0x112,0,128,1000000,-6,0,0,704,0,704,1011000,-3,1226000,-3
B,755547,0x112,1,128,1000000,-6,0,0,140,0,140,4437000,-3,5633000,-3
B,755547,0x112,2,64,1000000,-6,0,0,141,0,0,5000000,-6,5000000,-6,5:141
V,755547,0x112,0,705,0,0,0,0,0,0,0,0,0,127,705,0,0,0
S,755547,1787675119,0x120,60000,2,2,1,-1,474704,474704,4747040,-1,4747040,-1,4747040,-1,4747040,-1,4747040,-1,1000000,-6,1,1500000,-6,4745240,-1,0,0,-3793275,-4,181,1,0,181
B,755547,0x120,0,128,1000000,-6,0,0,1,0,1,4747040,-1,4747040,-1
B,755547,0x120,1,128,1000000,-6,0,0,1,0,1,4745240,-1,4745240,-1
B,755547,0x120,2,64,1000000,-6,0,0,2,0,0,1000000,-6,1000000,-6,1:2
V,755547,0x120,0,2,0,0,9899610,-5,9997266,-5,9948438,-5,9765626,-7,1,1,0,0
S,755547,1787675119,0x121,60000,1,1,2,-1,0,0,0,0,0,0,0,0,0,0,0,0,1000000,-6,0,1500000,-6,0,0,0,0,0,0,181,181,0,181
B,755547,0x121,2,64,1000000,-6,0,0,1,0,0,1000000,-6,1000000,-6,1:1
V,755547,0x121,0,1,0,0,0,0,0,0,0,0,0,127,1,0,1,0
V,755547,0x121,1,1,0,0,0,0,0,0,0,0,0,127,1,0,1,0
S,755547,1787675119,0x122,60000,705,141,5,-1,716448,1105,1011000,-3,1105000,-3,1105000,-3,1105000,-3,1105000,-3,1000000,-6,704,5500000,-6,5836000,-3,0,0,-5697730,-3,4059,0,2,5089
B,755547,0x122,0,128,1000000,-6,0,0,704,0,704,1011000,-3,1105000,-3
B,755547,0x122,1,128,1000000,-6,0,0,140,0,140,4208000,-3,5836000,-3
B,755547,0x122,2,64,1000000,-6,0,0,141,0,0,5000000,-6,5000000,-6,5:141
V,755547,0x122,0,705,0,0,4363360,-6,4403828,-6,4388377,-6,1559258,-10,11,1,0,0
V,755547,0x122,1,705,0,0,-6093750,-5,-1406250,-6,-1439074,-5,7812500,-7,11,1,0,0
V,755547,0x122,2,705,0,0,-3640625,-5,-5312500,-6,-1438785,-5,1562500,-7,11,1,0,0
V,755547,0x122,3,705,0,0,2195000,-4,2225000,-4,2210631,-4,5000000,-7,132,1,0,0
V,755547,0x122,4,705,0,0,2230000,-4,2230000,-4,2230000,-4,0,127,705,0,0,0
S,755547,1787675119,0x130,60000,0,0,0,-1,0,0,0,0,0,0,0,0,0,0,0,0,1000000,-6,0,0,0,0,0,0,0,0,0,0,0,0,-1
S,755547,1787675119,0x131,60000,0,0,0,-1,0,0,0,0,0,0,0,0,0,0,0,0,1000000,-6,0,0,0,0,0,0,0,0,0,0,0,0,-1
S,755547,1787675119,0x140,60000,1,1,1,-1,0,0,0,0,0,0,0,0,0,0,0,0,1000000,-6,0,1500000,-6,0,0,0,0,0,0,177,177,0,177
B,755547,0x140,2,64,1000000,-6,0,0,1,0,0,1000000,-6,1000000,-6,1:1
V,755547,0x140,0,1,0,1,1401299,-51,1401299,-51,1401299,-51,0,127,1,0,1,0
S,755547,1787675119,0x150,60000,705,141,2,-1,716651,1230,1011000,-3,1230000,-3,1230000,-3,1230000,-3,1230000,-3,1000000,-6,704,5500000,-6,5632000,-3,0,0,-5696107,-3,4059,0,2,5086
B,755547,0x150,0,128,1000000,-6,0,0,704,0,704,1011000,-3,1230000,-3
B,755547,0x150,1,128,1000000,-6,0,0,140,0,140,4437000,-3,5632000,-3
B,755547,0x150,2,64,1000000,-6,0,0,141,0,0,5000000,-6,5000000,-6,5:141
V,755547,0x150,0,705,0,0,0,0,0,0,0,0,0,127,705,0,0,0
V,755547,0x150,1,705,0,0,0,0,0,0,0,0,0,127,705,0,1,0
S,815548,1787675179,0x10,60001,38625,4017,3,-1,778304,45,2000000,-5,2050000,-5,2050000,-5,2150000,-5,4500000,-5,1000000,-6,0,1050000,-5,5000000,-7,0,0,-3131952,-3,3378,948,1,2679
B,815548,0x10,0,128,1000000,-6,0,0,38624,0,0,2000000,-5,4500000,-5,20:34808,21:3710,39:11,40:94,45:1
B,815548,0x10,1,128,1000000,-6,0,0,4016,0,319,0,0,3395000,-3,0:3316,1:267,2:19,16:9,17:32,18:36,19:10,20:3,21:1,24:3,25:1
B,815548,0x10,2,64,1000000,-6,0,0,4017,0,0,5000000,-6,1000000,-5,5:309,10:3708
V,815548,0x10,0,38625,0,0,-1908237,-6,1831620,-6,-1640017,-7,2394274,-9,5,1,0,0
V,815548,0x10,1,38625,0,0,-2674405,-6,1338400,-6,2688491,-7,2394259,-9,4,1,0,0
V,815548,0x10,2,38625,0,0,6035967,-6,1194025,-5,9746658,-6,2393723,-9,4,1,0,0
S,815548,1787675179,0x11,60001,38625,4017,3,-1,778279,40,2000000,-5,2050000,-5,2050000,-5,2150000,-5,4000000,-5,1000000,-6,0,1050000,-5,5000000,-7,0,0,-3099730,-3,3332,927,1,2678
B,815548,0x11,0,128,1000000,-6,0,0,38624,0,0,2000000,-5,4000000,-5,20:34809,21:3710,39:11,40:94
B,815548,0x11,1,128,1000000,-6,0,0,4016,0,344,0,0,3140000,-3,0:3277,1:216,2:113,3:7,16:1,17:20,18:16,19:13,20:4,23:1,25:1,27:1,33:1,52:1
B,815548,0x11,2,64,1000000,-6,0,0,4017,0,0,5000000,-6,1000000,-5,5:309,10:3708
V,815548,0x11,0,7,38618,7,1401299,-51,1071993,-48,2354182,-49,1541428,-50,5,1,16,1
V,815548,0x11,1,38619,6,38619,2662467,-50,7833259,-49,1569454,-49,1401299,-51,4,1,16,1
V,815548,0x11,2,38625,0,38625,3532674,-48,6988275,-48,5704687,-48,1401299,-51,4,1,16,1
S,815548,1787675179,0x20,60001,19230,1999,3,-1,778665,2655,3900000,-5,4050000,-5,4050000,-5,4150000,-5,2655000,-3,1000000,-6,3,1050000,-5,5000000,-7,0,0,-6526494,-3,5731,682,1,5773
B,815548,0x20,0,128,1000000,-6,0,0,19229,0,3,3900000,-5,2655000,-3,39:11,40:15536,41:3675,42:4
B,815548,0x20,1,128,1000000,-6,0,0,1998,0,154,0,0,5449000,-3,0:1640,1:158,16:11,17:13,18:15,19:5,27:1,28:1
B,815548,0x20,2,64,1000000,-6,0,0,1999,0,0,5000000,-6,1000000,-5,5:152,10:1847
V,815548,0x20,0,19230,0,0,-3662221,-6,1648000,-6,-5616516,-7,6103701,-8,6,1,0,0
V,815548,0x20,1,19230,0,0,-2197333,-6,3540147,-6,-1789562,-7,6103701,-8,6,1,0,0
V,815548,0x20,2,19230,0,0,-3723258,-6,7324443,-7,2802688,-8,6103701,-8,7,1,0,0
S,815548,1787675179,0x21,60001,19375,2015,3,-1,778665,42,3900000,-5,4050000,-5,4050000,-5,4150000,-5,4200000,-5,1000000,-6,0,1050000,-5,5000000,-7,0,0,-6549913,-3,5730,663,1,5772
B,815548,0x21,0,128,1000000,-6,0,0,19374,0,0,3900000,-5,4200000,-5,39:11,40:15651,41:3708,42:4
B,815548,0x21,1,128,1000000,-6,0,0,2014,0,183,0,0,5107000,-3,0:1779,1:27,16:1,17:12,18:6,19:1,20:1,21:1,24:1,25:1,47:1
B,815548,0x21,2,64,1000000,-6,0,0,2015,0,0,5000000,-6,1000000,-5,5:155,10:1860
V,815548,0x21,0,18,19357,16,0,0,3783505,-50,1261169,-50,1401299,-51,6,1,16,1
V,815548,0x21,1,1889,17486,682,0,0,8127532,-50,1401299,-51,1401299,-51,6,1,16,1
V,815548,0x21,2,13214,6161,9595,0,0,1681558,-50,2802597,-51,1401299,-51,7,1,16,1
S,815548,1787675179,0x41,60001,765,153,2,-1,777511,1105,1011000,-3,1105000,-3,1105000,-3,1105000,-3,1105000,-3,1000000,-6,764,5500000,-6,5836000,-3,0,0,-5247902,-3,4059,0,2,5107
B,815548,0x41,0,128,1000000,-6,0,0,764,0,764,1011000,-3,1105000,-3
B,815548,0x41,1,128,1000000,-6,0,0,152,0,152,4208000,-3,5836000,-3
B,815548,0x41,2,64,1000000,-6,0,0,153,0,0,5000000,-6,5000000,-6,5:153
V,815548,0x41,0,765,0,0,0,0,0,0,0,0,0,127,765,0,0,0
V,815548,0x41,1,765,0,0,0,0,0,0,0,0,0,127,765,0,0,0
S,815548,1787675179,0x42,60001,1,1,2,-1,0,0,0,0,0,0,0,0,0,0,0,0,1000000,-6,0,1500000,-6,0,0,0,0,0,0,198,198,0,198
B,815548,0x42,2,64,1000000,-6,0,0,1,0,0,1000000,-6,1000000,-6,1:1
V,815548,0x42,0,1,0,0,6100000,-5,6100000,-5,6100000,-5,0,127,1,0,0,0
V,815548,0x42,1,1,0,0,5400000,-5,5400000,-5,5400000,-5,0,127,1,0,0,0
S,815548,1787675179,0x43,60001,765,153,7,-1,777511,1105,1011000,-3,1105000,-3,1105000,-3,1105000,-3,1105000,-3,1000000,-6,764,5500000,-6,5835000,-3,0,0,-5249201,-3,4060,0,2,5107
B,815548,0x43,0,128,1000000,-6,0,0,764,0,764,1011000,-3,1105000,-3
B,815548,0x43,1,128,1000000,-6,0,0,152,0,152,4209000,-3,5835000,-3
B,815548,0x43,2,64,1000000,-6,0,0,153,0,0,5000000,-6,5000000,-6,5:153
V,815548,0x43,0,765,0,0,0,0,0,0,0,0,0,127,765,0,0,0
V,815548,0x43,1,765,0,0,0,0,0,0,0,0,0,127,765,0,0,0
V,815548,0x43,2,765,0,0,1000000,-6,1000000,-6,1000000,-6,0,127,765,0,0,0
V,815548,0x43,3,765,0,0,0,0,0,0,0,0,0,127,765,0,0,0
V,815548,0x43,4,765,0,0,0,0,0,0,0,0,0,127,765,0,0,0
V,815548,0x43,5,765,0,0,0,0,0,0,0,0,0,127,765,0,0,0
V,815548,0x43,6,765,0,0,0,0,0,0,0,0,0,127,765,0,0,0
S,815548,1787675179,0x50,60001,0,0,0,-1,0,0,0,0,0,0,0,0,0,0,0,0,1000000,-6,0,0,0,0,0,0,0,0,0,0,0,0,-1
S,815548,1787675179,0x51,60001,1,1,1,-1,0,0,0,0,0,0,0,0,0,0,0,0,1000000,-6,0,1500000,-6,0,0,0,0,0,0,197,197,0,197
B,815548,0x51,2,64,1000000,-6,0,0,1,0,0,1000000,-6,1000000,-6,1:1
V,815548,0x51,0,1,0,0,0,0,0,0,0,0,0,127,1,0,1,0
S,815548,1787675179,0x52,60001,1,1,1,-1,0,0,0,0,0,0,0,0,0,0,0,0,1000000,-6,0,1500000,-6,0,0,0,0,0,0,197,197,0,197
B,815548,0x52,2,64,1000000,-6,0,0,1,0,0,1000000,-6,1000000,-6,1:1
V,815548,0x52,0,1,0,1,2270104,-49,2270104,-49,2270104,-49,0,127,1,0,1,0
S,815548,1787675179,0x53,60001,760,152,2,-1,777510,6126,1011000,-3,6126000,-3,6126000,-3,6126000,-3,6126000,-3,1000000,-6,759,5500000,-6,1000500,-2,0,0,-5247909,-3,4059,0,2,5104
B,815548,0x53,0,128,1000000,-6,0,0,759,0,759,1011000,-3,6126000,-3
B,815548,0x53,1,128,1000000,-6,0,0,151,0,151,4209000,-3,1000500,-2
B,815548,0x53,2,64,1000000,-6,0,0,152,0,0,5000000,-6,5000000,-6,5:152
V,815548,0x53,0,760,0,0,0,0,0,0,0,0,0,127,760,0,0,0
V,815548,0x53,1,760,0,0,0,0,0,0,0,0,0,127,760,0,1,0
S,815548,1787675179,0x60,60001,1,1,2,-1,0,0,0,0,0,0,0,0,0,0,0,0,1000000,-6,0,1500000,-6,0,0,0,0,0,0,194,194,0,194
B,815548,0x60,2,64,1000000,-6,0,0,1,0,0,1000000,-6,1000000,-6,1:1
V,815548,0x60,0,1,0,0,0,0,0,0,0,0,0,127,1,0,1,0
V,815548,0x60,1,1,0,0,0,0,0,0,0,0,0,127,1,0,1,0
S,815548,1787675179,0x61,60001,1,1,2,-1,0,0,0,0,0,0,0,0,0,0,0,0,1000000,-6,0,1500000,-6,0,0,0,0,0,0,194,194,0,194
B,815548,0x61,2,64,1000000,-6,0,0,1,0,0,1000000,-6,1000000,-6,1:1
V,815548,0x61,0,1,0,0,0,0,0,0,0,0,0,127,1,0,1,0
V,815548,0x61,1,1,0,0,0,0,0,0,0,0,0,127,1,0,1,0
S,815548,1787675179,0x70,60001,3750,225,1,-1,773437,10586,2020000,-4,1058600,-2,1058600,-2,1058600,-2,1058600,-2,1000000,-6,3749,1750000,-5,5000000,-7,0,0,-1326722,-2,10127,0,2,10352
B,815548,0x70,0,128,1000000,-6,0,0,3749,0,3749,2020000,-4,1058600,-2
B,815548,0x70,1,128,1000000,-6,0,0,224,0,74,0,0,2058600,-2,0:142,1:4,17:1,18:2,24:1
B,815548,0x70,2,64,1000000,-6,0,0,225,0,0,1600000,-5,1700000,-5,16:75,17:150
V,815548,0x70,0,3750,0,0,2947000,-5,3078000,-5,3000486,-5,9998322,-9,42,1,0,0
S,815548,1787675179,0x80,60001,3789,303,2,-1,773437,2657,2020000,-4,2657000,-3,2657000,-3,2657000,-3,2657000,-3,1000000,-6,3788,1350000,-5,5000000,-7,0,0,-1304160,-2,9957,0,2,10182
B,815548,0x80,0,128,1000000,-6,0,0,3788,0,3788,2020000,-4,2657000,-3
B,815548,0x80,1,128,1000000,-6,0,0,302,0,78,0,0,1071400,-2,0:214,1:3,16:2,17:2,18:2,20:1
B,815548,0x80,2,64,1000000,-6,0,0,303,0,0,1100000,-5,1300000,-5,11:75,13:228
V,815548,0x80,0,3789,0,0,1000640,-1,1001210,-1,1000962,-1,1000000,-6,6,1,0,0
V,815548,0x80,1,3789,0,0,1014423,-1,1014423,-1,1014423,-1,0,127,3789,0,0,0
S,815548,1787675179,0x90,60001,3750,225,1,-1,773437,10586,2020000,-4,1058600,-2,1058600,-2,1058600,-2,1058600,-2,1000000,-6,3749,1750000,-5,1500000,-6,0,0,-1326589,-2,10127,1,2,10351
B,815548,0x90,0,128,1000000,-6,0,0,3749,0,3749,2020000,-4,1058600,-2
B,815548,0x90,1,128,1000000,-6,0,0,224,0,76,0,0,2058500,-2,0:100,1:46,18:1,19:1
B,815548,0x90,2,64,1000000,-6,0,0,225,0,0,1600000,-5,1700000,-5,16:75,17:150
V,815548,0x90,0,3750,0,0,1008704,-4,1050641,-4,1028046,-4,2288819,-11,1,1,0,0
S,815548,1787675179,0xa0,60001,0,0,0,-1,0,0,0,0,0,0,0,0,0,0,0,0,1000000,-6,0,0,0,0,0,0,0,0,0,0,0,0,-1
S,815548,1787675179,0xb0,60001,1,1,1,-1,0,0,0,0,0,0,0,0,0,0,0,0,1000000,-6,0,1500000,-6,0,0,0,0,0,0,190,190,0,190
B,815548,0xb0,2,64,1000000,-6,0,0,1,0,0,1000000,-6,1000000,-6,1:1
V,815548,0xb0,0,1,0,0,0,0,0,0,0,0,0,127,1,0,1,0
S,815548,1787675179,0xc0,60001,1,1,2,-1,0,0,0,0,0,0,0,0,0,0,0,0,1000000,-6,0,1500000,-6,0,0,0,0,0,0,189,189,0,189
B,815548,0xc0,2,64,1000000,-6,0,0,1,0,0,1000000,-6,1000000,-6,1:1
V,815548,0xc0,0,1,0,0,0,0,0,0,0,0,0,127,1,0,1,0
V,815548,0xc0,1,1,0,0,0,0,0,0,0,0,0,127,1,0,1,0
S,815548,1787675179,0xe0,60001,1,1,1,-1,0,0,0,0,0,0,0,0,0,0,0,0,1000000,-6,0,1500000,-6,0,0,0,0,0,0,189,189,0,189
B,815548,0xe0,2,64,1000000,-6,0,0,1,0,0,1000000,-6,1000000,-6,1:1
V,815548,0xe0,0,1,0,0,0,0,0,0,0,0,0,127,1,0,1,0
S,815548,1787675179,0xe1,60001,1,1,1,-1,0,0,0,0,0,0,0,0,0,0,0,0,1000000,-6,0,1500000,-6,0,0,0,0,0,0,189,189,0,188
B,815548,0xe1,2,64,1000000,-6,0,0,1,0,0,1000000,-6,1000000,-6,1:1
V,815548,0xe1,0,1,0,0,0,0,0,0,0,0,0,127,1,0,1,0
S,815548,1787675179,0x110,60001,760,152,5,-1,777713,6317,1011000,-3,6317000,-3,6317000,-3,6317000,-3,6317000,-3,1000000,-6,759,5500000,-6,1040600,-2,0,0,-5246531,-3,4059,0,2,5092
B,815548,0x110,0,128,1000000,-6,0,0,759,0,759,1011000,-3,6317000,-3
B,815548,0x110,1,128,1000000,-6,0,0,151,0,151,4437000,-3,1040600,-2
B,815548,0x110,2,64,1000000,-6,0,0,152,0,0,5000000,-6,5000000,-6,5:152
V,815548,0x110,0,760,0,0,0,0,0,0,0,0,0,127,760,0,0,0
V,815548,0x110,1,760,0,0,0,0,0,0,0,0,0,127,760,0,1,0
V,815548,0x110,2,760,0,0,0,0,0,0,0,0,0,127,760,0,0,0
V,815548,0x110,3,760,0,0,0,0,0,0,0,0,0,127,760,0,0,0
V,815548,0x110,4,760,0,0,0,0,0,0,0,0,0,127,760,0,0,0
S,815548,1787675179,0x111,60001,760,152,3,-1,777713,6317,1011000,-3,6317000,-3,6317000,-3,6317000,-3,6317000,-3,1000000,-6,759,5500000,-6,1040600,-2,0,0,-5246531,-3,4059,0,2,5091
B,815548,0x111,0,128,1000000,-6,0,0,759,0,759,1011000,-3,6317000,-3
B,815548,0x111,1,128,1000000,-6,0,0,151,0,151,4437000,-3,1040600,-2
B,815548,0x111,2,64,1000000,-6,0,0,152,0,0,5000000,-6,5000000,-6,5:152
V,815548,0x111,0,760,0,0,0,0,0,0,0,0,0,127,760,0,0,0
V,815548,0x111,1,760,0,0,0,0,0,0,0,0,0,127,760,0,1,0
V,815548,0x111,2,760,0,0,0,0,0,0,0,0,0,127,760,0,1,0
S,815548,1787675179,0x112,60001,765,153,1,-1,777713,1226,1011000,-3,1226000,-3,1226000,-3,1226000,-3,1226000,-3,1000000,-6,764,5500000,-6,5633000,-3,0,0,-5246531,-3,4059,0,2,5090
B,815548,0x112,0,128,1000000,-6,0,0,764,0,764,1011000,-3,1226000,-3
B,815548,0x112,1,128,1000000,-6,0,0,152,0,152,4437000,-3,5633000,-3
B,815548,0x112,2,64,1000000,-6,0,0,153,0,0,5000000,-6,5000000,-6,5:153
V,815548,0x112,0,765,0,0,0,0,0,0,0,0,0,127,765,0,0,0
S,815548,1787675179,0x120,60001,2,2,1,-1,474704,474704,4747040,-1,4747040,-1,4747040,-1,4747040,-1,4747040,-1,1000000,-6,1,1500000,-6,4745240,-1,0,0,-3793275,-4,181,1,0,181
B,815548,0x120,0,128,1000000,-6,0,0,1,0,1,4747040,-1,4747040,-1
B,815548,0x120,1,128,1000000,-6,0,0,1,0,1,4745240,-1,4745240,-1
B,815548,0x120,2,64,1000000,-6,0,0,2,0,0,1000000,-6,1000000,-6,1:2
V,815548,0x120,0,2,0,0,9899610,-5,9997266,-5,9948438,-5,9765626,-7,1,1,0,0
S,815548,1787675179,0x121,60001,1,1,2,-1,0,0,0,0,0,0,0,0,0,0,0,0,1000000,-6,0,1500000,-6,0,0,0,0,0,0,181,181,0,181
B,815548,0x121,2,64,1000000,-6,0,0,1,0,0,1000000,-6,1000000,-6,1:1
V,815548,0x121,0,1,0,0,0,0,0,0,0,0,0,127,1,0,1,0
V,815548,0x121,1,1,0,0,0,0,0,0,0,0,0,127,1,0,1,0
S,815548,1787675179,0x122,60001,765,153,5,-1,777511,1105,1011000,-3,1105000,-3,1105000,-3,1105000,-3,1105000,-3,1000000,-6,764,5500000,-6,5836000,-3,0,0,-5247902,-3,4059,0,2,5089
B,815548,0x122,0,128,1000000,-6,0,0,764,0,764,1011000,-3,1105000,-3
B,815548,0x122,1,128,1000000,-6,0,0,152,0,152,4208000,-3,5836000,-3
B,815548,0x122,2,64,1000000,-6,0,0,153,0,0,5000000,-6,5000000,-6,5:153
V,815548,0x122,0,765,0,0,4363360,-6,4403828,-6,4387961,-6,1559258,-10,11,1,0,0
V,815548,0x122,1,765,0,0,-6093750,-5,2187500,-6,-1424060,-5,7812500,-7,11,1,0,0
V,815548,0x122,2,765,0,0,-3640625,-5,-5312500,-6,-1425694,-5,1562500,-7,11,1,0,0
V,815548,0x122,3,765,0,0,2190000,-4,2225000,-4,2209373,-4,5000000,-7,132,1,0,0
V,815548,0x122,4,765,0,0,2230000,-4,2230000,-4,2230000,-4,0,127,765,0,0,0
S,815548,1787675179,0x130,60001,0,0,0,-1,0,0,0,0,0,0,0,0,0,0,0,0,1000000,-6,0,0,0,0,0,0,0,0,0,0,0,0,-1
S,815548,1787675179,0x131,60001,0,0,0,-1,0,0,0,0,0,0,0,0,0,0,0,0,1000000,-6,0,0,0,0,0,0,0,0,0,0,0,0,-1
S,815548,1787675179,0x140,60001,1,1,1,-1,0,0,0,0,0,0,0,0,0,0,0,0,1000000,-6,0,1500000,-6,0,0,0,0,0,0,177,177,0,177
B,815548,0x140,2,64,1000000,-6,0,0,1,0,0,1000000,-6,1000000,-6,1:1
V,815548,0x140,0,1,0,1,1401299,-51,1401299,-51,1401299,-51,0,127,1,0,1,0
S,815548,1787675179,0x150,60001,765,153,2,-1,777713,1230,1011000,-3,1230000,-3,1230000,-3,1230000,-3,1230000,-3,1000000,-6,764,5500000,-6,5632000,-3,0,0,-5246531,-3,4059,0,2,5086
B,815548,0x150,0,128,1000000,-6,0,0,764,0,764,1011000,-3,1230000,-3
B,815548,0x150,1,128,1000000,-6,0,0,152,0,152,4437000,-3,5632000,-3
B,815548,0x150,2,64,1000000,-6,0,0,153,0,0,5000000,-6,5000000,-6,5:153
V,815548,0x150,0,765,0,0,0,0,0,0,0,0,0,127,765,0,0,0
V,815548,0x150,1,765,0,0,0,0,0,0,0,0,0,127,765,0,1,0
S,871572,1787675235,0x10,56024,41375,4303,3,-1,834071,45,2000000,-5,2050000,-5,2050000,-5,2150000,-5,4500000,-5,1000000,-6,0,1050000,-5,5000000,-7,0,0,-3737823,-3,3378,272,1,2679
B,871572,0x10,0,128,1000000,-6,0,0,41374,0,0,2000000,-5,4500000,-5,20:37261,21:3982,35:1,39:11,40:118,45:1
B,871572,0x10,1,128,1000000,-6,0,0,4302,0,343,0,0,3395000,-3,0:3552,1:286,2:19,16:9,17:32,18:37,19:12,20:6,21:1,23:1,24:3,25:1
B,871572,0x10,2,64,1000000,-6,0,0,4303,0,0,5000000,-6,1000000,-5,5:331,10:3972
V,871572,0x10,0,41375,0,0,-1004398,-5,1163618,-5,-1266192,-7,2394274,-9,5,1,0,0
V,871572,0x10,1,41375,0,0,-7218738,-6,1051326,-5,2911896,-7,2394200,-9,4,1,0,0
V,871572,0x10,2,41375,0,0,1283331,-6,1675514,-5,9732048,-6,2393723,-9,4,1,0,0
S,871572,1787675235,0x11,56024,41375,4303,3,-1,834046,40,2000000,-5,2050000,-5,2050000,-5,2150000,-5,4000000,-5,1000000,-6,0,1050000,-5,5000000,-7,0,0,-3708945,-3,3332,250,1,2678
B,871572,0x11,0,128,1000000,-6,0,0,41374,0,0,2000000,-5,4000000,-5,20:37262,21:3982,35:1,39:11,40:118
B,871572,0x11,1,128,1000000,-6,0,0,4302,0,368,0,0,3140000,-3,0:3510,1:234,2:121,3:8,16:1,17:20,18:17,19:14,20:4,23:1,25:1,27:1,33:1,52:1
B,871572,0x11,2,64,1000000,-6,0,0,4303,0,0,5000000,-6,1000000,-5,5:331,10:3972
V,871572,0x11,0,628,40747,627,0,0,6810310,-48,1451746,-48,2802597,-51,5,1,16,1
V,871572,0x11,1,41236,139,41236,7006493,-51,6153100,-48,1737610,-49,1401299,-51,4,1,16,1
V,871572,0x11,2,41375,0,41375,7510960,-49,9806288,-48,5696278,-48,1401299,-51,4,1,16,1
S,871572,1787675235,0x20,56024,20605,2142,3,-1,833949,2655,3900000,-5,4050000,-5,4050000,-5,4150000,-5,2655000,-3,1000000,-6,3,1050000,-5,5000000,-7,0,0,-5825461,-3,5731,901,1,5773
B,871572,0x20,0,128,1000000,-6,0,0,20604,0,3,3900000,-5,2655000,-3,39:11,40:16641,41:3944,42:4,55:1
B,871572,0x20,1,128,1000000,-6,0,0,2141,0,165,0,0,5449000,-3,0:1758,1:169,16:11,17:13,18:16,19:7,27:1,28:1
B,871572,0x20,2,64,1000000,-6,0,0,2142,0,0,5000000,-6,1000000,-5,5:163,10:1979
V,871572,0x20,0,20605,0,0,-2739341,-4,1781060,-4,-4516325,-7,6103701,-8,6,1,0,0
V,871572,0x20,1,20605,0,0,-2690512,-4,2385327,-4,-1887453,-7,6103701,-8,6,1,0,0
V,871572,0x20,2,20605,0,0,-2901090,-4,1605884,-4,1240765,-7,6103516,-8,7,1,0,0
S,871572,1787675235,0x21,56024,20750,2158,3,-1,833949,55,3900000,-5,4050000,-5,4050000,-5,4150000,-5,5500000,-5,1000000,-6,0,1050000,-5,5000000,-7,0,0,-5825461,-3,5730,900,1,5772
B,871572,0x21,0,128,1000000,-6,0,0,20749,0,0,3900000,-5,5500000,-5,39:11,40:16756,41:3977,42:4,55:1
B,871572,0x21,1,128,1000000,-6,0,0,2157,0,197,0,0,5126000,-3,0:1902,1:29,2:1,16:1,17:12,18:7,19:2,20:1,21:1,24:1,25:2,47:1
B,871572,0x21,2,64,1000000,-6,0,0,2158,0,0,5000000,-6,1000000,-5,5:166,10:1992
V,871572,0x21,0,229,20521,225,0,0,4088989,-48,6992481,-49,1401299,-51,6,1,16,1
V,871572,0x21,1,2199,18551,937,0,0,5476275,-48,7286751,-50,1401299,-51,6,1,16,1
V,871572,0x21,2,14058,6692,10267,0,0,3686816,-48,1261169,-50,1401299,-51,7,1,16,1
S,871572,1787675235,0x41,56024,820,164,2,-1,834156,1183,1011000,-3,1183000,-3,1183000,-3,1183000,-3,1183000,-3,1000000,-6,819,5500000,-6,5836000,-3,0,0,-4888579,-3,4059,1,2,5107
B,871572,0x41,0,128,1000000,-6,0,0,819,0,819,1011000,-3,1183000,-3
B,871572,0x41,1,128,1000000,-6,0,0,163,0,163,4208000,-3,5836000,-3
B,871572,0x41,2,64,1000000,-6,0,0,164,0,0,5000000,-6,5000000,-6,5:164
V,871572,0x41,0,820,0,0,0,0,1110000,-4,1659756,-6,1000000,-6,807,1,0,0
V,871572,0x41,1,820,0,0,0,0,1000000,-6,1341464,-8,1000000,-6,807,1,0,0
S,871572,1787675235,0x42,56024,1,1,2,-1,0,0,0,0,0,0,0,0,0,0,0,0,1000000,-6,0,1500000,-6,0,0,0,0,0,0,198,198,0,198
B,871572,0x42,2,64,1000000,-6,0,0,1,0,0,1000000,-6,1000000,-6,1:1
V,871572,0x42,0,1,0,0,6100000,-5,6100000,-5,6100000,-5,0,127,1,0,0,0
V,871572,0x42,1,1,0,0,5400000,-5,5400000,-5,5400000,-5,0,127,1,0,0,0
S,871572,1787675235,0x43,56024,820,164,7,-1,834156,1183,1011000,-3,1183000,-3,1183000,-3,1183000,-3,1183000,-3,1000000,-6,819,5500000,-6,5835000,-3,0,0,-4889790,-3,4060,1,2,5107
B,871572,0x43,0,128,1000000,-6,0,0,819,0,819,1011000,-3,1183000,-3
B,871572,0x43,1,128,1000000,-6,0,0,163,0,163,4209000,-3,5835000,-3
B,871572,0x43,2,64,1000000,-6,0,0,164,0,0,5000000,-6,5000000,-6,5:164
V,871572,0x43,0,820,0,0,0,0,1110000,-4,1659756,-6,1000000,-6,807,1,0,0
V,871572,0x43,1,820,0,0,0,0,1000000,-6,1341464,-8,1000000,-6,807,1,0,0
V,871572,0x43,2,820,0,0,1000000,-6,1000000,-6,1000000,-6,0,127,820,0,0,0
V,871572,0x43,3,820,0,0,0,0,1110000,-4,1659756,-6,1000000,-6,807,1,0,0
V,871572,0x43,4,820,0,0,0,0,1000000,-6,1341464,-8,1000000,-6,807,1,0,0
V,871572,0x43,5,820,0,0,0,0,0,0,0,0,0,127,820,0,0,0
V,871572,0x43,6,820,0,0,0,0,0,0,0,0,0,127,820,0,0,0
S,871572,1787675235,0x50,56024,11,11,1,-1,13508,6352,4030000,-4,6352000,-3,6352000,-3,6352000,-3,6352000,-3,1000000,-6,10,1500000,-6,6348000,-3,0,0,1480385,-4,5,7,0,822397
B,871572,0x50,0,128,1000000,-6,0,0,10,0,10,4030000,-4,6352000,-3
B,871572,0x50,1,128,1000000,-6,0,0,10,0,10,4020000,-4,6348000,-3
B,871572,0x50,2,64,1000000,-6,0,0,11,0,0,1000000,-6,1000000,-6,1:11
V,871572,0x50,0,11,0,11,1401299,-51,1401299,-51,1401299,-51,0,127,11,0,1,0
S,871572,1787675235,0x51,56024,1,1,1,-1,0,0,0,0,0,0,0,0,0,0,0,0,1000000,-6,0,1500000,-6,0,0,0,0,0,0,197,197,0,197
B,871572,0x51,2,64,1000000,-6,0,0,1,0,0,1000000,-6,1000000,-6,1:1
V,871572,0x51,0,1,0,0,0,0,0,0,0,0,0,127,1,0,1,0
S,871572,1787675235,0x52,56024,1,1,1,-1,0,0,0,0,0,0,0,0,0,0,0,0,1000000,-6,0,1500000,-6,0,0,0,0,0,0,197,197,0,197
B,871572,0x52,2,64,1000000,-6,0,0,1,0,0,1000000,-6,1000000,-6,1:1
V,871572,0x52,0,1,0,1,2270104,-49,2270104,-49,2270104,-49,0,127,1,0,1,0
S,871572,1787675235,0x53,56024,815,163,2,-1,834156,6126,1011000,-3,6126000,-3,6126000,-3,6126000,-3,6126000,-3,1000000,-6,814,5500000,-6,1000500,-2,0,0,-4888579,-3,4059,1,2,5104
B,871572,0x53,0,128,1000000,-6,0,0,814,0,814,1011000,-3,6126000,-3
B,871572,0x53,1,128,1000000,-6,0,0,162,0,162,4209000,-3,1000500,-2
B,871572,0x53,2,64,1000000,-6,0,0,163,0,0,5000000,-6,5000000,-6,5:163
V,871572,0x53,0,815,0,0,0,0,0,0,0,0,0,127,815,0,0,0
V,871572,0x53,1,815,0,0,0,0,0,0,0,0,0,127,815,0,1,0
S,871572,1787675235,0x60,56024,1,1,2,-1,0,0,0,0,0,0,0,0,0,0,0,0,1000000,-6,0,1500000,-6,0,0,0,0,0,0,194,194,0,194
B,871572,0x60,2,64,1000000,-6,0,0,1,0,0,1000000,-6,1000000,-6,1:1
V,871572,0x60,0,1,0,0,0,0,0,0,0,0,0,127,1,0,1,0
V,871572,0x60,1,1,0,0,0,0,0,0,0,0,0,127,1,0,1,0
S,871572,1787675235,0x61,56024,1,1,2,-1,0,0,0,0,0,0,0,0,0,0,0,0,1000000,-6,0,1500000,-6,0,0,0,0,0,0,194,194,0,194
B,871572,0x61,2,64,1000000,-6,0,0,1,0,0,1000000,-6,1000000,-6,1:1
V,871572,0x61,0,1,0,0,0,0,0,0,0,0,0,127,1,0,1,0
V,871572,0x61,1,1,0,0,0,0,0,0,0,0,0,127,1,0,1,0
S,871572,1787675235,0x70,56024,4050,243,1,-1,834627,10586,1000000,-4,1058600,-2,1058600,-2,1058600,-2,1058600,-2,1000000,-6,4047,1750000,-5,5000000,-7,0,0,-1224085,-2,10127,34,2,10352
B,871572,0x70,0,128,1000000,-6,0,0,4049,0,4047,1000000,-4,1058600,-2,100:1,111:1
B,871572,0x70,1,128,1000000,-6,0,0,242,0,80,0,0,2058600,-2,0:153,1:5,17:1,18:2,24:1
B,871572,0x70,2,64,1000000,-6,0,0,243,0,0,1600000,-5,1700000,-5,16:81,17:162
V,871572,0x70,0,4050,0,0,2938000,-5,3078000,-5,2996491,-5,9998322,-9,42,1,0,0
S,871572,1787675235,0x80,56024,4089,327,2,-1,834627,2657,1000000,-4,2657000,-3,2657000,-3,2657000,-3,2657000,-3,1000000,-6,4086,1350000,-5,5000000,-7,0,0,-1203220,-2,9957,34,2,10182
B,871572,0x80,0,128,1000000,-6,0,0,4088,0,4086,1000000,-4,2657000,-3,100:1,111:1
B,871572,0x80,1,128,1000000,-6,0,0,326,0,86,0,0,1071400,-2,0:230,1:3,16:2,17:2,18:2,20:1
B,871572,0x80,2,64,1000000,-6,0,0,327,0,0,1100000,-5,1300000,-5,11:81,13:246
V,871572,0x80,0,4089,0,0,9992600,-2,1004880,-1,1000952,-1,1000000,-6,6,1,0,0
V,871572,0x80,1,4089,0,0,1014423,-1,1014423,-1,1014423,-1,0,127,4089,0,0,0
S,871572,1787675235,0x90,56024,4050,243,1,-1,834627,10586,1000000,-4,1058600,-2,1058600,-2,1058600,-2,1058600,-2,1000000,-6,4047,1750000,-5,1500000,-6,0,0,-1224085,-2,10127,34,2,10351
B,871572,0x90,0,128,1000000,-6,0,0,4049,0,4047,1000000,-4,1058600,-2,100:1,111:1
B,871572,0x90,1,128,1000000,-6,0,0,242,0,82,0,0,2058500,-2,0:110,1:48,18:1,19:1
B,871572,0x90,2,64,1000000,-6,0,0,243,0,0,1600000,-5,1700000,-5,16:81,17:162
V,871572,0x90,0,4050,0,0,8029285,-5,1060655,-4,1028929,-4,1525879,-11,1,1,0,0
S,871572,1787675235,0xa0,56024,1,1,1,-1,0,0,0,0,0,0,0,0,0,0,0,0,1000000,-6,0,1500000,-6,0,0,0,0,0,0,2,2,0,831232
B,871572,0xa0,2,64,1000000,-6,0,0,1,0,0,1000000,-6,1000000,-6,1:1
V,871572,0xa0,0,1,0,1,1401299,-51,1401299,-51,1401299,-51,0,127,1,0,1,0
S,871572,1787675235,0xb0,56024,2,2,1,-1,820357,820357,8203570,-1,8203570,-1,8203570,-1,8203570,-1,8203570,-1,1000000,-6,1,1500000,-6,8201670,-1,0,0,-2316602,-4,190,0,0,190
B,871572,0xb0,0,128,1000000,-6,0,0,1,0,1,8203570,-1,8203570,-1
B,871572,0xb0,1,128,1000000,-6,0,0,1,0,1,8201670,-1,8201670,-1
B,871572,0xb0,2,64,1000000,-6,0,0,2,0,0,1000000,-6,1000000,-6,1:2
V,871572,0xb0,0,2,0,1,0,0,1401299,-51,0,0,1401299,-51,1,1,2,0
S,871572,1787675235,0xc0,56024,1,1,2,-1,0,0,0,0,0,0,0,0,0,0,0,0,1000000,-6,0,1500000,-6,0,0,0,0,0,0,189,189,0,189
B,871572,0xc0,2,64,1000000,-6,0,0,1,0,0,1000000,-6,1000000,-6,1:1
V,871572,0xc0,0,1,0,0,0,0,0,0,0,0,0,127,1,0,1,0
V,871572,0xc0,1,1,0,0,0,0,0,0,0,0,0,127,1,0,1,0
S,871572,1787675235,0xe0,56024,1,1,1,-1,0,0,0,0,0,0,0,0,0,0,0,0,1000000,-6,0,1500000,-6,0,0,0,0,0,0,189,189,0,189
B,871572,0xe0,2,64,1000000,-6,0,0,1,0,0,1000000,-6,1000000,-6,1:1
V,871572,0xe0,0,1,0,0,0,0,0,0,0,0,0,127,1,0,1,0
S,871572,1787675235,0xe1,56024,1,1,1,-1,0,0,0,0,0,0,0,0,0,0,0,0,1000000,-6,0,1500000,-6,0,0,0,0,0,0,189,189,0,188
B,871572,0xe1,2,64,1000000,-6,0,0,1,0,0,1000000,-6,1000000,-6,1:1
V,871572,0xe1,0,1,0,0,0,0,0,0,0,0,0,127,1,0,1,0
S,871572,1787675235,0x110,56024,815,163,5,-1,834358,6317,1011000,-3,6317000,-3,6317000,-3,6317000,-3,6317000,-3,1000000,-6,814,5500000,-6,1040600,-2,0,0,-4887391,-3,4059,1,2,5092
B,871572,0x110,0,128,1000000,-6,0,0,814,0,814,1011000,-3,6317000,-3
B,871572,0x110,1,128,1000000,-6,0,0,162,0,162,4437000,-3,1040600,-2
B,871572,0x110,2,64,1000000,-6,0,0,163,0,0,5000000,-6,5000000,-6,5:163
V,871572,0x110,0,815,0,0,0,0,0,0,0,0,0,127,815,0,0,0
V,871572,0x110,1,815,0,0,0,0,0,0,0,0,0,127,815,0,1,0
V,871572,0x110,2,815,0,0,0,0,0,0,0,0,0,127,815,0,0,0
V,871572,0x110,3,815,0,0,0,0,0,0,0,0,0,127,815,0,0,0
V,871572,0x110,4,815,0,0,0,0,0,0,0,0,0,127,815,0,0,0
S,871572,1787675235,0x111,56024,815,163,3,-1,834358,6317,1011000,-3,6317000,-3,6317000,-3,6317000,-3,6317000,-3,1000000,-6,814,5500000,-6,1040600,-2,0,0,-4852294,-3,4059,30,2,5091
B,871572,0x111,0,128,1000000,-6,0,0,814,0,814,1011000,-3,6317000,-3
B,871572,0x111,1,128,1000000,-6,0,0,162,0,162,4437000,-3,1040600,-2
B,871572,0x111,2,64,1000000,-6,0,0,163,0,0,5000000,-6,5000000,-6,5:163
V,871572,0x111,0,815,0,0,0,0,0,0,0,0,0,127,815,0,0,0
V,871572,0x111,1,815,0,0,0,0,0,0,0,0,0,127,815,0,1,0
V,871572,0x111,2,815,0,0,0,0,0,0,0,0,0,127,815,0,1,0
S,871572,1787675235,0x112,56024,820,164,1,-1,834358,1226,1011000,-3,1226000,-3,1226000,-3,1226000,-3,1226000,-3,1000000,-6,819,5500000,-6,5633000,-3,0,0,-4852294,-3,4059,30,2,5090
B,871572,0x112,0,128,1000000,-6,0,0,819,0,819,1011000,-3,1226000,-3
B,871572,0x112,1,128,1000000,-6,0,0,163,0,163,4437000,-3,5633000,-3
B,871572,0x112,2,64,1000000,-6,0,0,164,0,0,5000000,-6,5000000,-6,5:164
V,871572,0x112,0,820,0,0,0,0,0,0,0,0,0,127,820,0,0,0
S,871572,1787675235,0x120,56024,2,2,1,-1,474704,474704,4747040,-1,4747040,-1,4747040,-1,4747040,-1,4747040,-1,1000000,-6,1,1500000,-6,4745240,-1,0,0,-3793275,-4,181,1,0,181
B,871572,0x120,0,128,1000000,-6,0,0,1,0,1,4747040,-1,4747040,-1
B,871572,0x120,1,128,1000000,-6,0,0,1,0,1,4745240,-1,4745240,-1
B,871572,0x120,2,64,1000000,-6,0,0,2,0,0,1000000,-6,1000000,-6,1:2
V,871572,0x120,0,2,0,0,9899610,-5,9997266,-5,9948438,-5,9765626,-7,1,1,0,0
S,871572,1787675235,0x121,56024,2,2,2,-1,835501,835501,8355010,-1,8355010,-1,8355010,-1,8355010,-1,8355010,-1,1000000,-6,1,1500000,-6,8353220,-1,0,0,-2142886,-4,181,2,0,181
B,871572,0x121,0,128,1000000,-6,0,0,1,0,1,8355010,-1,8355010,-1
B,871572,0x121,1,128,1000000,-6,0,0,1,0,1,8353220,-1,8353220,-1
B,871572,0x121,2,64,1000000,-6,0,0,2,0,0,1000000,-6,1000000,-6,1:2
V,871572,0x121,0,2,0,1,0,0,1401299,-51,0,0,1401299,-51,1,1,2,0
V,871572,0x121,1,2,0,1,0,0,1401299,-51,0,0,1401299,-51,1,1,2,0
S,871572,1787675235,0x122,56024,820,164,5,-1,834151,1183,1011000,-3,1183000,-3,1183000,-3,1183000,-3,1183000,-3,1000000,-6,819,5500000,-6,5836000,-3,0,0,-4882556,-3,4059,6,2,5089
B,871572,0x122,0,128,1000000,-6,0,0,819,0,819,1011000,-3,1183000,-3
B,871572,0x122,1,128,1000000,-6,0,0,163,0,163,4208000,-3,5836000,-3
B,871572,0x122,2,64,1000000,-6,0,0,164,0,0,5000000,-6,5000000,-6,5:164
V,871572,0x122,0,820,0,0,4363360,-6,4403828,-6,4387454,-6,1559258,-10,11,1,0,0
V,871572,0x122,1,820,0,0,-6093750,-5,2187500,-6,-1415587,-5,7812500,-7,11,1,0,0
V,871572,0x122,2,820,0,0,-3640625,-5,-5312500,-6,-1414634,-5,1562500,-7,11,1,0,0
V,871572,0x122,3,820,0,0,2190000,-4,2225000,-4,2208073,-4,5000000,-7,132,1,0,0
V,871572,0x122,4,820,0,0,2230000,-4,2230000,-4,2230000,-4,0,127,820,0,0,0
S,871572,1787675235,0x130,56024,0,0,0,-1,0,0,0,0,0,0,0,0,0,0,0,0,1000000,-6,0,0,0,0,0,0,0,0,0,0,0,0,-1
S,871572,1787675235,0x131,56024,0,0,0,-1,0,0,0,0,0,0,0,0,0,0,0,0,1000000,-6,0,0,0,0,0,0,0,0,0,0,0,0,-1
S,871572,1787675235,0x140,56024,1,1,1,-1,0,0,0,0,0,0,0,0,0,0,0,0,1000000,-6,0,1500000,-6,0,0,0,0,0,0,177,177,0,177
B,871572,0x140,2,64,1000000,-6,0,0,1,0,0,1000000,-6,1000000,-6,1:1
V,871572,0x140,0,1,0,1,1401299,-51,1401299,-51,1401299,-51,0,127,1,0,1,0
S,871572,1787675235,0x150,56024,820,164,2,-1,834359,1230,1011000,-3,1230000,-3,1230000,-3,1230000,-3,1230000,-3,1000000,-6,819,5500000,-6,5632000,-3,0,0,-4854708,-3,4059,28,2,5086
B,871572,0x150,0,128,1000000,-6,0,0,819,0,819,1011000,-3,1230000,-3
B,871572,0x150,1,128,1000000,-6,0,0,163,0,163,4437000,-3,5632000,-3
B,871572,0x150,2,64,1000000,-6,0,0,164,0,0,5000000,-6,5000000,-6,5:164
V,871572,0x150,0,820,0,0,0,0,0,0,0,0,0,127,820,0,0,0
V,871572,0x150,1,820,0,0,0,0,0,0,0,0,0,127,820,0,1,0
X,873617,1787675237,9,truncated_by_usb,2138,0,180134
