# SleepLab epoch log, schema 3. One row per 30 s recording epoch.
# uptime_ms is device uptime and survives an app restart; wall_utc is the
# wall clock and can jump. Durations come from uptime, times of day from
# the wall clock, and -1 means not measured (never 0).
# Schema 2 adds the delivery and power columns the Tier 0 probe used to own,
# so one night can answer both what the wearer did and what the hardware did.
# They are absent, not zero, when the diagnostics setting is off.
# Schema 3 adds count_x/y/z, the per-axis integrals count is the vector
# magnitude of. Noise is roughly isotropic and movement is not, so the split
# is what separates a sensor noise floor from a floor of micro-movement.
uptime_ms,wall_utc,span_ms,count,peak,samples,count_x,count_y,count_z,motion,sig_motion,step_delta,hr_mean_x10,hr_min_x10,hr_samples,hr_source,worn_pct,worn_edges,batt_pct_x10,charging,rmssd_x10,sdnn_x10,rr_count,acc_batches,acc_max_gap_ms,touch_n,hr_trust_x10,hrex_opt,hrex_ext,hrex_unk,batt_mv,batt_ma_x10,batt_avg_ma_x10,batt_mah,wakes,msgs
# SleepLab v0.3.0 bed=1260-660 hr=continuous alarm=0 epoch_s=30 scoring_epoch_s=60
6817323,1787290283,30000,374,38,1500,243,216,184,0,0,0,530,520,30,1,100,0,1000,0,-1,-1,0,156,21,0,30,30,0,0,4370,-35,-42,213,218,217
6847323,1787290313,30000,373,34,1500,244,215,181,0,0,0,525,520,30,1,100,0,1000,0,-1,-1,0,156,21,0,29,30,0,0,4371,-6,-31,213,218,217
6877323,1787290343,30000,361,36,1500,226,213,183,0,0,0,529,520,30,1,100,0,1000,0,-1,-1,0,156,21,0,28,30,0,0,4372,48,-17,213,218,217
6907323,1787290373,30000,343,36,1375,231,193,163,0,0,0,544,530,29,1,100,0,1000,0,-1,-1,0,143,21,0,25,29,0,0,4370,-78,-32,213,204,202
6937323,1787290403,30000,389,37,1500,269,212,184,0,0,0,539,530,30,1,100,0,1000,0,-1,-1,0,156,21,0,30,30,0,0,4371,14,9,213,219,217
6967323,1787290433,30000,358,33,1500,226,208,183,0,0,0,526,510,30,1,100,0,1000,0,-1,-1,0,156,21,0,28,30,0,0,4371,0,7,213,218,217
6997323,1787290463,30000,378,35,1500,243,225,182,0,0,0,552,530,30,1,100,0,1000,0,-1,-1,0,156,21,0,25,30,0,0,4369,-48,-32,213,218,217
7027323,1787290493,30000,377,32,1500,248,211,189,0,0,0,543,530,30,1,100,0,1000,0,-1,-1,0,156,21,0,30,30,0,0,4370,-42,-31,213,218,217
7057323,1787290523,30000,364,34,1500,241,204,179,0,0,0,534,520,30,1,100,0,1000,0,-1,-1,0,156,21,0,30,30,0,0,4372,35,17,213,218,217
7087323,1787290553,30000,392,41,1500,260,218,196,0,0,0,542,530,30,1,100,0,1000,0,-1,-1,0,156,21,0,26,30,0,0,4371,-6,-64,213,218,217
7117323,1787290583,30000,386,35,1500,255,227,180,0,0,0,540,520,30,1,100,0,1000,0,-1,-1,0,156,21,0,21,30,0,0,4371,14,4,213,218,217
7147323,1787290613,30000,381,33,1500,250,214,190,0,0,0,538,530,30,1,100,0,1000,0,-1,-1,0,156,21,0,28,30,0,0,4371,-14,-10,213,218,217
7177323,1787290643,30000,374,37,1500,239,225,180,0,0,0,534,530,29,1,100,0,1000,0,-1,-1,0,156,21,0,26,29,0,0,4371,14,-60,213,216,215
7207323,1787290673,30000,370,36,1500,223,224,190,0,0,0,543,530,30,1,100,0,1000,0,-1,-1,0,156,21,0,23,30,0,0,4371,-64,-45,213,219,217
7237323,1787290703,30000,374,36,1500,241,214,189,0,0,0,537,530,30,1,100,0,1000,0,-1,-1,0,156,21,0,28,30,0,0,4370,48,15,213,218,217
7267323,1787290733,30000,377,36,1500,242,223,185,0,0,0,533,530,30,1,100,0,1000,0,-1,-1,0,156,21,0,30,30,0,0,4370,6,-48,213,218,217
7297323,1787290763,30000,361,31,1500,243,203,171,0,0,0,545,530,30,1,100,0,1000,0,-1,-1,0,156,21,0,27,30,0,0,4369,-42,-31,213,219,217
7327323,1787290793,30000,373,41,1500,237,216,189,0,0,0,542,530,30,1,100,0,1000,0,-1,-1,0,156,21,0,26,30,0,0,4371,-14,0,213,218,217
7357323,1787290823,30000,381,55,1500,244,221,190,0,0,0,544,530,30,1,100,0,999,0,-1,-1,0,156,21,0,25,30,0,0,4369,-56,-62,212,219,218
7387323,1787290853,30000,363,35,1500,233,204,189,0,0,0,535,530,29,1,100,0,1000,0,-1,-1,0,156,21,0,30,29,0,0,4371,-28,-57,212,218,216
7417323,1787290883,30000,374,30,1500,237,224,182,0,0,0,529,510,30,1,100,0,1000,0,-1,-1,0,156,21,0,28,30,0,0,4370,0,-7,212,218,217
7447323,1787290913,30000,361,30,1500,225,208,189,0,0,0,529,510,30,1,100,0,1000,0,-1,-1,0,156,21,0,16,30,0,0,4366,56,20,212,219,217
7477323,1787290943,30000,360,34,1500,229,215,176,0,0,0,535,520,30,1,100,0,1000,0,-1,-1,0,156,21,0,30,30,0,0,4372,-28,-15,212,218,217
7507323,1787290973,30000,393,40,1500,265,225,182,0,0,0,538,530,30,1,100,0,1000,0,-1,-1,0,156,21,0,30,30,0,0,4369,14,-9,212,218,217
7537323,1787291003,30000,328,32,1375,210,192,163,0,0,0,541,530,29,1,100,0,1000,0,-1,-1,0,143,21,0,30,29,0,0,4369,-98,3,212,203,202
7567323,1787291033,30000,349,30,1500,220,202,180,0,0,0,527,510,30,1,100,0,1000,0,-1,-1,0,156,21,0,30,30,0,0,4369,-21,-23,212,219,217
7597323,1787291063,30000,359,35,1500,240,207,168,0,0,0,533,510,30,1,100,0,1000,0,-1,-1,0,156,21,0,30,30,0,0,4369,-21,-23,212,218,217
7627323,1787291093,30000,377,36,1500,245,214,191,0,0,0,539,530,30,1,100,0,1000,0,-1,-1,0,156,21,0,28,30,0,0,4370,21,-10,212,218,217
7657323,1787291123,30000,392,38,1500,248,229,199,0,0,0,538,520,30,1,100,0,1000,0,-1,-1,0,156,21,0,25,30,0,0,4368,-56,-39,212,218,217
7687323,1787291153,30000,358,31,1500,234,205,175,0,0,0,551,550,30,1,100,0,1000,0,-1,-1,0,156,21,0,30,30,0,0,4368,43,25,212,219,217
7717323,1787291183,30000,394,38,1500,251,231,197,0,0,0,547,540,30,1,100,0,1000,0,-1,-1,0,156,21,0,30,30,0,0,4370,6,-3,212,218,217
7747323,1787291213,30000,370,31,1500,245,213,177,0,0,0,543,530,30,1,100,0,1000,0,-1,-1,0,156,21,0,25,30,0,0,4369,28,1,212,218,217
7777323,1787291243,30000,387,32,1500,248,226,192,0,0,0,550,550,29,1,100,0,1000,0,-1,-1,0,156,21,0,26,29,0,0,4370,35,17,212,216,215
7807323,1787291273,30000,359,32,1500,231,201,186,0,0,0,541,530,30,1,100,0,1000,0,-1,-1,0,156,21,0,30,30,0,0,4370,-21,3,212,218,217
7837323,1787291303,30000,390,38,1500,260,216,194,0,0,0,537,530,30,1,100,0,1000,0,-1,-1,0,156,21,0,30,30,0,0,4369,6,-14,212,218,217
7867323,1787291333,30000,528,95,1500,334,330,240,0,0,0,540,530,30,1,100,0,1000,0,-1,-1,0,156,21,0,27,30,0,0,4370,6,-23,212,218,217
7897323,1787291363,30000,333,37,1375,213,199,160,0,0,0,535,530,30,1,100,0,1000,0,-1,-1,0,143,21,0,28,30,0,0,4368,35,18,212,205,204
7927324,1787291393,30001,384,42,1500,249,222,189,0,0,0,545,530,30,1,100,0,1000,0,-1,-1,0,156,21,0,24,30,0,0,4370,-42,-31,212,219,217
7957323,1787291423,29999,382,32,1500,252,216,190,0,0,0,545,530,30,1,100,0,1000,0,-1,-1,0,156,21,0,27,30,0,0,4368,-28,-7,212,218,217
7987323,1787291453,30000,366,38,1500,227,223,181,0,0,0,535,530,30,1,100,0,1000,0,-1,-1,0,156,21,0,29,30,0,0,4370,-21,-3,212,218,217
8017323,1787291483,30000,391,34,1500,250,226,196,0,0,0,545,540,29,1,100,0,1000,0,-1,-1,0,156,40,0,30,29,0,0,4367,-64,-35,212,216,215
8047323,1787291513,30000,366,34,1500,232,214,184,0,0,0,545,540,30,1,100,0,1000,0,-1,-1,0,156,21,0,30,30,0,0,4368,21,-3,212,218,217
8077323,1787291543,30000,378,37,1500,243,225,183,0,0,0,541,530,30,1,100,0,1000,0,-1,-1,0,156,21,0,29,30,0,0,4368,-184,-82,212,218,217
8107323,1787291573,30000,373,38,1500,240,221,180,0,0,0,543,530,30,1,100,0,1000,0,-1,-1,0,156,21,0,24,30,0,0,4368,14,-7,212,218,217
8137323,1787291603,30000,362,35,1500,234,213,173,0,0,0,539,530,30,1,100,0,1000,0,-1,-1,0,156,21,0,28,30,0,0,4369,6,-21,212,218,217
8167324,1787291633,30001,366,34,1500,236,214,180,0,0,0,543,540,30,1,100,0,1000,0,-1,-1,0,156,21,0,27,30,0,0,4369,78,31,212,219,217
8197323,1787291663,29999,387,31,1500,253,224,188,0,0,0,553,540,30,1,100,0,1000,0,-1,-1,0,156,21,0,30,30,0,0,4369,-92,-50,212,218,217
8227323,1787291693,30000,366,33,1500,230,212,189,0,0,0,538,520,30,1,100,0,1000,0,-1,-1,0,156,21,0,29,30,0,0,4369,-28,-50,212,218,217
8257324,1787291723,30001,356,32,1500,230,210,173,0,0,0,548,540,30,1,100,0,1000,0,-1,-1,0,156,21,0,25,30,0,0,4369,-6,-32,212,219,217
8287323,1787291753,29999,341,33,1375,211,206,171,0,0,0,552,550,29,1,100,0,1000,0,-1,-1,0,143,21,0,29,29,0,0,4368,21,6,212,203,202
8317323,1787291783,30000,362,33,1500,228,209,187,0,0,0,545,520,30,1,100,0,1000,0,-1,-1,0,156,21,0,28,30,0,0,4368,-14,-26,212,219,217
8347323,1787291813,30000,1758,1417,1625,1307,984,643,1,0,0,549,540,30,1,100,0,1000,0,-1,-1,0,169,40,0,29,30,0,0,4367,-21,-21,212,233,231
8377323,1787291843,30000,11727,4886,1375,6324,9170,3664,0,0,0,649,570,30,1,100,0,1000,0,-1,-1,0,143,40,0,19,30,0,0,4368,-28,0,212,206,205
8407323,1787291873,30000,309,34,1500,115,252,136,0,0,0,533,510,30,1,100,0,1000,0,-1,-1,0,156,21,0,30,30,0,0,4368,0,4,212,219,217
8437323,1787291903,30000,290,26,1500,120,235,120,0,0,0,524,510,29,1,100,0,1000,0,-1,-1,0,156,21,0,30,29,0,0,4368,-14,-26,212,216,215
8467323,1787291933,30000,310,50,1500,111,250,145,0,0,0,562,510,30,1,100,0,999,0,-1,-1,0,156,21,0,30,30,0,0,4367,-6,-62,212,220,218
8497323,1787291963,30000,230,23,1375,106,169,114,0,0,0,541,530,30,1,100,0,999,0,-1,-1,0,143,21,0,30,30,0,0,4363,21,12,212,205,204
8527323,1787291993,30000,279,27,1500,118,213,135,0,0,0,548,530,30,1,100,0,999,0,-1,-1,0,156,21,0,28,30,0,0,4363,43,10,212,219,217
8557323,1787292023,30000,264,26,1500,112,202,126,0,0,0,548,540,30,1,100,0,1000,0,-1,-1,0,156,21,0,30,30,0,0,4368,-21,-23,212,219,218
8587323,1787292053,30000,262,26,1500,117,191,136,0,0,0,547,540,29,1,100,0,1000,0,-1,-1,0,156,40,0,30,29,0,0,4368,14,1,212,216,215
8617324,1787292083,30001,287,28,1500,119,225,131,0,0,0,540,520,30,1,100,0,1000,0,-1,-1,0,156,21,0,28,30,0,0,4368,-42,-45,212,219,217
8647323,1787292113,29999,262,25,1500,110,195,136,0,0,0,540,530,30,1,100,0,1000,0,-1,-1,0,156,21,0,30,30,0,0,4368,78,-3,212,218,217
8677323,1787292143,30000,272,26,1500,101,207,145,0,0,0,543,540,30,1,100,0,1000,0,-1,-1,0,156,21,0,30,30,0,0,4368,28,-14,212,218,217
8707323,1787292173,30000,265,27,1500,105,207,126,0,0,0,547,540,30,1,100,0,1000,0,-1,-1,0,156,21,0,30,30,0,0,4369,-14,3,212,219,217
8737323,1787292203,30000,267,24,1500,103,209,130,0,0,0,551,550,30,1,100,0,1000,0,-1,-1,0,156,21,0,27,30,0,0,4368,6,-25,212,218,217
8767323,1787292233,30000,276,26,1500,120,215,123,0,0,0,551,550,30,1,100,0,1000,0,-1,-1,0,156,21,0,28,30,0,0,4368,-78,-42,212,218,217
8797323,1787292263,30000,271,25,1500,101,215,129,0,0,0,550,550,30,1,100,0,1000,0,-1,-1,0,156,40,0,30,30,0,0,4368,6,0,212,218,217
8827323,1787292293,30000,276,28,1500,107,220,128,0,0,0,553,540,30,1,100,0,1000,0,-1,-1,0,156,21,0,30,30,0,0,4368,-28,-10,212,218,217
8857323,1787292323,30000,272,28,1500,104,213,133,0,0,0,538,530,29,1,100,0,1000,0,-1,-1,0,156,21,0,29,29,0,0,4369,-56,-37,212,217,215
8887323,1787292353,30000,281,26,1500,106,226,128,0,0,0,545,530,30,1,100,0,1000,0,-1,-1,0,156,21,0,29,30,0,0,4368,-14,-25,212,219,217
8917323,1787292383,30000,265,31,1500,107,203,132,0,0,0,551,530,30,1,100,0,1000,0,-1,-1,0,156,21,0,28,30,0,0,4368,43,6,212,218,217
8947323,1787292413,30000,279,26,1500,103,225,129,0,0,0,550,540,30,1,100,0,1000,0,-1,-1,0,156,21,0,30,30,0,0,4368,-71,-21,212,218,217
8977323,1787292443,30000,228,25,1375,96,174,112,0,0,0,539,520,30,1,100,0,1000,0,-1,-1,0,143,21,0,27,30,0,0,4367,28,-4,212,205,204
9007323,1787292473,30000,342,34,1500,122,286,143,0,0,0,606,560,30,1,100,0,1000,0,-1,-1,0,156,40,0,30,30,0,0,4368,-21,0,212,218,217
9037323,1787292503,30000,284,29,1500,99,228,138,0,0,0,584,580,30,1,100,0,1000,0,-1,-1,0,156,21,0,30,30,0,0,4369,0,-7,212,218,217
9067323,1787292533,30000,330,32,1500,130,267,143,0,0,0,571,560,30,1,100,0,1000,0,-1,-1,0,156,21,0,30,30,0,0,4366,-35,-23,212,219,217
9097323,1787292563,30000,320,28,1500,105,270,136,0,0,0,585,570,29,1,100,0,1000,0,-1,-1,0,156,21,0,30,29,0,0,4368,35,15,212,216,215
9127323,1787292593,30000,321,34,1500,120,266,134,0,0,0,611,600,30,1,100,0,1000,0,-1,-1,0,156,21,0,30,30,0,0,4369,-50,-23,212,218,217
9157323,1787292623,30000,2893,1742,1375,1318,2425,866,1,0,0,603,590,30,1,100,0,1000,0,-1,-1,0,143,40,0,28,30,0,0,4368,43,28,212,207,206
9187324,1787292653,30001,424,45,1500,252,220,260,0,0,0,648,550,30,1,100,0,1000,0,-1,-1,0,156,21,0,30,30,0,0,4363,-114,-57,212,219,217
9217323,1787292683,29999,474,177,1500,224,319,269,0,0,0,555,550,30,1,100,0,1000,0,-1,-1,0,156,40,0,30,30,0,0,4368,-92,-43,212,218,217
9247323,1787292713,30000,309,30,1500,183,161,188,0,0,0,540,530,30,1,100,0,1000,0,-1,-1,0,156,21,0,30,30,0,0,4367,-28,-23,212,219,217
9277323,1787292743,30000,372,36,1500,230,191,221,0,0,0,564,550,29,1,100,0,1000,0,-1,-1,0,156,21,0,30,29,0,0,4368,-42,-51,212,216,215
9307323,1787292773,30000,372,40,1500,227,203,214,0,0,0,604,580,30,1,100,0,1000,0,-1,-1,0,156,21,0,28,30,0,0,4368,-14,-10,212,218,217
9337323,1787292803,30000,330,36,1500,191,187,192,0,0,0,573,570,30,1,100,0,1000,0,-1,-1,0,156,40,0,30,30,0,0,4365,-21,-15,212,219,217
9367323,1787292833,30000,8974,3928,1375,5724,6400,2607,1,0,0,569,540,30,1,100,0,1000,0,-1,-1,0,143,40,0,27,30,0,0,4367,-6,-25,212,207,206
9397324,1787292863,30001,661,235,1500,342,526,208,0,0,0,559,540,30,1,100,0,999,0,-1,-1,0,156,40,0,22,30,0,0,4367,-21,-28,212,220,218
9427323,1787292893,29999,497,53,1500,176,429,178,0,0,0,554,550,29,1,100,0,999,0,-1,-1,0,156,40,0,30,29,0,0,4367,-28,-10,211,216,215
9457323,1787292923,30000,379,43,1500,153,308,158,0,0,0,549,540,30,1,100,0,999,0,-1,-1,0,156,21,0,30,30,0,0,4367,-6,1,211,218,217
9487323,1787292953,30000,593,56,1500,199,522,197,0,0,0,585,560,30,1,100,0,999,0,-1,-1,0,156,21,0,26,30,0,0,4367,-14,-4,211,218,217
9517323,1787292983,30000,458,51,1375,176,388,166,1,0,0,570,550,30,1,100,0,999,0,-1,-1,0,143,21,0,26,30,0,0,4367,-107,-68,211,207,205
9547323,1787293013,30000,2043,1319,1500,719,1845,502,0,0,0,554,530,30,1,100,0,999,0,-1,-1,0,156,40,0,26,30,0,0,4367,6,4,211,220,218
9577323,1787293043,30000,281,28,1500,153,187,143,0,0,0,542,530,30,1,100,0,999,0,-1,-1,0,156,21,0,30,30,0,0,4365,-64,-53,211,218,217
9607323,1787293073,30000,559,407,1500,211,464,229,0,0,0,548,530,30,1,100,0,999,0,-1,-1,0,156,21,0,30,30,0,0,4367,-14,-12,211,218,217
9637324,1787293103,30001,334,34,1500,191,227,153,0,0,0,556,540,29,1,100,0,999,0,-1,-1,0,156,21,0,30,29,0,0,4366,6,7,211,217,215
9667323,1787293133,29999,333,38,1500,188,232,147,0,0,0,554,550,30,1,100,0,1000,0,-1,-1,0,156,21,0,30,30,0,0,4366,-92,-67,211,219,218
9697323,1787293163,30000,406,185,1500,190,314,172,0,0,0,569,530,30,1,100,0,1000,0,-1,-1,0,156,21,0,26,30,0,0,4367,0,-6,211,218,217
9727323,1787293193,30000,287,31,1500,150,196,146,0,0,0,545,530,30,1,100,0,1000,0,-1,-1,0,156,21,0,30,30,0,0,4366,21,25,211,218,217
9757323,1787293223,30000,320,36,1500,170,217,162,0,0,0,555,530,30,1,100,0,1000,0,-1,-1,0,156,21,0,30,30,0,0,4368,28,-1,211,218,217
9787323,1787293253,30000,414,34,1500,259,270,177,0,0,0,630,600,30,1,100,0,1000,0,-1,-1,0,156,21,0,28,30,0,0,4368,43,37,211,218,217
9817323,1787293283,30000,324,36,1500,184,220,152,0,0,0,596,580,29,1,100,0,1000,0,-1,-1,0,156,21,0,25,29,0,0,4366,-92,-67,211,216,215
9847323,1787293313,30000,333,34,1500,186,225,159,0,0,0,583,570,30,1,100,0,1000,0,-1,-1,0,156,21,0,24,30,0,0,4365,28,9,211,219,217
9877323,1787293343,30000,298,28,1500,162,204,144,0,0,0,574,570,30,1,100,0,1000,0,-1,-1,0,156,21,0,28,30,0,0,4365,-14,-17,211,218,217
9907323,1787293373,30000,303,28,1500,165,209,143,0,0,0,573,570,30,1,100,0,1000,0,-1,-1,0,156,21,0,30,30,0,0,4366,-56,-37,211,218,217
9937323,1787293403,30000,26204,10067,1375,10805,18471,15123,1,1,0,625,570,29,1,100,0,1000,0,-1,-1,0,143,40,0,21,29,0,0,4366,-79,-42,211,206,205
9967323,1787293433,30000,529,66,1500,245,317,345,0,0,0,654,570,30,1,100,0,1000,0,-1,-1,0,156,21,0,24,30,0,0,4363,-142,-81,211,218,217
9997323,1787293463,30000,492,53,1500,231,299,314,0,0,0,571,560,30,1,100,0,1000,0,-1,-1,0,156,21,0,30,30,0,0,4364,21,17,211,218,217
10027323,1787293493,30000,2028,1148,1500,691,885,1688,1,0,0,587,580,30,1,100,0,1000,0,-1,-1,0,156,40,0,27,30,0,0,4367,-28,-21,211,220,219
10057324,1787293523,30001,443,61,1500,222,244,296,0,0,0,601,580,30,1,100,0,1000,0,-1,-1,0,156,21,0,30,30,0,0,4366,0,9,211,219,217
10087323,1787293553,29999,461,52,1500,231,242,316,0,0,0,593,580,29,1,100,0,1000,0,-1,-1,0,156,21,0,29,29,0,0,4365,0,-10,211,216,215
10117323,1787293583,30000,491,61,1500,245,266,332,0,0,0,605,590,30,1,100,0,1000,0,-1,-1,0,156,21,0,30,30,0,0,4366,0,-23,211,219,217
10147323,1787293613,30000,502,54,1375,258,268,337,0,0,0,601,590,30,1,100,0,1000,0,-1,-1,0,143,40,0,29,30,0,0,4363,-50,-35,211,205,204
10177323,1787293643,30000,476,54,1500,254,264,303,0,0,0,599,590,30,1,100,0,1000,0,-1,-1,0,156,40,0,28,30,0,0,4367,-21,-7,211,218,217
10207323,1787293673,30000,435,52,1500,233,242,275,0,0,0,597,570,30,1,100,0,1000,0,-1,-1,0,156,21,0,30,30,0,0,4367,-28,-45,211,218,217
10237323,1787293703,30000,486,50,1500,257,270,312,0,0,0,596,580,30,1,100,0,1000,0,-1,-1,0,156,21,0,29,30,0,0,4366,0,6,211,219,217
10267323,1787293733,30000,458,52,1500,238,255,297,0,0,0,609,600,30,1,100,0,1000,0,-1,-1,0,156,40,0,29,30,0,0,4366,-6,0,211,218,217
10297323,1787293763,30000,468,54,1500,251,246,308,0,0,0,603,590,30,1,100,0,1000,0,-1,-1,0,156,21,0,30,30,0,0,4365,-84,-76,211,218,217
10327323,1787293793,30000,448,54,1500,230,244,297,0,0,0,593,590,30,1,100,0,1000,0,-1,-1,0,156,21,0,28,30,0,0,4365,-42,-23,211,218,217
10357323,1787293823,30000,457,54,1375,237,243,304,0,0,0,604,600,29,1,100,0,1000,0,-1,-1,0,143,21,0,30,29,0,0,4366,43,14,211,204,202
10387323,1787293853,30000,486,50,1500,257,237,338,0,0,0,587,580,30,1,100,0,1000,0,-1,-1,0,156,21,0,30,30,0,0,4367,-28,-14,211,218,217
10417323,1787293883,30000,458,52,1500,247,249,294,0,0,0,597,590,30,1,100,0,1000,0,-1,-1,0,156,21,0,28,30,0,0,4366,-50,-42,211,218,217
10447323,1787293913,30000,462,49,1500,250,255,293,0,0,0,599,590,30,1,100,0,1000,0,-1,-1,0,156,21,0,30,30,0,0,4367,-14,-4,211,218,217
10477323,1787293943,30000,500,58,1500,259,268,332,0,0,0,602,580,30,1,100,0,1000,0,-1,-1,0,156,21,0,30,30,0,0,4366,-21,-6,211,218,217
10507323,1787293973,30000,456,46,1500,240,229,313,0,0,0,593,580,30,1,100,0,1000,0,-1,-1,0,156,21,0,30,30,0,0,4366,-14,-25,211,219,217
10537323,1787294003,30000,463,48,1500,254,235,308,0,0,0,597,590,30,1,100,0,1000,0,-1,-1,0,156,21,0,30,30,0,0,4366,21,-7,211,218,217
10567323,1787294033,30000,457,48,1500,236,235,312,0,0,0,602,600,30,1,100,0,999,0,-1,-1,0,156,21,0,30,30,0,0,4366,6,-26,211,219,218
10597323,1787294063,30000,458,49,1500,243,249,297,0,0,0,596,590,29,1,100,0,999,0,-1,-1,0,156,21,0,30,29,0,0,4366,6,-26,211,215,214
10627323,1787294093,30000,494,51,1500,264,266,322,0,0,0,603,600,30,1,100,0,999,0,-1,-1,0,156,21,0,30,30,0,0,4366,6,7,211,218,217
10657323,1787294123,30000,487,49,1500,264,270,307,0,0,0,603,600,30,1,100,0,999,0,-1,-1,0,156,21,0,30,30,0,0,4346,-420,-225,211,218,217
10687323,1787294153,30000,461,46,1500,248,254,293,0,0,0,599,590,30,1,100,0,999,0,-1,-1,0,156,40,0,28,30,0,0,4366,-35,-35,211,219,217
10717323,1787294183,30000,436,43,1500,236,236,279,0,0,0,601,590,30,1,100,0,999,0,-1,-1,0,156,21,0,30,30,0,0,4366,-42,-26,211,218,217
10747323,1787294213,30000,459,43,1500,241,245,303,0,0,0,595,590,30,1,100,0,999,0,-1,-1,0,156,21,0,30,30,0,0,4365,-35,-20,211,219,217
10777323,1787294243,30000,490,47,1500,259,261,324,0,0,0,608,590,30,1,100,0,999,0,-1,-1,0,156,21,0,30,30,0,0,4365,-56,-23,211,218,217
10807323,1787294273,30000,442,36,1500,238,241,284,0,0,0,608,600,30,1,100,0,999,0,-1,-1,0,156,21,0,30,30,0,0,4363,0,1,211,218,217
10837323,1787294303,30000,467,44,1500,248,248,308,0,0,0,598,590,30,1,100,0,999,0,-1,-1,0,156,21,0,27,30,0,0,4365,6,4,211,218,217
10867323,1787294333,30000,425,45,1375,225,233,274,0,0,0,596,590,29,1,100,0,999,0,-1,-1,0,143,21,0,30,29,0,0,4365,28,3,211,204,202
10897323,1787294363,30000,477,41,1500,242,264,315,0,0,0,602,590,30,1,100,0,999,0,-1,-1,0,156,40,0,28,30,0,0,4365,-35,-15,211,219,217
10927323,1787294393,30000,459,49,1500,244,252,296,0,0,0,599,590,30,1,100,0,999,0,-1,-1,0,156,21,0,30,30,0,0,4362,0,-9,211,218,217
10957323,1787294423,30000,491,47,1500,269,266,312,0,0,0,606,590,30,1,100,0,999,0,-1,-1,0,156,21,0,27,30,0,0,4364,0,-7,211,218,217
10987323,1787294453,30000,471,43,1500,249,253,309,0,0,0,599,590,30,1,100,0,999,0,-1,-1,0,156,21,0,30,30,0,0,4364,35,3,211,218,217
11017323,1787294483,30000,483,49,1500,262,255,315,0,0,0,603,580,30,1,100,0,999,0,-1,-1,0,156,21,0,30,30,0,0,4365,0,-12,211,218,217
11047323,1787294513,30000,460,46,1500,248,261,285,0,0,0,600,590,30,1,100,0,999,0,-1,-1,0,156,21,0,30,30,0,0,4365,-28,-25,211,218,217
11077323,1787294543,30000,466,48,1500,241,242,317,0,0,0,600,590,30,1,100,0,999,0,-1,-1,0,156,21,0,29,30,0,0,4365,-35,-45,211,218,217
11107323,1787294573,30000,480,48,1500,245,254,325,0,0,0,604,590,30,1,100,0,999,0,-1,-1,0,156,21,0,23,30,0,0,4365,-178,-93,211,219,217
11137323,1787294603,30000,441,46,1500,237,247,277,0,0,0,604,600,29,1,100,0,999,0,-1,-1,0,156,21,0,30,29,0,0,4365,0,0,211,216,215
11167323,1787294633,30000,483,46,1500,270,248,313,0,0,0,613,600,30,1,100,0,999,0,-1,-1,0,156,21,0,29,30,0,0,4365,0,-1,211,218,217
11197324,1787294663,30001,488,56,1500,269,256,316,0,0,0,606,600,30,1,100,0,1000,0,-1,-1,0,156,21,0,26,30,0,0,4364,14,6,211,219,218
11227323,1787294693,29999,422,46,1375,234,226,269,0,0,0,610,570,30,1,100,0,1000,0,-1,-1,0,143,21,0,24,30,0,0,4364,21,3,211,206,204
11257323,1787294723,30000,458,48,1500,246,245,298,0,0,0,608,600,30,1,100,0,1000,0,-1,-1,0,156,21,0,29,30,0,0,4362,-50,-23,211,218,217
11287323,1787294753,30000,536,172,1500,274,279,365,0,0,0,601,590,30,1,100,0,1000,0,-1,-1,0,156,21,0,30,30,0,0,4366,14,-9,211,218,217
11317323,1787294783,30000,490,47,1500,259,265,320,0,0,0,597,590,30,1,100,0,1000,0,-1,-1,0,156,21,0,30,30,0,0,4365,-28,-20,211,219,217
11347323,1787294813,30000,481,54,1500,256,256,316,0,0,0,612,600,29,1,100,0,1000,0,-1,-1,0,156,21,0,23,29,0,0,4361,-50,-50,211,216,215
11377323,1787294843,30000,494,51,1500,266,258,326,0,0,0,616,600,30,1,100,0,1000,0,-1,-1,0,156,21,0,30,30,0,0,4365,43,10,211,218,217
11407323,1787294873,30000,491,47,1500,251,266,327,0,0,0,606,600,30,1,100,0,1000,0,-1,-1,0,156,21,0,27,30,0,0,4364,-21,-1,211,218,217
11437323,1787294903,30000,494,49,1500,271,271,312,0,0,0,606,600,30,1,100,0,1000,0,-1,-1,0,156,21,0,28,30,0,0,4361,-42,-60,211,218,217
11467323,1787294933,30000,480,50,1500,253,270,305,0,0,0,605,600,30,1,100,0,999,0,-1,-1,0,156,21,0,30,30,0,0,4363,21,-3,211,219,218
11497323,1787294963,30000,470,50,1500,258,252,300,0,0,0,601,590,30,1,100,0,999,0,-1,-1,0,156,21,0,30,30,0,0,4364,-42,-26,210,218,217
11527323,1787294993,30000,491,54,1500,258,262,324,0,0,0,610,600,29,1,100,0,1000,0,-1,-1,0,156,40,0,29,29,0,0,4353,-270,-132,210,218,216
11557323,1787295023,30000,495,45,1500,268,264,322,0,0,0,605,600,30,1,100,0,1000,0,-1,-1,0,156,21,0,30,30,0,0,4363,-28,-21,210,218,217
11587324,1787295053,30001,508,54,1500,260,265,347,0,0,0,603,600,30,1,100,0,1000,0,-1,-1,0,156,21,0,30,30,0,0,4363,-14,-23,210,219,217
11617323,1787295083,29999,480,47,1500,248,261,316,0,0,0,600,600,30,1,100,0,1000,0,-1,-1,0,156,21,0,30,30,0,0,4365,6,-17,210,218,217
11647323,1787295113,30000,456,49,1500,244,240,301,0,0,0,609,600,30,1,100,0,1000,0,-1,-1,0,156,21,0,28,30,0,0,4364,-14,-12,210,218,217
11677323,1787295143,30000,438,44,1375,252,224,278,0,0,0,605,600,30,1,100,0,1000,0,-1,-1,0,143,21,0,30,30,0,0,4363,-14,-39,210,205,204
11707323,1787295173,30000,482,44,1500,259,255,317,0,0,0,601,600,30,1,100,0,1000,0,-1,-1,0,156,21,0,30,30,0,0,4364,-6,-23,210,218,217
11737323,1787295203,30000,505,51,1500,275,270,327,0,0,0,609,600,30,1,100,0,1000,0,-1,-1,0,156,40,0,30,30,0,0,4364,-21,-31,210,219,217
11767323,1787295233,30000,478,48,1500,256,256,311,0,0,0,610,590,30,1,100,0,1000,0,-1,-1,0,156,21,0,28,30,0,0,4364,-35,-25,210,218,217
11797323,1787295263,30000,475,46,1500,250,263,306,0,0,0,607,600,30,1,100,0,1000,0,-1,-1,0,156,21,0,30,30,0,0,4362,-64,-25,210,218,217
11827323,1787295293,30000,476,47,1500,256,248,314,0,0,0,604,600,29,1,100,0,1000,0,-1,-1,0,156,21,0,28,29,0,0,4363,-150,-68,210,216,215
11857323,1787295323,30000,501,49,1500,274,276,315,0,0,0,610,600,30,1,100,0,1000,0,-1,-1,0,156,21,0,30,30,0,0,4365,-6,-4,210,219,217
11887323,1787295353,30000,486,46,1500,265,256,316,0,0,0,604,600,30,1,100,0,1000,0,-1,-1,0,156,21,0,30,30,0,0,4363,-50,-25,210,218,217
11917323,1787295383,30000,457,44,1500,239,247,301,0,0,0,613,610,30,1,100,0,1000,0,-1,-1,0,156,21,0,30,30,0,0,4364,-71,-54,210,218,217
11947323,1787295413,30000,453,48,1375,243,245,292,0,0,0,612,600,30,1,100,0,1000,0,-1,-1,0,143,40,0,30,30,0,0,4363,28,10,210,205,204
11977323,1787295443,30000,474,52,1500,255,250,310,0,0,0,605,600,30,1,100,0,1000,0,-1,-1,0,156,21,0,28,30,0,0,4363,-28,-26,210,218,217
12007323,1787295473,30000,541,54,1500,292,285,354,0,0,0,629,610,30,1,100,0,1000,0,-1,-1,0,156,21,0,30,30,0,0,4362,-21,-31,210,218,217
12037323,1787295503,30000,440,54,1500,243,242,274,0,0,0,609,590,30,1,100,0,1000,0,-1,-1,0,156,21,0,30,30,0,0,4364,-50,-39,210,218,217
12067323,1787295533,30000,470,43,1500,252,259,300,0,0,0,603,600,30,1,100,0,1000,0,-1,-1,0,156,21,0,29,30,0,0,4363,14,15,210,218,217
12097323,1787295563,30000,469,52,1500,248,251,309,0,0,0,604,600,29,1,100,0,1000,0,-1,-1,0,156,21,0,30,29,0,0,4364,-35,-31,210,216,215
12127323,1787295593,30000,468,45,1500,250,253,304,0,0,0,606,600,30,1,100,0,1000,0,-1,-1,0,156,21,0,26,30,0,0,4362,-14,-23,210,219,217
12157323,1787295623,30000,513,47,1500,270,271,341,0,0,0,609,600,30,1,100,0,1000,0,-1,-1,0,156,40,0,30,30,0,0,4364,-35,-20,210,218,217
12187324,1787295653,30001,484,52,1500,254,263,316,0,0,0,602,590,30,1,100,0,1000,0,-1,-1,0,156,21,0,30,30,0,0,4363,-14,-18,210,219,217
12217324,1787295683,30000,502,49,1500,269,268,328,0,0,0,609,590,30,1,100,0,1000,0,-1,-1,0,156,21,0,30,30,0,0,4361,-21,4,210,218,217
12247323,1787295713,29999,451,48,1375,244,238,294,0,0,0,606,600,30,1,100,0,1000,0,-1,-1,0,143,21,0,28,30,0,0,4363,-42,-40,210,205,204
12277323,1787295743,30000,466,44,1500,243,253,305,0,0,0,605,600,30,1,100,0,1000,0,-1,-1,0,156,21,0,29,30,0,0,4360,-42,-9,210,219,217
12307323,1787295773,30000,511,65,1500,271,276,333,0,0,0,605,600,30,1,100,0,1000,0,-1,-1,0,156,21,0,30,30,0,0,4363,-28,-29,210,218,217
12337323,1787295803,30000,467,45,1500,253,261,294,0,0,0,622,610,30,1,100,0,1000,0,-1,-1,0,156,21,0,29,30,0,0,4364,-21,-15,210,218,217
12367323,1787295833,30000,514,48,1500,275,273,337,0,0,0,616,600,29,1,100,0,1000,0,-1,-1,0,156,40,0,29,29,0,0,4363,-6,-10,210,216,215
12397323,1787295863,30000,487,47,1500,254,262,322,0,0,0,619,600,30,1,100,0,1000,0,-1,-1,0,156,21,0,29,30,0,0,4363,-21,-137,210,218,217
12427323,1787295893,30000,476,49,1500,256,247,315,0,0,0,616,610,30,1,100,0,1000,0,-1,-1,0,156,21,0,26,30,0,0,4362,-21,-31,210,220,219
12457323,1787295923,30000,486,45,1500,260,259,318,0,0,0,623,620,29,1,100,0,999,0,-1,-1,0,156,21,0,26,29,0,0,4362,-50,-25,210,217,216
12487323,1787295953,30000,460,50,1500,251,247,296,0,0,0,619,610,30,1,100,0,999,0,-1,-1,0,156,21,0,24,30,0,0,4362,-6,1,210,219,217
12517324,1787295983,30001,475,46,1500,257,257,306,0,0,0,606,600,30,1,100,0,999,0,-1,-1,0,156,21,0,30,30,0,0,4363,14,12,210,219,217
12547323,1787296013,29999,501,51,1500,277,258,327,0,0,0,617,600,30,1,100,0,1000,0,-1,-1,0,156,21,0,29,30,0,0,4363,35,17,210,219,218
12577323,1787296043,30000,478,45,1500,253,264,308,0,0,0,611,590,29,1,100,0,1000,0,-1,-1,0,156,21,0,30,29,0,0,4363,6,-3,210,217,215
12607323,1787296073,30000,477,45,1500,256,262,305,0,0,0,605,590,30,1,100,0,999,0,-1,-1,0,156,21,0,30,30,0,0,4359,-56,-37,210,220,218
12637323,1787296103,30000,506,57,1500,265,276,330,0,0,0,609,600,30,1,100,0,999,0,-1,-1,0,156,21,0,30,30,0,0,4362,-6,-3,210,218,217
12667323,1787296133,30000,509,63,1500,268,275,334,0,0,0,619,610,30,1,100,0,1000,0,-1,-1,0,156,21,0,28,30,0,0,4363,-28,-10,210,220,218
12697323,1787296163,30000,430,56,1375,224,235,282,0,0,0,613,600,29,1,100,0,1000,0,-1,-1,0,143,21,0,29,29,0,0,4362,0,-60,210,203,202
12727323,1787296193,30000,484,52,1500,257,277,302,0,0,0,619,610,30,1,100,0,1000,0,-1,-1,0,156,21,0,26,30,0,0,4361,0,-4,210,218,217
12757323,1787296223,30000,474,59,1500,241,257,317,0,0,0,608,590,30,1,100,0,1000,0,-1,-1,0,156,21,0,28,30,0,0,4362,43,-3,210,218,217
12787323,1787296253,30000,482,49,1500,252,266,313,0,0,0,618,610,30,1,100,0,1000,0,-1,-1,0,156,21,0,30,30,0,0,4363,14,15,210,219,217
12817323,1787296283,30000,501,50,1500,270,261,332,0,0,0,624,610,30,1,100,0,1000,0,-1,-1,0,156,21,0,30,30,0,0,4362,28,-1,210,218,217
12847323,1787296313,30000,1340,1172,1500,533,706,1007,1,0,0,628,620,30,1,100,0,1000,0,-1,-1,0,156,21,0,24,30,0,0,4362,0,-18,210,220,218
12877323,1787296343,30000,6702,4179,1500,3435,3478,4585,0,0,0,706,630,29,1,100,0,1000,0,-1,-1,0,156,40,0,20,29,0,0,4361,-64,-39,210,217,216
12907323,1787296373,30000,379,43,1500,241,148,252,0,0,0,600,580,30,1,100,0,1000,0,-1,-1,0,156,21,0,30,30,0,0,4362,28,12,210,219,217
12937323,1787296403,30000,332,40,1500,194,156,218,0,0,0,608,590,30,1,100,0,1000,0,-1,-1,0,156,21,0,25,30,0,0,4361,-14,-17,210,218,217
12967323,1787296433,30000,322,40,1500,177,136,232,0,0,0,617,610,30,1,100,0,1000,0,-1,-1,0,156,21,0,25,30,0,0,4362,-6,4,210,218,217
12997323,1787296463,30000,336,51,1500,183,140,245,0,0,0,624,610,30,1,100,0,1000,0,-1,-1,0,156,21,0,23,30,0,0,4362,-50,-45,210,219,217
13027323,1787296493,30000,318,29,1500,162,143,233,0,0,0,630,630,30,1,100,0,1000,0,-1,-1,0,156,21,0,28,30,0,0,4362,-56,-28,210,218,217
13057323,1787296523,30000,321,39,1500,169,147,230,0,0,0,634,630,30,1,100,0,1000,0,-1,-1,0,156,21,0,26,30,0,0,4360,-78,-48,210,219,217
13087323,1787296553,30000,325,36,1500,178,134,236,0,0,0,631,630,30,1,100,0,1000,0,-1,-1,0,156,21,0,25,30,0,0,4361,6,9,210,218,217
13117323,1787296583,30000,330,29,1500,183,137,237,0,0,0,636,610,30,1,100,0,1000,0,-1,-1,0,156,21,0,27,30,0,0,4362,-21,-20,210,218,217
13147323,1787296613,30000,303,36,1375,168,135,212,0,0,0,623,610,29,1,100,0,1000,0,-1,-1,0,143,21,0,25,29,0,0,4361,56,18,210,203,202
13177323,1787296643,30000,328,34,1500,165,148,242,0,0,0,624,620,30,1,100,0,1000,0,-1,-1,0,156,21,0,25,30,0,0,4360,0,-21,210,219,217
13207323,1787296673,30000,331,43,1500,180,135,243,0,0,0,628,600,30,1,100,0,1000,0,-1,-1,0,156,21,0,20,30,0,0,4363,-35,-15,210,219,217
13237323,1787296703,30000,328,32,1500,167,147,241,0,0,0,646,630,30,1,100,0,1000,0,-1,-1,0,156,40,0,21,30,0,0,4361,-21,-10,210,218,217
13267323,1787296733,30000,325,38,1500,171,135,241,0,0,0,637,620,30,1,100,0,1000,0,-1,-1,0,156,21,0,21,30,0,0,4362,-21,-134,210,218,217
13297323,1787296763,30000,335,42,1500,189,147,234,0,0,0,622,610,30,1,100,0,1000,0,-1,-1,0,156,21,0,23,30,0,0,4361,-35,-6,210,219,217
13327323,1787296793,30000,323,29,1500,180,135,231,0,0,0,636,620,30,1,100,0,1000,0,-1,-1,0,156,21,0,18,30,0,0,4362,-28,-37,210,218,217
13357323,1787296823,30000,770,330,1500,458,311,535,0,0,0,631,630,30,1,100,0,1000,0,-1,-1,0,156,21,0,27,30,0,0,4360,-6,-98,210,218,217
13387323,1787296853,30000,10515,6925,1375,2964,8963,4631,1,0,0,751,660,29,1,100,0,1000,0,-1,-1,0,143,40,0,25,29,0,0,4359,14,-12,210,205,204
13417323,1787296883,30000,394,68,1500,260,167,243,0,0,0,626,580,30,1,100,0,1000,0,-1,-1,0,156,21,0,24,30,0,0,4359,-28,-17,210,218,217
13447323,1787296913,30000,1959,1341,1500,542,1770,641,1,0,0,626,590,29,1,100,0,1000,0,-1,-1,0,156,40,0,25,29,0,0,4360,-14,-29,210,218,217
13477323,1787296943,30000,334,34,1500,210,169,197,0,0,0,689,590,30,1,100,0,1000,0,-1,-1,0,156,21,0,19,30,0,0,4362,35,-6,210,218,217
13507323,1787296973,30000,345,33,1500,222,168,203,0,0,0,604,600,30,1,100,0,999,0,-1,-1,0,156,21,0,27,30,0,0,4360,-84,-35,210,219,218
13537323,1787297003,30000,304,33,1375,191,156,177,0,0,0,620,610,29,1,100,0,999,0,-1,-1,0,143,21,0,30,29,0,0,4360,35,1,209,203,202
13567323,1787297033,30000,1037,583,1500,396,793,538,1,0,0,634,620,30,1,100,0,999,0,-1,-1,0,156,40,0,26,30,0,0,4357,-84,-32,209,220,219
13597323,1787297063,30000,385,120,1500,144,285,214,0,0,0,701,650,29,1,100,0,999,0,-1,-1,0,156,40,0,20,29,0,0,4360,0,-1,209,216,215
13627323,1787297093,30000,324,36,1500,117,227,199,0,0,0,621,610,30,1,100,0,999,0,-1,-1,0,156,21,0,28,30,0,0,4359,-71,-48,209,218,217
13657323,1787297123,30000,332,44,1500,136,231,194,0,0,0,667,620,30,1,100,0,999,0,-1,-1,0,156,21,0,11,30,0,0,4361,0,-1,209,218,217
13687323,1787297153,30000,320,35,1500,118,237,178,0,0,0,609,590,30,1,100,0,999,0,-1,-1,0,156,21,0,27,30,0,0,4361,-35,-26,209,219,217
13717323,1787297183,30000,347,82,1500,122,244,215,0,0,0,615,590,30,1,100,0,999,0,-1,-1,0,156,21,0,25,30,0,0,4361,50,26,209,218,217
13747323,1787297213,30000,331,29,1500,127,228,203,0,0,0,640,610,30,1,100,0,999,0,-1,-1,0,156,21,0,27,30,0,0,4359,-50,-23,209,219,217
13777323,1787297243,30000,315,30,1500,118,227,182,0,0,0,598,590,30,1,100,0,999,0,-1,-1,0,156,21,0,30,30,0,0,4359,-28,-23,209,218,217
13807323,1787297273,30000,316,35,1500,107,230,187,0,0,0,610,590,30,1,100,0,999,0,-1,-1,0,156,21,0,23,30,0,0,4361,-28,-9,209,218,217
13837323,1787297303,30000,304,30,1500,112,214,184,0,0,0,604,600,29,1,100,0,999,0,-1,-1,0,156,21,0,27,29,0,0,4360,-21,-28,209,216,215
13867323,1787297333,30000,326,33,1500,121,234,191,0,0,0,610,600,30,1,100,0,999,0,-1,-1,0,156,21,0,29,30,0,0,4360,-64,-37,209,218,217
13897323,1787297363,30000,326,50,1500,132,222,198,0,0,0,606,600,30,1,100,0,999,0,-1,-1,0,156,21,0,26,30,0,0,4361,-28,-17,209,219,217
13927323,1787297393,30000,314,31,1500,114,221,191,0,0,0,624,600,30,1,100,0,999,0,-1,-1,0,156,21,0,26,30,0,0,4360,6,-10,209,218,217
13957323,1787297423,30000,297,34,1500,123,199,181,0,0,0,617,590,30,1,100,0,999,0,-1,-1,0,156,21,0,19,30,0,0,4359,-14,-7,209,219,217
13987323,1787297453,30000,276,31,1375,113,192,162,0,0,0,613,600,30,1,100,0,1000,0,-1,-1,0,143,21,0,28,30,0,0,4361,-6,-6,209,206,205
14017323,1787297483,30000,290,29,1500,112,189,189,0,0,0,620,610,29,1,100,0,1000,0,-1,-1,0,156,21,0,28,29,0,0,4360,-107,-71,209,216,215
14047324,1787297513,30001,286,33,1500,124,193,170,0,0,0,627,600,30,1,100,0,1000,0,-1,-1,0,156,21,0,28,30,0,0,4360,-28,-15,209,219,217
14077323,1787297543,29999,286,30,1500,123,189,176,0,0,0,627,620,30,1,100,0,1000,0,-1,-1,0,156,21,0,23,30,0,0,4360,-56,-46,209,218,217
14107323,1787297573,30000,293,31,1500,126,184,189,0,0,0,617,610,30,1,100,0,1000,0,-1,-1,0,156,21,0,30,30,0,0,4359,50,3,209,218,217
14137323,1787297603,30000,302,30,1500,121,210,181,0,0,0,654,640,30,1,100,0,1000,0,-1,-1,0,156,21,0,22,30,0,0,4361,-14,-70,209,218,217
14167323,1787297633,30000,279,41,1500,113,164,194,0,0,0,625,610,30,1,100,0,1000,0,-1,-1,0,156,21,0,30,30,0,0,4358,-21,-35,209,218,217
14197323,1787297663,30000,494,995,1500,239,355,246,1,0,0,633,620,29,1,100,0,1000,0,-1,-1,0,156,40,0,21,29,0,0,4360,28,-21,209,217,216
14227323,1787297693,30000,4508,2599,1375,2258,2297,3153,0,0,0,700,630,30,1,100,0,1000,0,-1,-1,0,143,40,0,24,30,0,0,4360,43,-46,209,206,205
14257323,1787297723,30000,507,66,1500,271,336,264,0,0,0,604,590,30,1,100,0,1000,0,-1,-1,0,156,40,0,27,30,0,0,4360,-35,-32,209,219,217
14287324,1787297753,30001,568,58,1500,277,387,311,0,0,0,597,580,30,1,100,0,1000,0,-1,-1,0,156,21,0,30,30,0,0,4360,-6,-20,209,219,217
14317323,1787297783,29999,454,54,1500,242,294,246,0,0,0,597,580,30,1,100,0,1000,0,-1,-1,0,156,21,0,28,30,0,0,4358,0,-3,209,218,217
14347323,1787297813,30000,522,75,1500,277,341,280,0,0,0,609,600,29,1,100,0,1000,0,-1,-1,0,156,21,0,30,29,0,0,4360,-21,-23,209,217,215
14377323,1787297843,30000,621,131,1500,316,416,336,0,0,0,613,600,30,1,100,0,1000,0,-1,-1,0,156,21,0,30,30,0,0,4360,-28,-29,209,218,217
14407323,1787297873,30000,653,129,1500,346,399,383,0,0,0,613,600,30,1,100,0,1000,0,-1,-1,0,156,21,0,30,30,0,0,4359,-120,-54,209,218,217
14437323,1787297903,30000,559,75,1500,277,357,329,0,0,0,600,590,30,1,100,0,1000,0,-1,-1,0,156,21,0,29,30,0,0,4358,21,-3,209,218,217
14467323,1787297933,30000,459,58,1375,246,292,255,0,0,0,605,600,30,1,100,0,1000,0,-1,-1,0,143,40,0,30,30,0,0,4359,-50,-39,209,205,204
14497323,1787297963,30000,393,63,1500,213,237,230,0,0,0,587,580,30,1,100,0,1000,0,-1,-1,0,156,21,0,30,30,0,0,4358,0,6,209,218,217
14527323,1787297993,30000,382,31,1500,203,234,224,0,0,0,597,580,30,1,100,0,1000,0,-1,-1,0,156,21,0,28,30,0,0,4360,-28,-34,209,218,217
14557324,1787298023,30001,459,49,1500,240,270,282,0,0,0,655,630,30,1,100,0,1000,0,-1,-1,0,156,40,0,30,30,0,0,4358,-14,-17,209,219,217
14587323,1787298053,29999,422,61,1500,215,255,259,0,0,0,665,650,30,1,100,0,999,0,-1,-1,0,156,21,0,28,30,0,0,4359,-28,-18,209,219,218
14617324,1787298083,30001,476,76,1500,240,297,283,0,0,0,665,650,29,1,100,0,999,0,-1,-1,0,156,21,0,25,29,0,0,4359,-35,-29,209,217,215
14647324,1787298113,30000,482,44,1500,241,293,296,0,0,0,671,660,30,1,100,0,999,0,-1,-1,0,156,40,0,29,30,0,0,4360,-71,-54,209,219,217
14677323,1787298143,29999,779,83,1500,368,501,470,0,0,0,712,700,30,1,100,0,999,0,-1,-1,0,156,21,0,30,30,0,0,4358,-14,-23,209,218,217
14707323,1787298173,30000,611,64,1500,297,382,372,0,0,0,671,660,30,1,100,0,999,0,-1,-1,0,156,21,0,26,30,0,0,4358,56,25,209,218,217
14737323,1787298203,30000,524,61,1375,241,322,335,0,0,0,647,640,30,1,100,0,999,0,-1,-1,0,143,21,0,24,30,0,0,4359,-35,-29,209,205,204
14767323,1787298233,30000,698,69,1625,331,441,427,0,0,0,650,640,30,1,100,0,999,0,-1,-1,0,169,21,0,25,30,0,0,4359,-21,-17,209,231,230
14797323,1787298263,30000,585,60,1500,299,372,337,0,0,0,647,640,30,1,100,0,999,0,-1,-1,0,156,21,0,28,30,0,0,4358,-28,-35,209,218,217
14827323,1787298293,30000,1705,913,1375,600,918,1305,0,0,0,671,630,29,1,100,0,1000,0,-1,-1,0,143,21,0,26,29,0,0,4358,-78,-23,209,205,203
14857323,1787298323,30000,802,83,1500,399,484,500,0,0,0,744,710,30,1,100,0,1000,0,-1,-1,0,156,21,0,19,30,0,0,4360,14,4,209,218,217
14887323,1787298353,30000,692,888,1500,289,418,469,1,0,0,647,620,29,1,100,0,1000,0,-1,-1,0,156,40,0,21,29,0,0,4358,-21,-37,209,217,216
14917323,1787298383,30000,1186,1266,1500,415,771,799,0,0,0,633,620,30,1,100,0,1000,0,-1,-1,0,156,40,0,25,30,0,0,4359,-28,-14,209,220,218
14947323,1787298413,30000,1149,545,1375,475,663,809,1,0,0,637,630,29,1,100,0,1000,0,-1,-1,0,143,40,0,23,29,0,0,4360,-56,-25,209,205,204
14977323,1787298443,30000,631,131,1500,303,359,421,0,0,0,630,620,30,1,100,0,1000,0,-1,-1,0,156,21,0,26,30,0,0,4358,28,-20,209,218,217
15007323,1787298473,30000,561,68,1500,270,353,343,0,0,0,633,610,30,1,100,0,1000,0,-1,-1,0,156,21,0,26,30,0,0,4358,6,0,209,218,217
15037323,1787298503,30000,621,67,1500,270,399,392,0,0,0,655,640,30,1,100,0,1000,0,-1,-1,0,156,21,0,27,30,0,0,4360,-28,-23,209,218,217
15067323,1787298533,30000,23026,6850,1500,10432,13562,15408,1,0,0,645,610,30,1,100,0,1000,0,-1,-1,0,156,40,0,21,30,0,0,4357,6,-10,209,219,218
15097323,1787298563,30000,3201,3097,1500,1203,2701,1226,0,0,0,726,590,30,1,100,0,1000,0,-1,-1,0,156,40,0,21,30,0,0,4358,-6,-9,209,219,218
15127323,1787298593,30000,222,25,1500,119,124,140,0,0,0,578,570,29,1,100,0,1000,0,-1,-1,0,156,21,0,30,29,0,0,4357,0,0,209,216,215
15157323,1787298623,30000,4263,8687,1375,2499,1735,2985,1,0,0,590,570,30,1,100,0,1000,0,-1,-1,0,143,40,0,30,30,0,0,4358,35,4,209,206,205
15187323,1787298653,30000,21670,9841,1500,12805,13891,10613,1,0,0,677,610,30,1,100,0,1000,0,-1,-1,0,156,40,0,24,30,0,0,4358,28,-32,209,221,220
15217323,1787298683,30000,431,56,1500,181,315,230,0,0,0,567,560,30,1,100,0,1000,0,-1,-1,0,156,21,0,30,30,0,0,4357,-28,-15,209,218,217
15247323,1787298713,30000,386,46,1500,160,287,202,0,0,0,578,570,29,1,100,0,1000,0,-1,-1,0,156,21,0,30,29,0,0,4359,21,10,209,216,215
15277323,1787298743,30000,335,38,1500,133,252,175,0,0,0,577,570,30,1,100,0,1000,0,-1,-1,0,156,21,0,30,30,0,0,4359,-150,-79,209,219,217
15307323,1787298773,30000,378,38,1500,150,281,202,0,0,0,580,570,30,1,100,0,1000,0,-1,-1,0,156,21,0,30,30,0,0,4357,-64,-31,209,218,217
15337323,1787298803,30000,359,40,1500,144,268,190,0,0,0,595,570,30,1,100,0,1000,0,-1,-1,0,156,21,0,29,30,0,0,4359,-35,-35,209,218,217
15367323,1787298833,30000,310,36,1375,129,230,162,0,0,0,604,580,30,1,100,0,1000,0,-1,-1,0,143,21,0,28,30,0,0,4357,14,9,209,205,204
15397323,1787298863,30000,366,38,1625,170,252,202,0,0,0,574,560,30,1,100,0,1000,0,-1,-1,0,169,21,0,30,30,0,0,4357,-35,-28,209,231,230
15427323,1787298893,30000,985,829,1375,223,906,314,0,0,0,584,560,30,1,100,0,1000,0,-1,-1,0,143,21,0,30,30,0,0,4356,6,-20,209,205,204
15457323,1787298923,30000,313,37,1500,125,231,169,0,0,0,574,570,30,1,100,0,1000,0,-1,-1,0,156,21,0,30,30,0,0,4358,-6,-4,209,218,217
15487324,1787298953,30001,322,33,1500,135,229,181,0,0,0,574,570,29,1,100,0,1000,0,-1,-1,0,156,21,0,30,29,0,0,4356,-92,-51,209,217,215
15517323,1787298983,29999,386,42,1500,155,292,200,0,0,0,593,570,30,1,100,0,1000,0,-1,-1,0,156,21,0,30,30,0,0,4359,-64,-59,209,218,217
15547323,1787299013,30000,349,115,1500,131,263,187,0,0,0,618,590,30,1,100,0,1000,0,-1,-1,0,156,21,0,26,30,0,0,4357,-50,-32,209,218,217
15577323,1787299043,30000,302,42,1500,117,222,167,0,0,0,582,570,30,1,100,0,1000,0,-1,-1,0,156,21,0,30,30,0,0,4357,21,9,209,218,217
15607323,1787299073,30000,293,34,1500,116,222,152,0,0,0,578,570,30,1,100,0,1000,0,-1,-1,0,156,21,0,30,30,0,0,4357,-14,-9,209,219,217
15637323,1787299103,30000,632,467,1500,192,548,249,0,0,0,582,570,30,1,100,0,1000,0,-1,-1,0,156,21,0,29,30,0,0,4356,-14,-20,209,218,217
15667324,1787299133,30001,317,37,1500,151,215,177,0,0,0,575,570,30,1,100,0,1000,0,-1,-1,0,156,21,0,30,30,0,0,4357,35,10,209,219,217
15697323,1787299163,29999,281,32,1500,129,204,144,0,0,0,582,580,30,1,100,0,1000,0,-1,-1,0,156,21,0,30,30,0,0,4358,-35,-29,209,218,217
15727323,1787299193,30000,285,29,1500,126,202,155,0,0,0,580,580,30,1,100,0,1000,0,-1,-1,0,156,21,0,30,30,0,0,4359,-14,-18,209,218,217
15757323,1787299223,30000,302,32,1500,132,212,169,0,0,0,577,570,29,1,100,0,1000,0,-1,-1,0,156,21,0,29,29,0,0,4356,-71,-45,209,216,215
15787323,1787299253,30000,14515,5838,1375,7497,8712,8863,1,0,0,637,580,30,1,100,0,1000,0,-1,-1,0,143,40,0,23,30,0,0,4357,-28,-31,209,207,206
15817323,1787299283,30000,226,23,1500,146,121,124,0,0,0,559,540,30,1,100,0,1000,0,-1,-1,0,156,21,0,29,30,0,0,4358,0,4,209,219,217
15847323,1787299313,30000,218,21,1500,120,121,135,0,0,0,551,540,30,1,100,0,1000,0,-1,-1,0,156,21,0,30,30,0,0,4357,-6,3,209,219,217
15877323,1787299343,30000,223,20,1500,133,121,131,0,0,0,555,550,30,1,100,0,1000,0,-1,-1,0,156,21,0,30,30,0,0,4357,14,6,209,218,217
15907323,1787299373,30000,219,24,1500,129,110,139,0,0,0,555,550,30,1,100,0,1000,0,-1,-1,0,156,21,0,30,30,0,0,4357,-21,-28,209,218,217
15937323,1787299403,30000,218,22,1500,128,125,124,0,0,0,555,550,29,1,100,0,1000,0,-1,-1,0,156,40,0,30,29,0,0,4357,14,14,209,216,215
15967323,1787299433,30000,219,20,1500,125,113,140,0,0,0,558,550,30,1,100,0,1000,0,-1,-1,0,156,21,0,30,30,0,0,4358,-35,-28,209,218,217
15997324,1787299463,30001,954,1029,1375,474,688,461,1,0,0,555,550,30,1,100,0,1000,0,-1,-1,0,143,40,0,30,30,0,0,4357,-50,-39,209,208,206
16027323,1787299493,29999,326,80,1500,173,235,145,0,0,0,594,570,30,1,100,0,1000,0,-1,-1,0,156,40,0,30,30,0,0,4357,-42,-20,209,218,217
16057323,1787299523,30000,226,22,1500,141,120,129,0,0,0,561,560,29,1,100,0,999,0,-1,-1,0,156,21,0,30,29,0,0,4357,0,-12,208,217,216
16087323,1787299553,30000,223,19,1500,131,119,135,0,0,0,572,560,30,1,100,0,999,0,-1,-1,0,156,21,0,30,30,0,0,4354,56,14,208,218,217
16117324,1787299583,30001,12994,6741,1500,3692,5497,11180,1,0,0,603,580,30,1,100,0,999,0,-1,-1,0,156,40,0,26,30,0,0,4357,21,-23,208,221,219
16147323,1787299613,29999,291,33,1375,148,174,180,0,0,0,566,560,29,1,100,0,999,0,-1,-1,0,143,40,0,30,29,0,0,4358,-56,-17,208,203,202
16177323,1787299643,30000,312,36,1500,162,182,195,0,0,0,577,570,30,1,100,0,1000,0,-1,-1,0,156,21,0,30,30,0,0,4357,-35,-10,208,219,218
16207323,1787299673,30000,324,32,1500,165,184,209,0,0,0,571,570,30,1,100,0,1000,0,-1,-1,0,156,21,0,29,30,0,0,4357,0,-21,208,218,217
16237323,1787299703,30000,11609,5395,1500,4287,7485,7769,1,0,0,590,570,29,1,100,0,1000,0,-1,-1,0,156,40,0,26,29,0,0,4357,-50,-26,208,218,217
16267323,1787299733,30000,233,29,1500,114,132,154,0,0,0,633,560,30,1,100,0,1000,0,-1,-1,0,156,21,0,29,30,0,0,4357,-42,-18,208,218,217
16297323,1787299763,30000,229,31,1500,129,127,139,0,0,0,554,550,30,1,100,0,1000,0,-1,-1,0,156,21,0,30,30,0,0,4358,14,4,208,218,217
16327323,1787299793,30000,208,21,1500,102,115,140,0,0,0,555,550,30,1,100,0,1000,0,-1,-1,0,156,21,0,30,30,0,0,4357,-128,-62,208,218,217
16357323,1787299823,30000,203,21,1375,103,105,139,0,0,0,568,560,30,1,100,0,1000,0,-1,-1,0,143,40,0,30,30,0,0,4356,14,10,208,205,204
16387323,1787299853,30000,214,20,1500,117,112,139,0,0,0,571,570,29,1,100,0,1000,0,-1,-1,0,156,21,0,30,29,0,0,4357,-28,-17,208,216,215
16417323,1787299883,30000,210,22,1500,112,108,141,0,0,0,569,560,30,1,100,0,1000,0,-1,-1,0,156,21,0,30,30,0,0,4357,-64,-70,208,218,217
16447323,1787299913,30000,214,20,1500,106,126,136,0,0,0,571,570,30,1,100,0,1000,0,-1,-1,0,156,21,0,30,30,0,0,4355,43,23,208,218,217
16477323,1787299943,30000,217,19,1500,123,112,139,0,0,0,568,560,30,1,100,0,1000,0,-1,-1,0,156,21,0,30,30,0,0,4356,21,-10,208,218,217
16507324,1787299973,30001,218,19,1500,114,112,148,0,0,0,571,570,30,1,100,0,1000,0,-1,-1,0,156,21,0,30,30,0,0,4357,-35,-28,208,219,217
16537323,1787300003,29999,227,22,1500,115,119,154,0,0,0,571,570,30,1,100,0,1000,0,-1,-1,0,156,21,0,30,30,0,0,4356,-14,-9,208,218,217
16567323,1787300033,30000,211,20,1500,110,118,136,0,0,0,555,550,30,1,100,0,1000,0,-1,-1,0,156,40,0,30,30,0,0,4356,-28,-12,208,218,217
16597323,1787300063,30000,217,23,1500,108,123,143,0,0,0,568,560,30,1,100,0,1000,0,-1,-1,0,156,21,0,30,30,0,0,4357,-35,-34,208,218,217
16627323,1787300093,30000,225,22,1500,111,125,150,0,0,0,565,560,30,1,100,0,1000,0,-1,-1,0,156,21,0,30,30,0,0,4356,-50,-43,208,219,217
16657323,1787300123,30000,192,22,1375,109,97,124,0,0,0,564,560,29,1,100,0,1000,0,-1,-1,0,143,21,0,30,29,0,0,4355,-28,-32,208,203,202
16687324,1787300153,30001,218,20,1500,103,121,149,0,0,0,570,570,30,1,100,0,1000,0,-1,-1,0,156,21,0,30,30,0,0,4356,28,-4,208,219,217
16717323,1787300183,29999,220,21,1500,109,123,145,0,0,0,566,560,30,1,100,0,1000,0,-1,-1,0,156,21,0,30,30,0,0,4356,21,-4,208,218,217
16747323,1787300213,30000,226,20,1500,117,126,146,0,0,0,570,570,30,1,100,0,1000,0,-1,-1,0,156,21,0,30,30,0,0,4356,0,-17,208,218,217
16777324,1787300243,30001,218,25,1500,111,119,145,0,0,0,569,560,30,1,100,0,1000,0,-1,-1,0,156,40,0,30,30,0,0,4355,-6,-17,208,219,217
16807323,1787300273,29999,216,24,1500,117,115,139,0,0,0,555,550,30,1,100,0,1000,0,-1,-1,0,156,21,0,30,30,0,0,4355,-50,-34,208,218,217
16837323,1787300303,30000,216,25,1500,113,114,143,0,0,0,564,550,30,1,100,0,1000,0,-1,-1,0,156,21,0,30,30,0,0,4357,6,-3,208,219,217
16867323,1787300333,30000,211,20,1500,110,118,136,0,0,0,564,550,30,1,100,0,1000,0,-1,-1,0,156,21,0,30,30,0,0,4354,-64,-34,208,218,217
16897323,1787300363,30000,213,23,1500,107,115,143,0,0,0,571,570,30,1,100,0,1000,0,-1,-1,0,156,21,0,30,30,0,0,4355,-28,-21,208,218,217
16927323,1787300393,30000,221,22,1500,112,118,148,0,0,0,570,570,29,1,100,0,1000,0,-1,-1,0,156,21,0,30,29,0,0,4355,6,-3,208,216,215
16957323,1787300423,30000,221,23,1500,117,114,148,0,0,0,577,570,30,1,100,0,1000,0,-1,-1,0,156,40,0,30,30,0,0,4352,-84,-29,208,219,217
16987323,1787300453,30000,215,22,1500,114,112,142,0,0,0,570,560,30,1,100,0,1000,0,-1,-1,0,156,21,0,30,30,0,0,4356,6,18,208,218,217
17017323,1787300483,30000,222,24,1500,110,122,149,0,0,0,585,580,30,1,100,0,1000,0,-1,-1,0,156,21,0,30,30,0,0,4355,14,7,208,219,217
17047323,1787300513,30000,213,20,1500,108,115,143,0,0,0,573,570,30,1,100,0,1000,0,-1,-1,0,156,21,0,30,30,0,0,4355,6,1,208,218,217
17077323,1787300543,30000,195,17,1375,104,109,123,0,0,0,572,570,30,1,100,0,1000,0,-1,-1,0,143,21,0,30,30,0,0,4355,43,25,208,206,204
17107324,1787300573,30001,211,22,1500,107,110,145,0,0,0,574,570,30,1,100,0,1000,0,-1,-1,0,156,21,0,30,30,0,0,4357,28,1,208,219,217
17137323,1787300603,29999,216,20,1500,111,115,144,0,0,0,576,570,30,1,100,0,1000,0,-1,-1,0,156,21,0,30,30,0,0,4356,28,25,208,218,217
17167323,1787300633,30000,219,19,1500,121,115,140,0,0,0,564,560,30,1,100,0,1000,0,-1,-1,0,156,21,0,30,30,0,0,4352,-28,-15,208,218,217
17197324,1787300663,30001,219,21,1500,116,124,137,0,0,0,573,560,29,1,100,0,1000,0,-1,-1,0,156,21,0,30,29,0,0,4356,-6,-26,208,217,215
17227323,1787300693,29999,211,20,1500,109,116,139,0,0,0,573,570,30,1,100,0,1000,0,-1,-1,0,156,21,0,30,30,0,0,4355,-64,-29,208,218,217
17257323,1787300723,30000,225,23,1500,118,123,146,0,0,0,570,570,30,1,100,0,1000,0,-1,-1,0,156,21,0,30,30,0,0,4355,-48,-40,208,218,217
17287323,1787300753,30000,208,22,1500,109,115,135,0,0,0,567,560,30,1,100,0,1000,0,-1,-1,0,156,21,0,30,30,0,0,4355,-71,-50,208,218,217
17317323,1787300783,30000,224,22,1500,119,119,146,0,0,0,570,570,30,1,100,0,1000,0,-1,-1,0,156,21,0,30,30,0,0,4355,-14,-3,208,218,217
17347323,1787300813,30000,224,26,1500,124,124,139,0,0,0,570,570,30,1,100,0,1000,0,-1,-1,0,156,21,0,30,30,0,0,4353,-56,-23,208,218,217
17377323,1787300843,30000,215,23,1500,106,123,140,0,0,0,570,570,30,1,100,0,1000,0,-1,-1,0,156,21,0,30,30,0,0,4354,0,1,208,218,217
17407323,1787300873,30000,214,20,1500,118,115,136,0,0,0,573,560,30,1,100,0,1000,0,-1,-1,0,156,21,0,30,30,0,0,4353,-71,-54,208,218,217
17437323,1787300903,30000,214,26,1500,105,119,143,0,0,0,560,560,30,1,100,0,1000,0,-1,-1,0,156,21,0,30,30,0,0,4355,-21,-10,208,218,217
17467323,1787300933,30000,219,21,1500,110,126,140,0,0,0,576,560,29,1,100,0,1000,0,-1,-1,0,156,21,0,30,29,0,0,4355,-21,-10,208,215,214
17497323,1787300963,30000,210,20,1500,113,119,130,0,0,0,570,560,30,1,100,0,1000,0,-1,-1,0,156,21,0,30,30,0,0,4354,6,-14,208,218,217
17527324,1787300993,30001,202,23,1500,103,110,134,0,0,0,573,570,30,1,100,0,1000,0,-1,-1,0,156,21,0,30,30,0,0,4355,71,29,208,219,217
17557323,1787301023,29999,207,19,1500,112,111,134,0,0,0,564,560,30,1,100,0,1000,0,-1,-1,0,156,21,0,30,30,0,0,4354,0,15,208,218,217
17587323,1787301053,30000,206,22,1375,114,111,131,0,0,0,573,560,30,1,100,0,1000,0,-1,-1,0,143,40,0,30,30,0,0,4354,-28,-46,208,205,204
17617324,1787301083,30001,216,21,1500,109,119,142,0,0,0,575,560,30,1,100,0,1000,0,-1,-1,0,156,21,0,30,30,0,0,4355,21,7,208,219,217
17647323,1787301113,29999,203,21,1500,103,109,136,0,0,0,563,560,30,1,100,0,1000,0,-1,-1,0,156,21,0,30,30,0,0,4355,-92,-51,208,218,217
17677323,1787301143,30000,212,20,1500,109,121,136,0,0,0,564,560,30,1,100,0,1000,0,-1,-1,0,156,21,0,30,30,0,0,4354,-28,-20,208,218,217
17707323,1787301173,30000,219,22,1500,106,116,151,0,0,0,573,570,29,1,100,0,1000,0,-1,-1,0,156,21,0,30,29,0,0,4354,-21,-1,208,217,215
17737323,1787301203,30000,224,25,1500,114,126,146,0,0,0,574,570,30,1,100,0,1000,0,-1,-1,0,156,21,0,30,30,0,0,4355,-6,-12,208,218,217
17767323,1787301233,30000,222,23,1500,106,130,145,0,0,0,564,550,30,1,100,0,1000,0,-1,-1,0,156,21,0,30,30,0,0,4355,-64,-31,208,218,217
17797323,1787301263,30000,211,21,1500,119,108,136,0,0,0,565,560,30,1,100,0,1000,0,-1,-1,0,156,21,0,30,30,0,0,4353,6,4,208,218,217
17827323,1787301293,30000,223,21,1500,123,122,139,0,0,0,566,560,30,1,100,0,1000,0,-1,-1,0,156,21,0,30,30,0,0,4355,56,25,208,218,217
17857323,1787301323,30000,207,19,1500,112,114,132,0,0,0,567,560,30,1,100,0,1000,0,-1,-1,0,156,21,0,30,30,0,0,4353,35,12,208,218,217
17887323,1787301353,30000,220,20,1500,111,120,146,0,0,0,563,560,29,1,100,0,999,0,-1,-1,0,156,21,0,30,29,0,0,4337,-398,-200,208,217,216
17917323,1787301383,30000,211,18,1500,108,119,136,0,0,0,560,550,30,1,100,0,999,0,-1,-1,0,156,21,0,30,30,0,0,4355,6,-23,208,218,217
17947323,1787301413,30000,213,21,1500,110,119,138,0,0,0,560,550,30,1,100,0,999,0,-1,-1,0,156,21,0,30,30,0,0,4354,-56,-39,208,218,217
17977323,1787301443,30000,223,20,1500,109,126,148,0,0,0,571,570,30,1,100,0,999,0,-1,-1,0,156,21,0,30,30,0,0,4351,-14,-14,208,218,217
18007323,1787301473,30000,218,20,1500,113,122,141,0,0,0,571,560,30,1,100,0,999,0,-1,-1,0,156,21,0,30,30,0,0,4354,28,15,208,219,217
18037323,1787301503,30000,218,22,1500,118,120,139,0,0,0,560,550,30,1,100,0,999,0,-1,-1,0,156,21,0,30,30,0,0,4354,-48,-18,208,218,217
18067323,1787301533,30000,226,22,1500,123,124,142,0,0,0,559,550,30,1,100,0,999,0,-1,-1,0,156,21,0,28,30,0,0,4354,-28,-37,208,219,217
18097323,1787301563,30000,200,20,1375,104,106,133,0,0,0,566,560,29,1,100,0,999,0,-1,-1,0,143,21,0,30,29,0,0,4354,-14,-4,208,203,202
18127323,1787301593,30000,17195,8774,1500,8328,11506,9692,2,0,0,636,570,29,1,100,0,999,0,-1,-1,0,156,46,0,22,29,0,0,4353,14,15,208,221,219
18157323,1787301623,30000,244,26,1375,129,158,133,0,0,0,577,550,30,1,100,0,999,0,-1,-1,0,143,21,0,30,30,0,0,4354,0,-12,208,205,204
18187323,1787301653,30000,259,27,1500,129,163,154,0,0,0,567,550,30,1,100,0,999,0,-1,-1,0,156,40,0,30,30,0,0,4353,-42,-31,208,218,217
18217323,1787301683,30000,235,24,1500,113,143,148,0,0,0,570,550,30,1,100,0,999,0,-1,-1,0,156,21,0,30,30,0,0,4354,0,-28,208,218,217
18247323,1787301713,30000,238,25,1500,115,150,143,0,0,0,555,550,29,1,100,0,999,0,-1,-1,0,156,21,0,29,29,0,0,4353,-6,-10,208,216,215
18277323,1787301743,30000,241,23,1500,124,148,144,0,0,0,569,560,30,1,100,0,999,0,-1,-1,0,156,21,0,30,30,0,0,4355,-21,-28,208,219,217
18307323,1787301773,30000,231,21,1500,110,146,141,0,0,0,562,550,30,1,100,0,999,0,-1,-1,0,156,21,0,30,30,0,0,4354,-35,-21,208,218,217
18337323,1787301803,30000,249,22,1500,121,148,159,0,0,0,550,550,30,1,100,0,1000,0,-1,-1,0,156,21,0,26,30,0,0,4353,-14,-4,208,219,218
18367323,1787301833,30000,252,25,1500,131,157,146,0,0,0,580,560,30,1,100,0,1000,0,-1,-1,0,156,21,0,30,30,0,0,4354,-28,-26,208,218,217
18397323,1787301863,30000,241,24,1500,121,147,147,0,0,0,580,550,30,1,100,0,1000,0,-1,-1,0,156,40,0,30,30,0,0,4352,-14,-10,208,219,217
18427323,1787301893,30000,234,23,1500,119,137,148,0,0,0,563,550,30,1,100,0,1000,0,-1,-1,0,156,21,0,30,30,0,0,4354,14,1,208,218,217
18457323,1787301923,30000,238,24,1500,120,141,149,0,0,0,564,560,30,1,100,0,1000,0,-1,-1,0,156,21,0,30,30,0,0,4351,-14,-23,208,218,217
18487323,1787301953,30000,212,22,1375,100,135,128,0,0,0,563,560,29,1,100,0,1000,0,-1,-1,0,143,21,0,30,29,0,0,4352,21,35,208,204,202
18517323,1787301983,30000,233,25,1500,119,144,140,0,0,0,561,560,30,1,100,0,1000,0,-1,-1,0,156,21,0,28,30,0,0,4353,-14,-7,208,218,217
18547324,1787302013,30001,246,23,1500,122,151,151,0,0,0,567,560,30,1,100,0,1000,0,-1,-1,0,156,21,0,30,30,0,0,4352,-56,-26,208,219,217
18577323,1787302043,29999,229,23,1500,111,149,134,0,0,0,572,570,30,1,100,0,1000,0,-1,-1,0,156,21,0,30,30,0,0,4352,-42,-15,208,218,217
18607323,1787302073,30000,228,24,1500,111,146,134,0,0,0,573,570,30,1,100,0,1000,0,-1,-1,0,156,40,0,30,30,0,0,4353,-28,-20,208,218,217
18637323,1787302103,30000,230,24,1500,119,146,131,0,0,0,578,570,30,1,100,0,1000,0,-1,-1,0,156,21,0,30,30,0,0,4354,-56,-28,208,218,217
18667323,1787302133,30000,234,23,1500,128,141,136,0,0,0,567,560,30,1,100,0,1000,0,-1,-1,0,156,21,0,29,30,0,0,4346,-14,-21,208,218,217
18697323,1787302163,30000,357,82,1500,168,234,210,0,0,0,579,570,30,1,100,0,1000,0,-1,-1,0,156,21,0,28,30,0,0,4353,56,35,208,218,217
18727323,1787302193,30000,316,128,1500,143,230,163,0,0,0,568,550,30,1,100,0,1000,0,-1,-1,0,156,21,0,30,30,0,0,4352,-6,-21,208,219,217
18757323,1787302223,30000,1222,905,1500,263,1067,533,0,0,0,590,550,30,1,100,0,1000,0,-1,-1,0,156,21,0,30,30,0,0,4353,6,-131,208,219,217
18787323,1787302253,30000,214,23,1500,118,121,131,0,0,0,573,560,29,1,100,0,1000,0,-1,-1,0,156,21,0,30,29,0,0,4353,28,6,208,216,215
18817323,1787302283,30000,214,22,1375,128,121,121,0,0,0,559,550,30,1,100,0,1000,0,-1,-1,0,143,40,0,30,30,0,0,4352,21,14,208,206,204
18847323,1787302313,30000,219,23,1500,121,131,126,0,0,0,559,550,30,1,100,0,1000,0,-1,-1,0,156,21,0,30,30,0,0,4353,-71,-40,208,218,217
18877323,1787302343,30000,213,21,1500,116,113,138,0,0,0,550,550,30,1,100,0,1000,0,-1,-1,0,156,21,0,28,30,0,0,4352,-56,-40,208,218,217
18907323,1787302373,30000,26082,8524,1500,12400,18716,13275,1,0,0,572,550,30,1,100,0,1000,0,-1,-1,0,156,40,0,24,30,0,0,4353,-14,-4,208,221,219
18937323,1787302403,30000,607,240,1500,296,309,430,0,0,0,674,590,30,1,100,0,1000,0,-1,-1,0,156,40,0,27,30,0,0,4353,-42,-3,208,218,217
18967323,1787302433,30000,459,66,1375,153,241,359,0,0,0,568,550,29,1,100,0,1000,0,-1,-1,0,143,21,0,30,29,0,0,4353,-50,-40,208,203,202
18997323,1787302463,30000,445,47,1500,144,234,350,0,0,0,567,560,30,1,100,0,1000,0,-1,-1,0,156,21,0,29,30,0,0,4352,-6,3,208,219,217
19027323,1787302493,30000,466,53,1500,145,261,357,0,0,0,573,560,30,1,100,0,1000,0,-1,-1,0,156,40,0,28,30,0,0,4352,28,6,208,218,217
19057323,1787302523,30000,438,52,1500,153,223,345,0,0,0,571,560,30,1,100,0,1000,0,-1,-1,0,156,21,0,28,30,0,0,4353,-50,-26,208,218,217
19087323,1787302553,30000,472,49,1500,147,258,367,0,0,0,575,560,30,1,100,0,1000,0,-1,-1,0,156,21,0,29,30,0,0,4351,21,4,208,219,217
19117323,1787302583,30000,448,57,1500,134,243,351,0,0,0,574,570,29,1,100,0,1000,0,-1,-1,0,156,21,0,27,29,0,0,4351,6,3,208,217,215
19147323,1787302613,30000,478,44,1500,149,253,377,0,0,0,580,570,30,1,100,0,1000,0,-1,-1,0,156,21,0,30,30,0,0,4353,-28,-21,208,218,217
19177323,1787302643,30000,480,49,1500,134,246,389,0,0,0,576,570,30,1,100,0,1000,0,-1,-1,0,156,21,0,30,30,0,0,4351,35,-6,208,219,217
19207323,1787302673,30000,499,57,1500,143,267,396,0,0,0,573,570,30,1,100,0,1000,0,-1,-1,0,156,21,0,30,30,0,0,4352,-50,-28,208,218,217
19237323,1787302703,30000,488,57,1500,143,275,377,0,0,0,573,560,30,1,100,0,1000,0,-1,-1,0,156,40,0,29,30,0,0,4351,35,3,208,219,217
19267323,1787302733,30000,499,43,1500,141,254,405,0,0,0,577,570,30,1,100,0,1000,0,-1,-1,0,156,21,0,29,30,0,0,4351,0,-48,208,218,217
19297323,1787302763,30000,486,48,1500,141,249,393,0,0,0,579,570,30,1,100,0,1000,0,-1,-1,0,156,21,0,28,30,0,0,4352,56,29,208,218,217
19327323,1787302793,30000,500,56,1500,138,261,402,0,0,0,569,560,30,1,100,0,1000,0,-1,-1,0,156,21,0,25,30,0,0,4350,-14,4,208,218,217
19357323,1787302823,30000,444,52,1375,133,230,356,0,0,0,573,570,29,1,100,0,1000,0,-1,-1,0,143,21,0,29,29,0,0,4352,-6,-12,208,204,202
19387323,1787302853,30000,517,50,1500,144,274,414,0,0,0,574,570,30,1,100,0,1000,0,-1,-1,0,156,21,0,30,30,0,0,4353,-92,-82,208,218,217
19417323,1787302883,30000,502,51,1500,144,262,403,0,0,0,568,560,30,1,100,0,999,0,-1,-1,0,156,21,0,29,30,0,0,4349,-21,-14,208,220,218
19447323,1787302913,30000,513,44,1500,148,276,406,0,0,0,568,560,30,1,100,0,999,0,-1,-1,0,156,21,0,28,30,0,0,4353,-6,3,207,218,217
19477323,1787302943,30000,512,43,1500,143,273,408,0,0,0,583,570,30,1,100,0,999,0,-1,-1,0,156,21,0,30,30,0,0,4351,-14,-6,207,218,217
19507323,1787302973,30000,510,48,1500,139,275,406,0,0,0,583,570,30,1,100,0,999,0,-1,-1,0,156,21,0,30,30,0,0,4351,14,-12,207,218,217
19537323,1787303003,30000,510,48,1500,140,265,413,0,0,0,580,570,30,1,100,0,999,0,-1,-1,0,156,21,0,30,30,0,0,4350,-56,-28,207,218,217
19567323,1787303033,30000,506,47,1500,145,275,399,0,0,0,579,570,30,1,100,0,999,0,-1,-1,0,156,21,0,30,30,0,0,4352,-14,-15,207,218,217
19597323,1787303063,30000,1979,1702,1375,1515,1093,653,1,0,0,584,570,29,1,100,0,999,0,-1,-1,0,143,40,0,27,29,0,0,4351,14,-12,207,205,204
19627323,1787303093,30000,3057,2359,1500,2534,1627,525,1,0,0,632,600,30,1,100,0,999,0,-1,-1,0,156,40,0,23,30,0,0,4351,21,-118,207,221,219
19657323,1787303123,30000,304,28,1500,169,164,191,0,0,0,579,560,30,1,100,0,999,0,-1,-1,0,156,21,0,30,30,0,0,4351,-35,-26,207,218,217
19687323,1787303153,30000,279,27,1500,159,142,179,0,0,0,585,570,30,1,100,0,999,0,-1,-1,0,156,21,0,28,30,0,0,4352,28,4,207,219,217
19717323,1787303183,30000,264,26,1500,147,147,163,0,0,0,590,570,30,1,100,0,999,0,-1,-1,0,156,21,0,30,30,0,0,4350,-14,-21,207,218,217
19747323,1787303213,30000,258,24,1500,140,140,165,0,0,0,574,570,30,1,100,0,999,0,-1,-1,0,156,21,0,30,30,0,0,4351,28,20,207,218,217
19777323,1787303243,30000,258,32,1500,148,142,157,0,0,0,575,570,30,1,100,0,999,0,-1,-1,0,156,21,0,30,30,0,0,4351,-14,-32,207,218,217
19807323,1787303273,30000,260,26,1500,139,144,166,0,0,0,570,560,29,1,100,0,999,0,-1,-1,0,156,21,0,29,29,0,0,4349,-78,-53,207,216,215
19837324,1787303303,30001,257,26,1500,149,140,155,0,0,0,564,560,30,1,100,0,999,0,-1,-1,0,156,21,0,30,30,0,0,4350,0,-1,207,219,217
19867323,1787303333,29999,237,25,1375,131,130,147,0,0,0,568,560,30,1,100,0,999,0,-1,-1,0,143,40,0,29,30,0,0,4349,-28,-15,207,205,204
19897323,1787303363,30000,255,24,1500,153,134,154,0,0,0,577,570,30,1,100,0,999,0,-1,-1,0,156,21,0,26,30,0,0,4350,-21,-68,207,218,217
19927323,1787303393,30000,236,21,1500,126,135,147,0,0,0,577,570,30,1,100,0,999,0,-1,-1,0,156,21,0,30,30,0,0,4351,14,-3,207,219,217
19957323,1787303423,30000,247,24,1500,144,128,153,0,0,0,577,560,30,1,100,0,1000,0,-1,-1,0,156,21,0,30,30,0,0,4352,-35,-1,207,219,218
19987324,1787303453,30001,247,22,1500,143,136,148,0,0,0,574,570,29,1,100,0,1000,0,-1,-1,0,156,21,0,30,29,0,0,4349,21,12,207,217,215
20017323,1787303483,29999,251,25,1500,150,137,146,0,0,0,578,570,30,1,100,0,1000,0,-1,-1,0,156,21,0,30,30,0,0,4350,14,-7,207,219,217
20047323,1787303513,30000,256,26,1500,146,146,151,0,0,0,576,570,30,1,100,0,1000,0,-1,-1,0,156,21,0,29,30,0,0,4350,-6,-1,207,218,217
20077324,1787303543,30001,244,27,1500,147,128,146,0,0,0,582,550,30,1,100,0,1000,0,-1,-1,0,156,21,0,30,30,0,0,4351,6,1,207,219,217
20107323,1787303573,29999,228,24,1375,124,131,139,0,0,0,577,560,30,1,100,0,1000,0,-1,-1,0,143,40,0,28,30,0,0,4349,6,0,207,205,204
20137323,1787303603,30000,252,28,1500,144,142,150,0,0,0,581,570,30,1,100,0,1000,0,-1,-1,0,156,21,0,28,30,0,0,4347,-114,-54,207,218,217
20167323,1787303633,30000,261,23,1500,151,146,153,0,0,0,580,580,30,1,100,0,1000,0,-1,-1,0,156,21,0,30,30,0,0,4349,-28,-28,207,218,217
20197323,1787303663,30000,259,27,1500,145,148,155,0,0,0,582,580,30,1,100,0,1000,0,-1,-1,0,156,40,0,30,30,0,0,4350,-6,0,207,219,217
20227323,1787303693,30000,244,26,1500,137,130,153,0,0,0,578,570,30,1,100,0,1000,0,-1,-1,0,156,21,0,30,30,0,0,4349,-78,-48,207,218,217
20257323,1787303723,30000,248,23,1500,139,139,151,0,0,0,574,570,29,1,100,0,1000,0,-1,-1,0,156,21,0,30,29,0,0,4349,14,-14,207,216,215
20287323,1787303753,30000,244,23,1500,139,137,145,0,0,0,576,570,30,1,100,0,1000,0,-1,-1,0,156,21,0,28,30,0,0,4350,56,31,207,218,217
20317323,1787303783,30000,239,21,1500,132,135,146,0,0,0,577,570,30,1,100,0,1000,0,-1,-1,0,156,21,0,29,30,0,0,4349,-21,-4,207,218,217
20347323,1787303813,30000,259,27,1500,151,142,155,0,0,0,577,570,30,1,100,0,1000,0,-1,-1,0,156,21,0,30,30,0,0,4349,6,-31,207,218,217
20377323,1787303843,30000,250,25,1500,148,135,149,0,0,0,575,570,30,1,100,0,1000,0,-1,-1,0,156,21,0,30,30,0,0,4351,0,-4,207,219,217
20407324,1787303873,30001,252,24,1500,149,141,145,0,0,0,580,570,30,1,100,0,1000,0,-1,-1,0,156,21,0,30,30,0,0,4353,-14,-29,207,219,217
20437323,1787303903,29999,252,21,1500,145,134,155,0,0,0,581,570,30,1,100,0,1000,0,-1,-1,0,156,21,0,29,30,0,0,4347,-78,-35,207,218,217
20467323,1787303933,30000,248,23,1500,146,133,149,0,0,0,583,570,30,1,100,0,1000,0,-1,-1,0,156,21,0,29,30,0,0,4350,-6,17,207,218,217
20497323,1787303963,30000,221,26,1375,123,124,134,0,0,0,576,570,29,1,100,0,1000,0,-1,-1,0,143,21,0,30,29,0,0,4351,-84,-121,207,203,202
20527323,1787303993,30000,246,24,1500,149,137,139,0,0,0,585,570,30,1,100,0,1000,0,-1,-1,0,156,21,0,30,30,0,0,4349,-28,-23,207,218,217
20557323,1787304023,30000,245,24,1500,138,132,153,0,0,0,588,580,30,1,100,0,1000,0,-1,-1,0,156,21,0,28,30,0,0,4350,-14,-10,207,218,217
20587323,1787304053,30000,258,25,1500,149,142,155,0,0,0,587,580,30,1,100,0,1000,0,-1,-1,0,156,40,0,30,30,0,0,4348,0,-7,207,218,217
20617323,1787304083,30000,249,24,1500,146,134,150,0,0,0,585,580,30,1,100,0,1000,0,-1,-1,0,156,21,0,30,30,0,0,4350,-48,-32,207,218,217
20647323,1787304113,30000,254,30,1500,144,132,161,0,0,0,576,570,30,1,100,0,1000,0,-1,-1,0,156,21,0,29,30,0,0,4349,-98,-85,207,218,217
20677323,1787304143,30000,247,26,1500,137,137,153,0,0,0,579,570,30,1,100,0,1000,0,-1,-1,0,156,40,0,29,30,0,0,4350,-14,-21,207,218,217
20707323,1787304173,30000,250,26,1500,148,134,150,0,0,0,583,580,30,1,100,0,1000,0,-1,-1,0,156,21,0,30,30,0,0,4350,21,12,207,219,217
20737323,1787304203,30000,256,25,1500,156,142,144,0,0,0,581,580,30,1,100,0,1000,0,-1,-1,0,156,21,0,30,30,0,0,4346,-56,-31,207,218,217
20767323,1787304233,30000,250,25,1500,144,138,150,0,0,0,578,570,29,1,100,0,1000,0,-1,-1,0,156,21,0,27,29,0,0,4348,-114,-53,207,216,215
20797323,1787304263,30000,250,23,1500,149,128,154,0,0,0,590,590,30,1,100,0,1000,0,-1,-1,0,156,21,0,30,30,0,0,4350,-42,-37,207,219,217
20827323,1787304293,30000,251,25,1500,146,146,141,0,0,0,581,580,30,1,100,0,999,0,-1,-1,0,156,21,0,28,30,0,0,4349,43,15,207,219,218
20857323,1787304323,30000,233,30,1375,126,132,144,0,0,0,591,570,30,1,100,0,999,0,-1,-1,0,143,21,0,30,30,0,0,4350,6,0,207,205,204
20887323,1787304353,30000,250,25,1500,145,144,144,0,0,0,577,570,30,1,100,0,999,0,-1,-1,0,156,21,0,30,30,0,0,4350,-56,-46,207,218,217
20917323,1787304383,30000,243,25,1500,132,145,143,0,0,0,572,570,30,1,100,0,999,0,-1,-1,0,156,21,0,30,30,0,0,4349,35,7,207,218,217
20947323,1787304413,30000,247,28,1500,139,131,157,0,0,0,586,580,30,1,100,0,999,0,-1,-1,0,156,21,0,28,30,0,0,4348,21,-4,207,219,217
20977323,1787304443,30000,244,23,1500,133,133,155,0,0,0,571,570,29,1,100,0,999,0,-1,-1,0,156,21,0,28,29,0,0,4349,6,-1,207,216,215
21007323,1787304473,30000,239,23,1500,122,141,149,0,0,0,574,560,30,1,100,0,999,0,-1,-1,0,156,21,0,30,30,0,0,4349,-14,-3,207,218,217
21037323,1787304503,30000,237,23,1500,126,142,142,0,0,0,569,560,30,1,100,0,1000,0,-1,-1,0,156,21,0,30,30,0,0,4346,-234,-126,207,220,218
21067323,1787304533,30000,243,23,1500,122,149,147,0,0,0,576,570,30,1,100,0,1000,0,-1,-1,0,156,21,0,30,30,0,0,4348,-6,-31,207,218,217
21097323,1787304563,30000,10443,7053,1375,3950,8865,3852,1,0,0,626,580,29,1,100,0,1000,0,-1,-1,0,143,40,0,23,29,0,0,4349,-35,-48,207,205,204
21127323,1787304593,30000,552,91,1500,292,173,435,0,0,0,589,560,30,1,100,0,1000,0,-1,-1,0,156,21,0,29,30,0,0,4349,-14,-20,207,219,217
21157323,1787304623,30000,624,96,1500,330,174,500,0,0,0,559,550,30,1,100,0,1000,0,-1,-1,0,156,40,0,29,30,0,0,4348,28,18,207,218,217
21187323,1787304653,30000,415,74,1500,223,148,316,0,0,0,560,550,30,1,100,0,1000,0,-1,-1,0,156,21,0,28,30,0,0,4349,0,0,207,219,217
21217323,1787304683,30000,477,89,1500,275,132,366,0,0,0,544,540,30,1,100,0,1000,0,-1,-1,0,156,21,0,30,30,0,0,4348,64,29,207,218,217
21247323,1787304713,30000,738,103,1500,408,173,590,0,0,0,585,550,30,1,100,0,1000,0,-1,-1,0,156,21,0,30,30,0,0,4347,6,-31,207,218,217
21277324,1787304743,30001,470,122,1500,266,192,336,0,0,0,572,560,30,1,100,0,1000,0,-1,-1,0,156,21,0,28,30,0,0,4348,-14,-28,207,219,217
21307323,1787304773,29999,923,119,1500,514,179,745,0,0,0,600,590,30,1,100,0,1000,0,-1,-1,0,156,21,0,30,30,0,0,4348,14,-21,207,218,217
21337323,1787304803,30000,617,80,1500,341,142,495,0,0,0,602,590,29,1,100,0,1000,0,-1,-1,0,156,21,0,30,29,0,0,4347,-6,-12,207,216,215
21367323,1787304833,30000,751,91,1500,416,150,607,0,0,0,597,590,30,1,100,0,1000,0,-1,-1,0,156,40,0,30,30,0,0,4348,-21,-45,207,218,217
21397323,1787304863,30000,3162,1696,1375,969,2694,1341,1,0,0,609,580,30,1,100,0,1000,0,-1,-1,0,143,40,0,27,30,0,0,4348,28,14,207,207,206
21427323,1787304893,30000,519,51,1500,174,322,367,0,0,0,540,530,30,1,100,0,1000,0,-1,-1,0,156,21,0,30,30,0,0,4349,-35,3,207,218,217
21457323,1787304923,30000,892,694,1500,258,625,581,1,0,0,543,540,29,1,100,0,1000,0,-1,-1,0,156,40,0,30,29,0,0,4346,-28,-17,207,217,216
21487323,1787304953,30000,1567,1073,1375,355,1327,753,0,0,0,573,560,30,1,100,0,1000,0,-1,-1,0,143,40,0,27,30,0,0,4348,-14,-7,207,206,205
21517323,1787304983,30000,1699,838,1500,495,1382,856,1,0,0,558,540,29,1,100,0,1000,0,-1,-1,0,156,40,0,28,29,0,0,4346,-92,-56,207,218,217
21547323,1787305013,30000,456,50,1500,165,305,295,0,0,0,544,520,30,1,100,0,1000,0,-1,-1,0,156,21,0,30,30,0,0,4348,-71,-31,207,219,217
21577323,1787305043,30000,40555,13090,1500,16356,25103,27331,1,0,0,609,540,29,1,100,0,1000,0,-1,-1,0,156,40,0,21,29,0,0,4348,50,23,207,219,217
21607324,1787305073,30001,259,37,1500,154,131,161,0,0,0,632,560,30,1,100,0,1000,0,-1,-1,0,156,21,0,27,30,0,0,4349,14,6,207,219,217
21637324,1787305103,30000,236,22,1500,145,124,137,0,0,0,565,530,30,1,100,0,1000,0,-1,-1,0,156,21,0,30,30,0,0,4349,14,20,207,219,217
21667323,1787305133,29999,218,21,1500,130,113,133,0,0,0,584,580,30,1,100,0,1000,0,-1,-1,0,156,21,0,30,30,0,0,4349,-28,-21,207,218,217
21697324,1787305163,30001,265,66,1500,150,134,173,0,0,0,592,580,30,1,100,0,1000,0,-1,-1,0,156,21,0,30,30,0,0,4348,-71,-34,207,219,217
21727323,1787305193,29999,220,19,1500,136,114,129,0,0,0,605,600,30,1,100,0,1000,0,-1,-1,0,156,21,0,30,30,0,0,4348,-57,-32,207,218,217
21757323,1787305223,30000,226,21,1500,143,110,137,0,0,0,596,590,30,1,100,0,1000,0,-1,-1,0,156,21,0,30,30,0,0,4349,14,0,207,218,217
21787323,1787305253,30000,209,22,1375,122,107,131,1,0,0,628,610,29,1,100,0,1000,0,-1,-1,0,143,21,0,28,29,0,0,4348,-14,-12,207,204,203
21817323,1787305283,30000,4863,2704,1500,1092,3426,3274,0,0,0,618,590,30,1,100,0,1000,0,-1,-1,0,156,40,0,27,30,0,0,4349,-79,-50,207,219,218
21847323,1787305313,30000,274,173,1500,158,142,171,0,0,0,573,560,30,1,100,0,1000,0,-1,-1,0,156,21,0,29,30,0,0,4348,6,10,207,218,217
21877324,1787305343,30001,274,62,1500,167,148,159,0,0,0,592,580,30,1,100,0,1000,0,-1,-1,0,156,21,0,30,30,0,0,4348,14,10,207,219,217
21907323,1787305373,29999,305,150,1500,151,191,184,0,0,0,592,580,30,1,100,0,1000,0,-1,-1,0,156,21,0,30,30,0,0,4346,-28,-28,207,218,217
21937324,1787305403,30001,229,25,1500,147,122,125,0,0,0,603,590,30,1,100,0,1000,0,-1,-1,0,156,21,0,30,30,0,0,4347,21,3,207,219,217
21967323,1787305433,29999,205,23,1375,125,109,119,0,0,0,616,610,29,1,100,0,1000,0,-1,-1,0,143,21,0,30,29,0,0,4347,29,14,207,203,202
21997323,1787305463,30000,232,35,1500,149,115,135,0,0,0,611,600,30,1,100,0,1000,0,-1,-1,0,156,21,0,30,30,0,0,4348,-28,-23,207,218,217
22027323,1787305493,30000,221,23,1500,136,109,136,0,0,0,589,580,30,1,100,0,1000,0,-1,-1,0,156,21,0,30,30,0,0,4349,-28,-21,207,218,217
22057323,1787305523,30000,215,20,1500,137,115,120,0,0,0,585,570,30,1,100,0,1000,0,-1,-1,0,156,21,0,28,30,0,0,4347,-35,-14,207,218,217
22087323,1787305553,30000,225,28,1500,135,120,134,0,0,0,570,560,30,1,100,0,1000,0,-1,-1,0,156,21,0,30,30,0,0,4348,14,3,207,219,217
22117323,1787305583,30000,222,22,1500,140,112,130,0,0,0,585,570,30,1,100,0,1000,0,-1,-1,0,156,21,0,29,30,0,0,4347,-35,-40,207,218,217
22147323,1787305613,30000,4182,2394,1500,1358,2953,2631,1,0,0,585,560,29,1,100,0,1000,0,-1,-1,0,156,40,0,25,29,0,0,4346,14,-1,207,218,217
22177323,1787305643,30000,244,25,1500,141,128,152,0,0,0,619,570,30,1,100,0,1000,0,-1,-1,0,156,21,0,30,30,0,0,4348,21,1,207,218,217
22207323,1787305673,30000,204,19,1500,120,113,119,0,0,0,576,570,30,1,100,0,1000,0,-1,-1,0,156,21,0,30,30,0,0,4348,6,-40,207,218,217
22237323,1787305703,30000,688,460,1375,212,467,458,1,0,0,598,580,30,1,100,0,1000,0,-1,-1,0,143,40,0,28,30,0,0,4347,-28,-32,207,207,206
22267323,1787305733,30000,224,21,1500,141,117,129,0,0,0,579,570,30,1,100,0,1000,0,-1,-1,0,156,21,0,29,30,0,0,4348,57,21,207,218,217
22297323,1787305763,30000,210,21,1500,135,113,113,0,0,0,570,560,30,1,100,0,1000,0,-1,-1,0,156,40,0,30,30,0,0,4347,-14,-12,207,218,217
22327323,1787305793,30000,223,22,1500,146,118,120,0,0,0,589,560,30,1,100,0,1000,0,-1,-1,0,156,21,0,29,30,0,0,4348,-35,-43,207,218,217
22357323,1787305823,30000,229,24,1500,145,122,129,0,0,0,592,580,29,1,100,0,1000,0,-1,-1,0,156,21,0,29,29,0,0,4348,-6,0,207,216,215
22387324,1787305853,30001,230,22,1500,149,120,127,0,0,0,597,580,30,1,100,0,1000,0,-1,-1,0,156,21,0,30,30,0,0,4344,6,-7,207,219,217
22417323,1787305883,29999,226,20,1500,152,109,127,0,0,0,601,590,30,1,100,0,1000,0,-1,-1,0,156,21,0,30,30,0,0,4348,43,28,207,218,217
22447323,1787305913,30000,997,741,1375,370,689,618,1,0,0,597,590,30,1,100,0,1000,0,-1,-1,0,143,40,0,29,30,0,0,4348,-100,-57,207,206,205
22477323,1787305943,30000,16890,10898,1500,5091,9231,13196,0,0,0,629,570,30,1,100,0,1000,0,-1,-1,0,156,40,0,22,30,0,0,4346,-42,-23,207,219,218
22507323,1787305973,30000,196,17,1500,97,105,133,0,0,0,582,560,30,1,100,0,1000,0,-1,-1,0,156,21,0,30,30,0,0,4348,28,6,207,218,217
22537323,1787306003,30000,188,17,1500,99,113,113,0,0,0,570,560,29,1,100,0,1000,0,-1,-1,0,156,21,0,30,29,0,0,4347,50,26,207,216,215
22567324,1787306033,30001,192,18,1500,109,100,122,0,0,0,576,570,30,1,100,0,1000,0,-1,-1,0,156,21,0,30,30,0,0,4347,-35,-34,207,219,217
22597323,1787306063,29999,190,43,1500,91,102,132,0,0,0,579,570,30,1,100,0,1000,0,-1,-1,0,156,21,0,30,30,0,0,4345,-42,-17,207,218,217
22627323,1787306093,30000,188,16,1500,105,98,122,0,0,0,573,560,30,1,100,0,1000,0,-1,-1,0,156,21,0,30,30,0,0,4348,35,4,207,218,217
22657323,1787306123,30000,179,17,1500,100,95,113,0,0,0,581,580,30,1,100,0,1000,0,-1,-1,0,156,21,0,30,30,0,0,4348,-21,-20,207,218,217
22687323,1787306153,30000,191,21,1500,101,95,130,0,0,0,578,570,30,1,100,0,999,0,-1,-1,0,156,21,0,30,30,0,0,4346,-64,-42,206,219,218
22717323,1787306183,30000,186,17,1500,99,102,119,0,0,0,600,590,29,1,100,0,999,0,-1,-1,0,156,21,0,30,29,0,0,4346,28,4,206,217,215
22747323,1787306213,30000,189,19,1500,100,107,119,0,0,0,577,570,30,1,100,0,999,0,-1,-1,0,156,40,0,30,30,0,0,4347,21,-3,206,218,217
22777323,1787306243,30000,189,23,1500,99,99,126,0,0,0,585,580,30,1,100,0,999,0,-1,-1,0,156,21,0,30,30,0,0,4346,-35,-17,206,218,217
22807323,1787306273,30000,189,20,1500,102,103,121,0,0,0,579,570,30,1,100,0,999,0,-1,-1,0,156,21,0,30,30,0,0,4346,-14,-15,206,218,217
22837323,1787306303,30000,173,17,1375,90,91,116,0,0,0,578,570,30,1,100,0,999,0,-1,-1,0,143,21,0,30,30,0,0,4347,-42,-25,206,205,204
22867323,1787306333,30000,208,18,1625,106,113,138,0,0,0,584,580,30,1,100,0,1000,0,-1,-1,0,169,21,0,30,30,0,0,4346,-42,-25,206,232,231
22897323,1787306363,30000,185,46,1375,92,98,126,0,0,0,580,580,29,1,100,0,1000,0,-1,-1,0,143,21,0,30,29,0,0,4346,-6,-3,206,203,202
22927323,1787306393,30000,188,19,1500,107,93,123,0,0,0,573,560,30,1,100,0,1000,0,-1,-1,0,156,21,0,30,30,0,0,4348,-71,-60,206,218,217
22957323,1787306423,30000,193,19,1500,109,102,122,0,0,0,577,570,30,1,100,0,1000,0,-1,-1,0,156,21,0,30,30,0,0,4347,56,40,206,218,217
22987323,1787306453,30000,196,18,1500,112,101,124,0,0,0,580,580,30,1,100,0,1000,0,-1,-1,0,156,21,0,30,30,0,0,4346,6,6,206,219,217
23017323,1787306483,30000,192,17,1500,102,97,130,0,0,0,578,570,30,1,100,0,1000,0,-1,-1,0,156,21,0,30,30,0,0,4346,-50,-39,206,218,217
23047324,1787306513,30001,188,33,1500,104,98,122,0,0,0,588,570,30,1,100,0,1000,0,-1,-1,0,156,21,0,30,30,0,0,4346,14,4,206,219,217
23077323,1787306543,29999,186,17,1500,97,108,115,0,0,0,576,570,30,1,100,0,1000,0,-1,-1,0,156,21,0,30,30,0,0,4346,-21,-28,206,218,217
23107323,1787306573,30000,198,19,1500,111,109,121,0,0,0,572,570,30,1,100,0,1000,0,-1,-1,0,156,21,0,30,30,0,0,4347,-35,-35,206,218,217
23137323,1787306603,30000,189,21,1500,105,106,115,0,0,0,579,570,30,1,100,0,1000,0,-1,-1,0,156,21,0,30,30,0,0,4347,-14,-28,206,219,217
23167323,1787306633,30000,187,19,1500,101,97,123,0,0,0,587,570,29,1,100,0,1000,0,-1,-1,0,156,21,0,30,29,0,0,4345,-28,-9,206,217,215
23197323,1787306663,30000,192,20,1500,106,102,123,0,0,0,580,570,30,1,100,0,1000,0,-1,-1,0,156,40,0,30,30,0,0,4345,28,-6,206,219,217
23227323,1787306693,30000,179,18,1500,95,97,116,0,0,0,584,570,30,1,100,0,1000,0,-1,-1,0,156,21,0,30,30,0,0,4345,-6,-3,206,218,217
23257323,1787306723,30000,188,17,1500,110,104,112,0,0,0,585,580,30,1,100,0,1000,0,-1,-1,0,156,21,0,30,30,0,0,4347,-35,-20,206,218,217
23287324,1787306753,30001,174,18,1375,88,95,116,0,0,0,576,570,30,1,100,0,1000,0,-1,-1,0,143,21,0,30,30,0,0,4347,14,6,206,206,204
23317323,1787306783,29999,183,18,1500,99,94,121,0,0,0,583,580,30,1,100,0,1000,0,-1,-1,0,156,21,0,30,30,0,0,4345,43,25,206,218,217
23347323,1787306813,30000,187,20,1500,106,103,114,0,0,0,580,580,30,1,100,0,1000,0,-1,-1,0,156,21,0,30,30,0,0,4345,50,18,206,219,217
23377323,1787306843,30000,193,20,1500,97,106,128,0,0,0,584,580,30,1,100,0,1000,0,-1,-1,0,156,21,0,30,30,0,0,4341,-21,-17,206,218,217
23407323,1787306873,30000,192,19,1500,104,108,119,0,0,0,579,570,30,1,100,0,1000,0,-1,-1,0,156,40,0,30,30,0,0,4343,-84,-48,206,218,217
23437323,1787306903,30000,187,18,1500,107,103,113,0,0,0,584,580,29,1,100,0,1000,0,-1,-1,0,156,21,0,30,29,0,0,4346,-35,-31,206,216,215
23467323,1787306933,30000,181,22,1500,98,98,116,0,0,0,584,580,30,1,100,0,1000,0,-1,-1,0,156,21,0,30,30,0,0,4344,-6,-1,206,218,217
23497323,1787306963,30000,185,17,1500,109,96,114,0,0,0,581,580,30,1,100,0,1000,0,-1,-1,0,156,21,0,30,30,0,0,4345,0,9,206,219,217
23527323,1787306993,30000,180,17,1500,95,102,112,0,0,0,576,570,30,1,100,0,1000,0,-1,-1,0,156,21,0,30,30,0,0,4344,-6,-15,206,218,217
23557323,1787307023,30000,227,56,1500,113,113,160,0,0,0,577,570,30,1,100,0,1000,0,-1,-1,0,156,21,0,30,30,0,0,4342,-35,-48,206,218,217
23587323,1787307053,30000,3485,1814,1375,417,1550,3094,1,0,0,600,580,30,1,100,0,1000,0,-1,-1,0,143,40,0,28,30,0,0,4346,21,25,206,208,206
23617323,1787307083,30000,207,20,1500,117,96,141,0,0,0,572,560,30,1,100,0,1000,0,-1,-1,0,156,21,0,30,30,0,0,4345,-6,0,206,218,217
23647324,1787307113,30001,214,22,1500,127,103,137,0,0,0,571,560,30,1,100,0,1000,0,-1,-1,0,156,21,0,28,30,0,0,4347,-6,-1,206,219,217
23677323,1787307143,29999,212,17,1500,127,105,132,0,0,0,576,560,30,1,100,0,1000,0,-1,-1,0,156,21,0,30,30,0,0,4345,14,0,206,218,217
23707323,1787307173,30000,2480,1643,1500,686,1162,2080,1,0,0,571,560,29,1,100,0,1000,0,-1,-1,0,156,40,0,30,29,0,0,4343,-21,-10,206,218,217
23737323,1787307203,30000,227,32,1500,117,112,159,0,0,0,643,600,30,1,100,0,1000,0,-1,-1,0,156,21,0,28,30,0,0,4346,-21,-3,206,218,217
23767323,1787307233,30000,215,22,1500,119,106,144,0,0,0,583,570,30,1,100,0,1000,0,-1,-1,0,156,21,0,30,30,0,0,4346,-21,0,206,219,217
23797324,1787307263,30001,220,20,1500,121,102,152,0,0,0,585,570,30,1,100,0,1000,0,-1,-1,0,156,21,0,30,30,0,0,4344,28,18,206,219,217
23827323,1787307293,29999,221,55,1500,109,112,156,0,0,0,575,570,30,1,100,0,1000,0,-1,-1,0,156,21,0,30,30,0,0,4347,0,4,206,218,217
23857323,1787307323,30000,221,22,1500,114,109,154,0,0,0,576,570,30,1,100,0,1000,0,-1,-1,0,156,21,0,30,30,0,0,4345,-28,-6,206,219,217
23887323,1787307353,30000,229,33,1500,122,111,159,0,0,0,565,560,29,1,100,0,1000,0,-1,-1,0,156,21,0,30,29,0,0,4343,-35,-7,206,216,215
23917323,1787307383,30000,207,19,1500,108,101,143,0,0,0,571,560,30,1,100,0,1000,0,-1,-1,0,156,21,0,30,30,0,0,4344,-50,-29,206,219,217
23947323,1787307413,30000,211,21,1500,108,112,142,0,0,0,570,560,30,1,100,0,1000,0,-1,-1,0,156,21,0,30,30,0,0,4343,-42,-20,206,218,217
23977323,1787307443,30000,192,23,1375,99,94,135,0,0,0,577,560,30,1,100,0,1000,0,-1,-1,0,143,40,0,30,30,0,0,4346,21,7,206,206,204
24007323,1787307473,30000,206,23,1500,103,115,136,0,0,0,570,560,30,1,100,0,1000,0,-1,-1,0,156,21,0,30,30,0,0,4344,-50,-34,206,218,217
24037323,1787307503,30000,208,20,1500,112,96,146,0,0,0,570,570,30,1,100,0,1000,0,-1,-1,0,156,21,0,30,30,0,0,4345,35,10,206,218,217
24067324,1787307533,30001,228,21,1500,118,119,153,0,0,0,575,570,30,1,100,0,1000,0,-1,-1,0,156,40,0,30,30,0,0,4341,-42,-32,206,219,217
24097323,1787307563,29999,216,22,1500,110,106,151,0,0,0,576,560,30,1,100,0,1000,0,-1,-1,0,156,21,0,30,30,0,0,4343,14,4,206,218,217
24127323,1787307593,30000,234,27,1500,115,120,164,0,0,0,573,550,30,1,100,0,1000,0,-1,-1,0,156,21,0,30,30,0,0,4345,-64,-35,206,218,217
24157324,1787307623,30001,199,23,1375,96,99,143,0,0,0,569,560,29,1,100,0,1000,0,-1,-1,0,143,21,0,30,29,0,0,4345,-64,-35,206,203,201
24187323,1787307653,29999,210,19,1500,106,114,142,0,0,0,569,560,30,1,100,0,1000,0,-1,-1,0,156,21,0,30,30,0,0,4345,21,-20,206,218,217
24217323,1787307683,30000,235,30,1500,117,108,172,0,0,0,586,570,30,1,100,0,1000,0,-1,-1,0,156,21,0,30,30,0,0,4344,-50,-40,206,218,217
24247323,1787307713,30000,204,19,1500,106,98,143,0,0,0,574,570,30,1,100,0,1000,0,-1,-1,0,156,21,0,30,30,0,0,4326,-214,-125,206,218,217
24277323,1787307743,30000,234,25,1500,113,109,173,0,0,0,579,570,30,1,100,0,1000,0,-1,-1,0,156,40,0,30,30,0,0,4343,-21,-64,206,218,217
24307323,1787307773,30000,8588,4015,1500,3109,6841,4157,1,0,0,612,580,30,1,100,0,1000,0,-1,-1,0,156,40,0,22,30,0,0,4343,21,0,206,220,219
24337323,1787307803,30000,637,77,1500,347,428,318,0,0,0,589,560,29,1,100,0,1000,0,-1,-1,0,156,21,0,29,29,0,0,4343,-28,-1,206,216,215
24367323,1787307833,30000,633,73,1500,351,425,310,0,0,0,559,550,30,1,100,0,1000,0,-1,-1,0,156,21,0,30,30,0,0,4344,-56,-20,206,218,217
24397323,1787307863,30000,531,56,1500,302,357,251,0,0,0,570,560,30,1,100,0,1000,0,-1,-1,0,156,21,0,30,30,0,0,4344,35,10,206,218,217
24427323,1787307893,30000,527,57,1500,289,353,263,0,0,0,570,560,30,1,100,0,1000,0,-1,-1,0,156,21,0,30,30,0,0,4344,-42,-46,206,218,217
24457323,1787307923,30000,489,54,1375,272,328,240,0,0,0,570,560,30,1,100,0,1000,0,-1,-1,0,143,21,0,28,30,0,0,4343,21,-6,206,205,204
24487324,1787307953,30001,554,61,1500,314,376,258,0,0,0,562,550,30,1,100,0,1000,0,-1,-1,0,156,21,0,30,30,0,0,4343,0,28,206,219,217
24517323,1787307983,29999,520,54,1500,294,345,255,0,0,0,557,550,30,1,100,0,1000,0,-1,-1,0,156,21,0,30,30,0,0,4344,-14,7,206,218,217
24547323,1787308013,30000,556,54,1500,315,378,258,0,0,0,567,550,30,1,100,0,1000,0,-1,-1,0,156,21,0,27,30,0,0,4343,14,1,206,218,217
24577323,1787308043,30000,517,57,1500,299,344,244,0,0,0,570,560,30,1,100,0,1000,0,-1,-1,0,156,21,0,30,30,0,0,4343,-21,-6,206,218,217
24607323,1787308073,30000,551,51,1500,296,381,266,0,0,0,574,560,29,1,100,0,1000,0,-1,-1,0,156,21,0,25,29,0,0,4344,-35,-31,206,216,215
24637323,1787308103,30000,593,83,1500,327,394,298,0,0,0,577,560,30,1,100,0,1000,0,-1,-1,0,156,21,0,30,30,0,0,4343,-84,-40,206,219,217
24667323,1787308133,30000,536,61,1500,294,364,262,0,0,0,572,560,30,1,100,0,1000,0,-1,-1,0,156,21,0,30,30,0,0,4343,-28,-18,206,218,217
24697323,1787308163,30000,512,50,1500,288,346,244,0,0,0,577,570,30,1,100,0,1000,0,-1,-1,0,156,21,0,30,30,0,0,4342,43,15,206,218,217
24727323,1787308193,30000,551,57,1500,312,370,262,0,0,0,578,570,30,1,100,0,1000,0,-1,-1,0,156,40,0,28,30,0,0,4343,-14,-31,206,219,217
24757323,1787308223,30000,580,128,1500,321,390,285,0,0,0,574,560,30,1,100,0,1000,0,-1,-1,0,156,21,0,30,30,0,0,4342,-28,-23,206,218,217
24787323,1787308253,30000,569,77,1500,327,372,280,0,0,0,574,570,30,1,100,0,1000,0,-1,-1,0,156,21,0,19,30,0,0,4344,14,20,206,219,217
24817323,1787308283,30000,547,51,1500,312,365,261,0,0,0,576,570,30,1,100,0,1000,0,-1,-1,0,156,21,0,30,30,0,0,4340,-120,-12,206,218,217
24847323,1787308313,30000,517,51,1500,295,344,248,0,0,0,577,560,30,1,100,0,1000,0,-1,-1,0,156,21,0,26,30,0,0,4342,50,25,206,218,217
24877323,1787308343,30000,513,51,1375,290,346,242,0,0,0,567,560,29,1,100,0,1000,0,-1,-1,0,143,21,0,30,29,0,0,4342,-56,-48,206,204,202
24907323,1787308373,30000,518,57,1500,288,349,250,0,0,0,575,570,30,1,100,0,1000,0,-1,-1,0,156,21,0,26,30,0,0,4344,64,29,206,218,217
24937323,1787308403,30000,530,59,1500,299,357,253,0,0,0,572,560,30,1,100,0,1000,0,-1,-1,0,156,21,0,30,30,0,0,4343,-14,-18,206,218,217
24967323,1787308433,30000,564,63,1500,321,373,274,0,0,0,577,570,30,1,100,0,1000,0,-1,-1,0,156,21,0,29,30,0,0,4342,28,0,206,219,217
24997323,1787308463,30000,575,55,1500,324,385,276,0,0,0,578,570,30,1,100,0,1000,0,-1,-1,0,156,21,0,29,30,0,0,4342,28,14,206,219,217
25027323,1787308493,30000,530,53,1500,298,361,248,0,0,0,571,570,30,1,100,0,1000,0,-1,-1,0,156,21,0,30,30,0,0,4342,6,0,206,218,217
25057323,1787308523,30000,526,52,1500,296,355,251,0,0,0,572,560,30,1,100,0,1000,0,-1,-1,0,156,21,0,30,30,0,0,4341,0,-4,206,218,217
25087323,1787308553,30000,571,77,1500,318,381,281,0,0,0,572,550,30,1,100,0,1000,0,-1,-1,0,156,21,0,28,30,0,0,4343,0,1,206,219,217
25117323,1787308583,30000,511,51,1500,288,346,241,0,0,0,567,550,30,1,100,0,1000,0,-1,-1,0,156,21,0,28,30,0,0,4318,-350,-170,206,218,217
25147323,1787308613,30000,581,73,1500,330,387,279,0,0,0,577,570,29,1,100,0,1000,0,-1,-1,0,156,21,0,27,29,0,0,4343,21,-14,206,217,215
25177323,1787308643,30000,560,61,1500,312,377,272,0,0,0,567,550,30,1,100,0,1000,0,-1,-1,0,156,40,0,26,30,0,0,4343,-64,-23,206,218,217
25207323,1787308673,30000,534,53,1500,301,351,267,0,0,0,583,570,30,1,100,0,999,0,-1,-1,0,156,21,0,30,30,0,0,4327,-479,-257,206,220,218
25237323,1787308703,30000,574,70,1500,312,380,296,0,0,0,580,570,30,1,100,0,999,0,-1,-1,0,156,21,0,26,30,0,0,4343,-42,-40,206,218,217
25267323,1787308733,30000,530,58,1500,304,350,257,0,0,0,570,560,30,1,100,0,999,0,-1,-1,0,156,21,0,29,30,0,0,4342,-6,-6,206,219,217
25297323,1787308763,30000,545,53,1500,310,362,264,0,0,0,566,560,30,1,100,0,999,0,-1,-1,0,156,21,0,28,30,0,0,4343,-6,-4,206,218,217
25327323,1787308793,30000,509,72,1500,293,341,237,0,0,0,569,560,30,1,100,0,999,0,-1,-1,0,156,21,0,27,30,0,0,4341,0,3,206,218,217
25357323,1787308823,30000,503,54,1375,284,338,240,0,0,0,573,570,29,1,100,0,999,0,-1,-1,0,143,21,0,30,29,0,0,4341,-84,-54,206,203,202
25387323,1787308853,30000,576,83,1500,325,379,287,0,0,0,575,570,30,1,100,0,999,0,-1,-1,0,156,21,0,28,30,0,0,4342,-42,-18,206,218,217
25417323,1787308883,30000,542,66,1500,307,359,265,0,0,0,572,560,30,1,100,0,999,0,-1,-1,0,156,21,0,30,30,0,0,4342,-28,-37,206,219,217
25447323,1787308913,30000,614,118,1500,339,402,317,0,0,0,587,570,30,1,100,0,999,0,-1,-1,0,156,21,0,30,30,0,0,4341,21,-20,206,219,217
25477323,1787308943,30000,514,55,1500,289,349,243,0,0,0,567,560,30,1,100,0,999,0,-1,-1,0,156,21,0,25,30,0,0,4343,-71,-40,206,219,217
25507323,1787308973,30000,510,55,1500,291,335,249,0,0,0,564,540,30,1,100,0,999,0,-1,-1,0,156,40,0,29,30,0,0,4342,35,7,206,218,217
25537323,1787309003,30000,544,59,1500,314,356,264,0,0,0,573,570,30,1,100,0,999,0,-1,-1,0,156,21,0,30,30,0,0,4340,-14,-17,206,218,217
25567323,1787309033,30000,533,51,1500,300,349,268,0,0,0,572,570,30,1,100,0,999,0,-1,-1,0,156,21,0,30,30,0,0,4341,-71,-57,206,218,217
25597323,1787309063,30000,573,65,1500,320,393,266,0,0,0,577,570,29,1,100,0,999,0,-1,-1,0,156,21,0,30,29,0,0,4342,-14,-17,206,216,215
25627323,1787309093,30000,522,58,1500,293,345,259,0,0,0,577,560,30,1,100,0,999,0,-1,-1,0,156,40,0,28,30,0,0,4342,14,-10,206,219,217
25657323,1787309123,30000,567,57,1500,321,385,264,0,0,0,575,560,30,1,100,0,999,0,-1,-1,0,156,21,0,30,30,0,0,4342,50,15,206,218,217
25687323,1787309153,30000,583,53,1500,333,382,288,0,0,0,573,560,30,1,100,0,999,0,-1,-1,0,156,21,0,30,30,0,0,4341,-42,-35,206,219,217
25717323,1787309183,30000,469,49,1375,263,310,233,0,0,0,568,560,30,1,100,0,999,0,-1,-1,0,143,21,0,30,30,0,0,4339,-114,-59,206,205,204
25747323,1787309213,30000,532,54,1500,296,356,261,0,0,0,569,550,30,1,100,0,999,0,-1,-1,0,156,21,0,30,30,0,0,4340,-28,-25,206,219,217
25777323,1787309243,30000,536,52,1500,302,358,259,0,0,0,572,570,30,1,100,0,999,0,-1,-1,0,156,21,0,30,30,0,0,4340,50,7,206,218,217
25807323,1787309273,30000,551,57,1500,309,370,267,0,0,0,575,570,30,1,100,0,999,0,-1,-1,0,156,21,0,27,30,0,0,4341,43,9,206,219,217
25837323,1787309303,30000,558,54,1500,315,382,257,0,0,0,577,570,30,1,100,0,999,0,-1,-1,0,156,21,0,27,30,0,0,4342,-50,-29,206,218,217
25867323,1787309333,30000,605,134,1500,334,383,327,0,0,0,584,570,29,1,100,0,999,0,-1,-1,0,156,21,0,28,29,0,0,4339,35,0,206,216,215
25897323,1787309363,30000,519,70,1500,290,338,265,0,0,0,579,560,30,1,100,0,999,0,-1,-1,0,156,21,0,27,30,0,0,4342,28,6,206,219,217
25927323,1787309393,30000,522,66,1500,292,335,272,0,0,0,571,560,30,1,100,0,1000,0,-1,-1,0,156,40,0,30,30,0,0,4339,-21,-1,206,219,218
25957324,1787309423,30001,541,68,1500,310,349,273,0,0,0,573,560,30,1,100,0,1000,0,-1,-1,0,156,21,0,30,30,0,0,4341,-21,-6,206,219,217
25987323,1787309453,29999,508,53,1500,287,326,264,0,0,0,573,560,30,1,100,0,1000,0,-1,-1,0,156,21,0,30,30,0,0,4341,-100,-79,206,218,217
26017323,1787309483,30000,575,71,1500,325,365,304,0,0,0,570,560,30,1,100,0,1000,0,-1,-1,0,156,21,0,30,30,0,0,4342,71,31,206,218,217
26047323,1787309513,30000,612,119,1500,326,384,347,0,0,0,564,560,30,1,100,0,1000,0,-1,-1,0,156,21,0,28,30,0,0,4341,-14,-12,206,219,217
26077323,1787309543,30000,516,78,1500,288,345,252,0,0,0,584,570,29,1,100,0,1000,0,-1,-1,0,156,21,0,30,29,0,0,4341,-28,-150,206,216,215
26107323,1787309573,30000,13490,4884,1375,4573,9875,7971,1,0,0,639,570,30,1,100,0,1000,0,-1,-1,0,143,40,0,25,30,0,0,4341,-50,-42,206,207,206
26137323,1787309603,30000,252,24,1500,135,164,135,0,0,0,612,520,30,1,100,0,1000,0,-1,-1,0,156,21,0,28,30,0,0,4341,-79,-50,206,219,217
26167323,1787309633,30000,372,278,1500,210,229,205,0,0,0,532,510,30,1,100,0,999,0,-1,-1,0,156,21,0,26,30,0,0,4342,0,-45,206,219,218
26197323,1787309663,30000,279,42,1500,143,187,148,0,0,0,561,550,29,1,100,0,999,0,-1,-1,0,156,21,0,27,29,0,0,4340,-14,-12,205,217,215
26227323,1787309693,30000,233,20,1500,123,150,128,0,0,0,564,560,30,1,100,0,999,0,-1,-1,0,156,21,0,30,30,0,0,4340,85,35,206,221,219
26257323,1787309723,30000,245,33,1500,123,159,140,0,0,0,573,560,29,1,100,0,999,0,-1,-1,0,156,21,0,30,29,0,0,4341,28,-20,205,216,215
26287323,1787309753,30000,240,25,1500,120,161,132,0,0,0,558,550,30,1,100,0,999,0,-1,-1,0,156,40,0,30,30,0,0,4341,0,-23,205,218,217
26317323,1787309783,30000,290,117,1500,186,168,144,0,0,0,562,550,30,1,100,0,999,0,-1,-1,0,156,21,0,30,30,0,0,4342,21,12,205,218,217
26347324,1787309813,30001,242,26,1500,119,159,137,0,0,0,563,560,30,1,100,0,999,0,-1,-1,0,156,21,0,30,30,0,0,4341,21,3,205,219,217
26377323,1787309843,29999,251,63,1500,128,159,147,0,0,0,563,560,30,1,100,0,1000,0,-1,-1,0,156,21,0,30,30,0,0,4340,28,23,205,219,218
26407323,1787309873,30000,224,26,1375,121,145,120,0,0,0,571,560,29,1,100,0,1000,0,-1,-1,0,143,21,0,30,29,0,0,4339,-14,-37,205,204,202
26437323,1787309903,30000,236,23,1500,123,154,130,0,0,0,574,560,30,1,100,0,1000,0,-1,-1,0,156,21,0,30,30,0,0,4341,-56,-25,205,219,217
26467323,1787309933,30000,299,88,1500,158,197,159,0,0,0,576,570,30,1,100,0,1000,0,-1,-1,0,156,21,0,30,30,0,0,4341,-64,-48,205,218,217
26497323,1787309963,30000,255,39,1500,127,166,145,0,0,0,572,560,30,1,100,0,1000,0,-1,-1,0,156,21,0,29,30,0,0,4340,28,-1,205,218,217
26527323,1787309993,30000,248,106,1500,144,146,137,0,0,0,541,530,30,1,100,0,1000,0,-1,-1,0,156,21,0,28,30,0,0,4340,-185,-92,205,218,217
26557323,1787310023,30000,436,522,1500,170,335,219,0,0,0,566,550,30,1,100,0,1000,0,-1,-1,0,156,21,0,30,30,0,0,4341,-28,-20,205,218,217
26587323,1787310053,30000,248,81,1500,124,166,136,0,0,0,554,550,30,1,100,0,1000,0,-1,-1,0,156,21,0,30,30,0,0,4338,43,18,205,218,217
26617323,1787310083,30000,1190,1091,1500,323,1046,467,0,0,0,586,550,30,1,100,0,1000,0,-1,-1,0,156,21,0,30,30,0,0,4340,-35,-21,205,218,217
26647323,1787310113,30000,350,245,1500,160,264,163,0,0,0,554,520,30,1,100,0,1000,0,-1,-1,0,156,40,0,29,30,0,0,4340,-28,-37,205,219,217
26677323,1787310143,30000,596,247,1500,332,367,331,0,0,0,531,520,29,1,100,0,1000,0,-1,-1,0,156,21,0,27,29,0,0,4340,-79,-48,205,216,215
26707323,1787310173,30000,251,36,1500,125,168,138,0,0,0,548,530,30,1,100,0,1000,0,-1,-1,0,156,21,0,28,30,0,0,4339,-42,-35,205,219,217
26737323,1787310203,30000,18468,7364,1375,8737,12971,9822,1,0,0,561,520,30,1,100,0,1000,0,-1,-1,0,143,40,0,20,30,0,0,4341,-28,-28,205,208,206
26767323,1787310233,30000,206,21,1500,107,115,132,0,0,0,643,540,30,1,100,0,1000,0,-1,-1,0,156,21,0,30,30,0,0,4341,-14,7,205,218,217
26797323,1787310263,30000,220,25,1500,105,130,143,0,0,0,541,520,30,1,100,0,1000,0,-1,-1,0,156,21,0,30,30,0,0,4341,-21,-3,205,219,217
26827323,1787310293,30000,207,21,1500,101,126,129,0,0,0,532,520,30,1,100,0,1000,0,-1,-1,0,156,21,0,28,30,0,0,4340,-84,-51,205,218,217
26857323,1787310323,30000,197,21,1375,92,117,128,0,0,0,557,540,29,1,100,0,1000,0,-1,-1,0,143,40,0,30,29,0,0,4341,6,-3,205,203,202
26887323,1787310353,30000,5945,1907,1500,3231,4577,1990,2,0,0,538,530,29,1,100,0,1000,0,-1,-1,0,156,44,0,19,29,0,0,4340,56,1,205,220,219
26917323,1787310383,30000,222,20,1500,137,120,127,0,0,0,537,510,30,1,100,0,1000,0,-1,-1,0,156,21,0,28,30,0,0,4338,0,12,205,219,217
26947323,1787310413,30000,244,31,1500,136,139,146,0,0,0,522,510,30,1,100,0,1000,0,-1,-1,0,156,21,0,30,30,0,0,4339,-150,-76,205,218,217
26977323,1787310443,30000,211,18,1500,120,110,133,0,0,0,530,520,30,1,100,0,1000,0,-1,-1,0,156,21,0,30,30,0,0,4339,43,18,205,219,217
27007323,1787310473,30000,220,21,1500,129,121,131,0,0,0,553,540,29,1,100,0,1000,0,-1,-1,0,156,21,0,30,29,0,0,4340,0,-7,205,216,215
27037323,1787310503,30000,361,150,1500,242,204,172,0,0,0,537,530,30,1,100,0,1000,0,-1,-1,0,156,21,0,30,30,0,0,4339,6,-23,205,219,217
27067323,1787310533,30000,223,30,1500,139,108,137,0,0,0,556,530,30,1,100,0,1000,0,-1,-1,0,156,21,0,30,30,0,0,4341,0,-9,205,218,217
27097323,1787310563,30000,25488,11599,1375,15052,12349,16449,1,0,0,539,530,30,1,100,0,1000,0,-1,-1,0,143,40,0,22,30,0,0,4339,6,1,205,206,205
27127323,1787310593,30000,12845,6809,1500,4724,9824,6793,0,0,0,655,580,30,1,100,0,1000,0,-1,-1,0,156,40,0,20,30,0,0,4340,-42,-98,205,219,218
27157323,1787310623,30000,345,42,1500,147,170,262,0,0,0,572,560,29,1,100,0,1000,0,-1,-1,0,156,21,0,29,29,0,0,4340,-84,-51,205,216,215
27187323,1787310653,30000,297,34,1500,120,149,226,0,0,0,564,550,30,1,100,0,1000,0,-1,-1,0,156,21,0,30,30,0,0,4339,-21,-40,205,219,217
27217323,1787310683,30000,287,31,1500,119,154,211,0,0,0,559,550,30,1,100,0,1000,0,-1,-1,0,156,21,0,30,30,0,0,4339,-42,-34,205,218,217
27247324,1787310713,30001,297,36,1500,126,162,215,0,0,0,564,550,30,1,100,0,999,0,-1,-1,0,156,21,0,30,30,0,0,4338,-56,-37,205,220,218
27277323,1787310743,29999,272,33,1375,111,146,200,0,0,0,566,560,30,1,100,0,999,0,-1,-1,0,143,21,0,30,30,0,0,4338,-21,-6,205,205,204
27307324,1787310773,30001,281,30,1500,116,151,206,0,0,0,567,560,30,1,100,0,999,0,-1,-1,0,156,21,0,29,30,0,0,4340,6,4,205,219,217
27337323,1787310803,29999,288,30,1500,129,156,204,0,0,0,574,560,30,1,100,0,999,0,-1,-1,0,156,21,0,30,30,0,0,4338,-56,-25,205,218,217
27367323,1787310833,30000,315,56,1500,134,155,239,0,0,0,573,560,30,1,100,0,999,0,-1,-1,0,156,21,0,29,30,0,0,4339,28,-6,205,218,217
27397324,1787310863,30001,275,28,1500,112,160,193,0,0,0,547,540,29,1,100,0,1000,0,-1,-1,0,156,40,0,30,29,0,0,4339,21,17,205,218,216
27427323,1787310893,29999,285,30,1500,112,156,211,0,0,0,544,530,30,1,100,0,1000,0,-1,-1,0,156,21,0,29,30,0,0,4339,0,10,205,218,217
27457323,1787310923,30000,280,25,1500,114,150,206,0,0,0,539,520,30,1,100,0,1000,0,-1,-1,0,156,21,0,28,30,0,0,4334,0,-12,205,219,217
27487323,1787310953,30000,284,26,1500,115,158,205,0,0,0,546,540,30,1,100,0,1000,0,-1,-1,0,156,21,0,29,30,0,0,4340,-21,-9,205,218,217
27517323,1787310983,30000,288,27,1500,123,153,211,0,0,0,549,540,30,1,100,0,1000,0,-1,-1,0,156,21,0,28,30,0,0,4337,6,-26,205,218,217
27547323,1787311013,30000,282,37,1500,115,150,210,0,0,0,556,540,30,1,100,0,1000,0,-1,-1,0,156,21,0,30,30,0,0,4338,64,12,205,218,217
27577323,1787311043,30000,310,34,1500,120,159,238,0,0,0,553,550,29,1,100,0,1000,0,-1,-1,0,156,21,0,30,29,0,0,4339,-6,-18,205,217,215
27607323,1787311073,30000,264,27,1500,110,146,190,0,0,0,550,540,30,1,100,0,1000,0,-1,-1,0,156,21,0,30,30,0,0,4338,50,28,205,219,217
27637323,1787311103,30000,290,27,1500,114,159,214,0,0,0,545,540,30,1,100,0,1000,0,-1,-1,0,156,21,0,30,30,0,0,4339,-35,-35,205,218,217
27667323,1787311133,30000,272,31,1500,120,149,193,0,0,0,532,520,30,1,100,0,1000,0,-1,-1,0,156,21,0,28,30,0,0,4336,-92,-46,205,218,217
27697323,1787311163,30000,280,30,1375,113,144,210,0,0,0,544,530,30,1,100,0,1000,0,-1,-1,0,143,21,0,30,30,0,0,4338,6,-4,205,205,204
27727323,1787311193,30000,273,30,1500,109,148,202,0,0,0,542,530,30,1,100,0,1000,0,-1,-1,0,156,21,0,30,30,0,0,4338,-78,-51,205,218,217
27757323,1787311223,30000,268,28,1500,109,155,189,0,0,0,552,540,30,1,100,0,1000,0,-1,-1,0,156,21,0,28,30,0,0,4337,-6,-6,205,218,217
27787323,1787311253,30000,252,25,1500,112,150,168,0,0,0,551,550,30,1,100,0,1000,0,-1,-1,0,156,21,0,28,30,0,0,4338,-14,-26,205,218,217
27817323,1787311283,30000,4095,1640,1500,2250,1989,2783,1,0,0,575,550,29,1,100,0,1000,0,-1,-1,0,156,40,0,23,29,0,0,4338,14,28,205,218,217
27847324,1787311313,30001,378,55,1500,240,159,244,0,0,0,572,530,30,1,100,0,1000,0,-1,-1,0,156,21,0,30,30,0,0,4337,6,15,205,219,217
27877323,1787311343,29999,318,99,1500,169,164,213,0,0,0,526,520,30,1,100,0,1000,0,-1,-1,0,156,21,0,29,30,0,0,4338,0,-14,205,218,217
27907323,1787311373,30000,291,32,1500,161,148,192,0,0,0,534,520,30,1,100,0,1000,0,-1,-1,0,156,21,0,28,30,0,0,4338,0,0,205,218,217
27937323,1787311403,30000,292,34,1500,180,146,177,0,0,0,543,530,30,1,100,0,1000,0,-1,-1,0,156,21,0,30,30,0,0,4337,-14,-34,205,218,217
27967323,1787311433,30000,323,89,1500,189,161,206,0,0,0,557,540,30,1,100,0,1000,0,-1,-1,0,156,21,0,28,30,0,0,4336,-48,-21,205,218,217
27997324,1787311463,30001,419,118,1500,237,186,290,0,0,0,549,520,29,1,100,0,1000,0,-1,-1,0,156,21,0,26,29,0,0,4338,14,-60,205,217,215
28027323,1787311493,29999,3405,1577,1375,1412,913,2961,1,0,0,541,520,30,1,100,0,1000,0,-1,-1,0,143,40,0,27,30,0,0,4337,0,-29,205,208,206
28057323,1787311523,30000,374,64,1500,133,168,306,0,0,0,598,560,30,1,100,0,1000,0,-1,-1,0,156,21,0,28,30,0,0,4337,6,-9,205,218,217
28087323,1787311553,30000,1521,611,1500,963,564,1033,0,0,0,551,540,30,1,100,0,1000,0,-1,-1,0,156,21,0,26,30,0,0,4338,-21,-10,205,218,217
28117323,1787311583,30000,307,36,1500,125,159,230,0,0,0,557,550,29,1,100,0,1000,0,-1,-1,0,156,21,0,28,29,0,0,4337,14,-14,205,217,215
28147323,1787311613,30000,302,44,1500,122,161,224,0,0,0,559,550,30,1,100,0,1000,0,-1,-1,0,156,21,0,30,30,0,0,4336,-84,-59,205,218,217
28177323,1787311643,30000,264,28,1500,120,140,189,0,0,0,563,550,30,1,100,0,1000,0,-1,-1,0,156,21,0,30,30,0,0,4337,-28,-37,205,218,217
28207323,1787311673,30000,330,38,1500,123,158,261,0,0,0,546,540,30,1,100,0,1000,0,-1,-1,0,156,21,0,29,30,0,0,4336,-42,-40,205,219,217
28237323,1787311703,30000,267,27,1500,112,147,192,0,0,0,546,540,30,1,100,0,1000,0,-1,-1,0,156,21,0,30,30,0,0,4335,-35,-37,205,218,217
28267323,1787311733,30000,265,27,1500,125,149,180,0,0,0,571,550,30,1,100,0,1000,0,-1,-1,0,156,21,0,29,30,0,0,4336,-14,0,205,219,217
28297323,1787311763,30000,294,63,1500,131,146,219,0,0,0,568,560,30,1,100,0,1000,0,-1,-1,0,156,21,0,28,30,0,0,4338,6,-6,205,218,217
28327324,1787311793,30001,323,57,1500,121,162,251,0,0,0,574,560,30,1,100,0,1000,0,-1,-1,0,156,21,0,26,30,0,0,4336,-6,1,205,219,217
28357323,1787311823,29999,275,24,1500,112,152,199,0,0,0,554,550,30,1,100,0,1000,0,-1,-1,0,156,21,0,28,30,0,0,4336,-71,-32,205,218,217
28387323,1787311853,30000,260,28,1375,99,149,188,0,0,0,547,540,29,1,100,0,1000,0,-1,-1,0,143,21,0,30,29,0,0,4336,-120,-79,205,203,202
28417324,1787311883,30001,274,26,1500,112,150,199,0,0,0,552,540,30,1,100,0,1000,0,-1,-1,0,156,40,0,30,30,0,0,4336,-6,-7,205,219,217
28447323,1787311913,29999,269,28,1500,109,147,197,0,0,0,561,550,30,1,100,0,1000,0,-1,-1,0,156,21,0,28,30,0,0,4336,64,21,205,218,217
28477323,1787311943,30000,259,28,1500,107,142,188,0,0,0,566,560,30,1,100,0,1000,0,-1,-1,0,156,21,0,30,30,0,0,4337,28,-9,205,218,217
28507323,1787311973,30000,267,24,1500,98,143,202,0,0,0,559,550,30,1,100,0,1000,0,-1,-1,0,156,21,0,30,30,0,0,4335,21,4,205,218,217
28537323,1787312003,30000,277,61,1500,123,160,189,0,0,0,570,560,30,1,100,0,1000,0,-1,-1,0,156,21,0,30,30,0,0,4336,6,17,205,218,217
28567323,1787312033,30000,293,26,1500,100,156,226,0,0,0,562,560,30,1,100,0,1000,0,-1,-1,0,156,21,0,30,30,0,0,4336,-35,-26,205,218,217
28597323,1787312063,30000,3130,2657,1500,2270,1530,1517,1,0,0,586,560,29,1,100,0,1000,0,-1,-1,0,156,40,0,27,29,0,0,4336,-21,-35,205,219,217
28627323,1787312093,30000,336,40,1500,178,169,230,0,0,0,566,550,30,1,100,0,1000,0,-1,-1,0,156,21,0,29,30,0,0,4335,6,4,205,218,217
28657323,1787312123,30000,295,27,1500,158,148,200,0,0,0,538,520,30,1,100,0,1000,0,-1,-1,0,156,21,0,28,30,0,0,4335,-6,0,205,218,217
28687323,1787312153,30000,293,35,1500,148,154,200,0,0,0,555,540,30,1,100,0,1000,0,-1,-1,0,156,21,0,30,30,0,0,4336,-56,-32,205,218,217
28717323,1787312183,30000,1254,1218,1375,816,537,786,1,0,0,545,530,30,1,100,0,999,0,-1,-1,0,143,40,0,30,30,0,0,4336,-35,-37,204,208,206
28747323,1787312213,30000,1233,1175,1500,800,519,782,0,0,0,590,560,30,1,100,0,999,0,-1,-1,0,156,40,0,28,30,0,0,4336,-14,-4,204,220,218
28777323,1787312243,30000,304,93,1500,162,152,208,0,0,0,554,540,29,1,100,0,999,0,-1,-1,0,156,21,0,28,29,0,0,4336,-35,-37,204,216,215
28807323,1787312273,30000,286,29,1500,139,146,203,0,0,0,550,540,30,1,100,0,999,0,-1,-1,0,156,21,0,28,30,0,0,4334,56,23,204,218,217
28837323,1787312303,30000,297,31,1500,148,152,207,0,0,0,557,550,30,1,100,0,999,0,-1,-1,0,156,21,0,29,30,0,0,4336,28,3,204,218,217
28867323,1787312333,30000,297,30,1500,141,159,207,0,0,0,568,560,30,1,100,0,999,0,-1,-1,0,156,21,0,30,30,0,0,4336,-35,-62,204,218,217
28897323,1787312363,30000,922,463,1375,608,354,596,1,0,0,572,550,30,1,100,0,999,0,-1,-1,0,143,40,0,29,30,0,0,4336,-114,-48,204,207,206
28927323,1787312393,30000,490,48,1500,160,244,394,0,0,0,577,570,30,1,100,0,999,0,-1,-1,0,156,21,0,30,30,0,0,4337,-71,-43,204,219,217
28957323,1787312423,30000,417,38,1500,157,205,327,0,0,0,557,550,30,1,100,0,999,0,-1,-1,0,156,21,0,30,30,0,0,4335,0,-3,204,218,217
28987323,1787312453,30000,324,34,1500,135,174,237,0,0,0,552,540,29,1,100,0,999,0,-1,-1,0,156,21,0,30,29,0,0,4335,48,15,204,216,215
29017323,1787312483,30000,521,98,1500,169,253,423,0,0,0,561,540,30,1,100,0,999,0,-1,-1,0,156,40,0,30,30,0,0,4336,28,4,204,218,217
29047323,1787312513,30000,359,45,1500,145,174,279,0,0,0,554,540,30,1,100,0,999,0,-1,-1,0,156,21,0,30,30,0,0,4334,6,-9,204,218,217
29077323,1787312543,30000,373,44,1500,145,201,278,0,0,0,552,540,30,1,100,0,999,0,-1,-1,0,156,21,0,30,30,0,0,4335,6,-9,204,218,217
29107323,1787312573,30000,308,37,1375,124,162,231,0,0,0,550,540,30,1,100,0,999,0,-1,-1,0,143,21,0,29,30,0,0,4336,-48,-48,204,205,204
29137323,1787312603,30000,375,40,1500,137,194,290,0,0,0,561,550,30,1,100,0,999,0,-1,-1,0,156,21,0,29,30,0,0,4331,43,1,204,218,217
29167323,1787312633,30000,456,130,1500,162,226,362,0,0,0,564,550,30,1,100,0,999,0,-1,-1,0,156,21,0,30,30,0,0,4336,-98,-60,204,218,217
29197323,1787312663,30000,380,52,1500,152,192,290,0,0,0,548,530,30,1,100,0,999,0,-1,-1,0,156,21,0,28,30,0,0,4335,48,12,204,218,217
29227323,1787312693,30000,1040,427,1500,464,471,803,0,0,0,586,560,30,1,100,0,999,0,-1,-1,0,156,21,0,28,30,0,0,4334,64,28,204,218,217
29257323,1787312723,30000,351,35,1500,142,174,270,0,0,0,594,570,29,1,100,0,1000,0,-1,-1,0,156,21,0,28,29,0,0,4333,14,-20,204,217,216
29287323,1787312753,30000,345,40,1500,136,187,256,0,0,0,559,550,30,1,100,0,1000,0,-1,-1,0,156,21,0,30,30,0,0,4334,35,25,204,218,217
29317323,1787312783,30000,345,46,1500,133,179,262,0,0,0,555,540,30,1,100,0,1000,0,-1,-1,0,156,21,0,28,30,0,0,4334,-48,-14,204,218,217
29347323,1787312813,30000,657,212,1500,300,290,508,0,0,0,569,550,30,1,100,0,1000,0,-1,-1,0,156,21,0,30,30,0,0,4332,21,-15,204,218,217
29377323,1787312843,30000,3301,4434,1500,2045,2165,1423,1,0,0,558,550,29,1,100,0,1000,0,-1,-1,0,156,40,0,29,29,0,0,4335,-28,-32,204,217,216
29407323,1787312873,30000,4164,5300,1375,1668,3298,1916,0,0,0,613,560,30,1,100,0,1000,0,-1,-1,0,143,40,0,26,30,0,0,4334,-21,-12,204,206,205
29437323,1787312903,30000,527,51,1500,165,268,422,0,0,0,529,520,30,1,100,0,1000,0,-1,-1,0,156,21,0,30,30,0,0,4334,35,-4,204,218,217
29467323,1787312933,30000,489,74,1500,176,267,369,0,0,0,516,500,30,1,100,0,1000,0,-1,-1,0,156,21,0,29,30,0,0,4334,6,-6,204,218,217
29497323,1787312963,30000,620,141,1500,163,360,477,0,0,0,532,520,29,1,100,0,1000,0,-1,-1,0,156,21,0,30,29,0,0,4335,-42,-20,204,217,215
29527323,1787312993,30000,541,79,1500,184,311,401,0,0,0,540,510,30,1,100,0,1000,0,-1,-1,0,156,21,0,26,30,0,0,4334,-35,-51,204,218,217
29557323,1787313023,30000,7410,3722,1500,3139,4578,4909,1,0,0,547,520,30,1,100,0,1000,0,-1,-1,0,156,40,0,21,30,0,0,4335,-6,-7,204,220,219
29587323,1787313053,30000,270,30,1500,124,144,192,0,0,0,541,510,30,1,100,0,1000,0,-1,-1,0,156,21,0,29,30,0,0,4334,-21,-3,204,218,217
29617323,1787313083,30000,325,39,1500,142,158,246,0,0,0,524,510,29,1,100,0,1000,0,-1,-1,0,156,21,0,30,29,0,0,4334,-28,-23,204,217,215
29647323,1787313113,30000,287,35,1500,146,139,203,0,0,0,548,540,30,1,100,0,999,0,-1,-1,0,156,21,0,28,30,0,0,4334,56,-7,204,220,218
29677323,1787313143,30000,317,33,1500,151,160,228,0,0,0,553,550,30,1,100,0,999,0,-1,-1,0,156,21,0,30,30,0,0,4335,-64,-25,204,218,217
29707323,1787313173,30000,297,33,1500,145,152,209,0,0,0,548,540,30,1,100,0,999,0,-1,-1,0,156,21,0,28,30,0,0,4334,-35,-18,204,218,217
29737323,1787313203,30000,346,43,1500,144,155,274,0,0,0,575,570,30,1,100,0,999,0,-1,-1,0,156,21,0,30,30,0,0,4332,-6,0,204,218,217
29767323,1787313233,30000,237,27,1375,121,133,154,0,0,0,551,550,30,1,100,0,999,0,-1,-1,0,143,21,0,30,30,0,0,4333,-14,-14,204,205,204
29797323,1787313263,30000,387,59,1500,183,182,289,0,0,0,564,550,29,1,100,0,999,0,-1,-1,0,156,21,0,29,29,0,0,4333,-28,-26,204,217,215
29827323,1787313293,30000,271,30,1500,130,151,183,0,0,0,567,560,30,1,100,0,1000,0,-1,-1,0,156,21,0,30,30,0,0,4335,-84,-35,204,219,218
29857323,1787313323,30000,1294,923,1500,662,588,943,1,0,0,580,560,30,1,100,0,1000,0,-1,-1,0,156,40,0,30,30,0,0,4333,-64,-31,204,220,219
29887323,1787313353,30000,321,36,1500,191,144,213,0,0,0,583,560,30,1,100,0,1000,0,-1,-1,0,156,21,0,30,30,0,0,4334,35,29,204,219,217
29917324,1787313383,30001,16444,8284,1375,8192,9413,10708,1,0,0,582,550,29,1,100,0,1000,0,-1,-1,0,143,40,0,19,29,0,0,4332,-6,3,204,206,204
29947323,1787313413,29999,312,55,1500,216,155,162,0,0,0,596,520,30,1,100,0,1000,0,-1,-1,0,156,21,0,28,30,0,0,4334,-6,-12,204,218,217
29977323,1787313443,30000,316,30,1500,224,153,161,0,0,0,525,500,30,1,100,0,1000,0,-1,-1,0,156,21,0,29,30,0,0,4333,-71,-37,204,218,217
30007323,1787313473,30000,295,52,1500,201,140,164,0,0,0,550,540,30,1,100,0,1000,0,-1,-1,0,156,21,0,29,30,0,0,4333,-64,-56,204,218,217
30037324,1787313503,30001,276,30,1500,175,137,163,0,0,0,545,530,30,1,100,0,1000,0,-1,-1,0,156,21,0,28,30,0,0,4334,0,-17,204,219,217
30067323,1787313533,29999,269,30,1500,160,142,163,0,0,0,539,530,30,1,100,0,1000,0,-1,-1,0,156,21,0,30,30,0,0,4331,6,-4,204,218,217
30097323,1787313563,30000,342,48,1500,220,171,198,0,0,0,543,520,30,1,100,0,1000,0,-1,-1,0,156,21,0,30,30,0,0,4334,-28,-3,204,218,217
30127323,1787313593,30000,31771,13412,1500,16051,21607,16877,1,1,0,616,520,29,1,100,0,1000,0,-1,-1,0,156,40,0,21,29,0,0,4333,6,-6,204,220,218
30157323,1787313623,30000,22884,11755,1250,10289,17081,11226,2,0,0,636,560,29,1,100,0,1000,0,-1,-1,0,130,40,0,23,29,0,0,4334,6,-12,204,195,193
30187323,1787313653,30000,1218,381,1500,649,707,749,0,0,0,630,570,30,1,100,0,1000,0,-1,-1,0,156,40,0,28,30,0,0,4333,-42,-35,204,218,217
30217323,1787313683,30000,692,83,1500,411,297,470,0,0,0,576,570,30,1,100,0,1000,0,-1,-1,0,156,21,0,28,30,0,0,4332,50,20,204,218,217
30247323,1787313713,30000,602,56,1500,357,306,375,0,0,0,574,570,29,1,100,0,1000,0,-1,-1,0,156,21,0,30,29,0,0,4331,-42,-82,204,216,215
30277323,1787313743,30000,517,58,1500,308,274,311,0,0,0,575,570,30,1,100,0,1000,0,-1,-1,0,156,21,0,30,30,0,0,4333,-92,-53,204,219,217
30307323,1787313773,30000,494,45,1500,284,282,290,0,0,0,575,570,30,1,100,0,1000,0,-1,-1,0,156,21,0,30,30,0,0,4332,-14,-10,204,218,217
30337323,1787313803,30000,487,59,1500,285,265,292,0,0,0,584,580,30,1,100,0,1000,0,-1,-1,0,156,21,0,28,30,0,0,4331,-14,-12,204,218,217
30367323,1787313833,30000,499,49,1500,289,305,268,0,0,0,589,580,30,1,100,0,1000,0,-1,-1,0,156,21,0,30,30,0,0,4333,50,6,204,218,217
30397323,1787313863,30000,500,54,1500,292,293,280,0,0,0,574,560,30,1,100,0,1000,0,-1,-1,0,156,21,0,26,30,0,0,4331,-14,-7,204,218,217
30427323,1787313893,30000,489,47,1500,285,262,299,0,0,0,581,570,30,1,100,0,1000,0,-1,-1,0,156,21,0,30,30,0,0,4332,6,-4,204,218,217
30457324,1787313923,30001,493,54,1500,291,273,288,0,0,0,587,580,30,1,100,0,1000,0,-1,-1,0,156,21,0,27,30,0,0,4333,6,-7,204,219,217
30487323,1787313953,29999,537,84,1500,321,309,300,0,0,0,586,570,30,1,100,0,1000,0,-1,-1,0,156,21,0,26,30,0,0,4333,43,21,204,218,217
30517323,1787313983,30000,524,58,1500,299,311,296,0,0,0,583,570,29,1,100,0,1000,0,-1,-1,0,156,21,0,30,29,0,0,4332,-21,-14,204,216,215
30547323,1787314013,30000,581,57,1500,337,346,322,0,0,0,575,560,30,1,100,0,1000,0,-1,-1,0,156,21,0,30,30,0,0,4332,-50,-42,204,219,217
30577323,1787314043,30000,543,58,1500,312,333,294,0,0,0,574,570,30,1,100,0,1000,0,-1,-1,0,156,21,0,30,30,0,0,4330,-42,-29,204,218,217
30607323,1787314073,30000,579,56,1500,328,356,316,0,0,0,578,570,30,1,100,0,1000,0,-1,-1,0,156,21,0,30,30,0,0,4333,-21,-31,204,219,217
30637323,1787314103,30000,524,63,1500,296,335,274,0,0,0,575,560,30,1,100,0,1000,0,-1,-1,0,156,21,0,30,30,0,0,4330,-28,-12,204,218,217
30667323,1787314133,30000,529,61,1500,305,332,276,0,0,0,568,560,30,1,100,0,1000,0,-1,-1,0,156,21,0,30,30,0,0,4332,28,-10,204,219,217
30697323,1787314163,30000,566,62,1500,323,333,323,0,0,0,567,560,30,1,100,0,1000,0,-1,-1,0,156,21,0,30,30,0,0,4332,-21,-17,204,218,217
30727323,1787314193,30000,529,62,1500,300,325,290,0,0,0,578,570,30,1,100,0,1000,0,-1,-1,0,156,21,0,26,30,0,0,4331,6,-17,204,219,217
30757323,1787314223,30000,557,69,1500,305,365,289,0,0,0,564,550,30,1,100,0,1000,0,-1,-1,0,156,21,0,30,30,0,0,4331,21,3,204,218,217
30787323,1787314253,30000,528,57,1375,298,338,273,0,0,0,575,560,29,1,100,0,1000,0,-1,-1,0,143,21,0,30,29,0,0,4331,56,29,204,203,202
30817323,1787314283,30000,636,64,1500,374,374,353,0,0,0,575,560,30,1,100,0,1000,0,-1,-1,0,156,21,0,30,30,0,0,4331,43,23,204,219,217
30847323,1787314313,30000,590,64,1500,331,381,304,0,0,0,574,560,30,1,100,0,1000,0,-1,-1,0,156,21,0,30,30,0,0,4331,-84,-37,204,218,217
30877323,1787314343,30000,578,63,1500,336,365,295,0,0,0,580,570,30,1,100,0,1000,0,-1,-1,0,156,21,0,24,30,0,0,4331,-114,-64,204,218,217
30907323,1787314373,30000,567,61,1500,319,351,310,0,0,0,576,570,30,1,100,0,1000,0,-1,-1,0,156,21,0,30,30,0,0,4331,0,-23,204,218,217
30937323,1787314403,30000,566,52,1500,318,366,293,0,0,0,572,560,30,1,100,0,1000,0,-1,-1,0,156,21,0,30,30,0,0,4330,6,-1,204,218,217
30967324,1787314433,30001,542,61,1500,310,335,293,0,0,0,580,570,30,1,100,0,999,0,-1,-1,0,156,21,0,30,30,0,0,4331,-42,-20,203,220,218
30997323,1787314463,29999,576,60,1500,326,364,304,0,0,0,592,580,29,1,100,0,999,0,-1,-1,0,156,21,0,30,29,0,0,4331,-42,-20,203,215,214
31027323,1787314493,30000,590,62,1500,346,365,307,0,0,0,585,570,30,1,100,0,999,0,-1,-1,0,156,21,0,30,30,0,0,4330,50,20,203,218,217
31057323,1787314523,30000,574,60,1500,328,359,303,0,0,0,578,570,30,1,100,0,999,0,-1,-1,0,156,21,0,30,30,0,0,4331,-35,-40,203,218,217
31087323,1787314553,30000,585,55,1500,322,382,303,0,0,0,579,570,30,1,100,0,999,0,-1,-1,0,156,21,0,30,30,0,0,4330,-6,-40,203,218,217
31117323,1787314583,30000,614,67,1500,340,386,335,0,0,0,593,580,30,1,100,0,999,0,-1,-1,0,156,21,0,28,30,0,0,4332,-64,-59,203,218,217
31147323,1787314613,30000,581,55,1500,323,381,297,0,0,0,578,560,30,1,100,0,999,0,-1,-1,0,156,21,0,29,30,0,0,4331,-21,-3,203,218,217
31177323,1787314643,30000,543,93,1375,306,339,292,0,0,0,580,570,30,1,100,0,999,0,-1,-1,0,143,21,0,28,30,0,0,4328,50,6,203,205,204
31207323,1787314673,30000,564,53,1500,321,366,284,0,0,0,581,570,30,1,100,0,999,0,-1,-1,0,156,21,0,30,30,0,0,4331,14,-9,203,218,217
31237323,1787314703,30000,561,56,1500,320,348,302,0,0,0,590,580,30,1,100,0,999,0,-1,-1,0,156,21,0,30,30,0,0,4331,6,-21,203,219,217
31267323,1787314733,30000,580,76,1500,316,385,296,0,0,0,578,570,29,1,100,0,999,0,-1,-1,0,156,40,0,30,29,0,0,4331,-21,-14,203,216,215
31297323,1787314763,30000,559,64,1500,309,373,278,0,0,0,587,580,30,1,100,0,999,0,-1,-1,0,156,21,0,30,30,0,0,4331,-71,-25,203,219,217
31327323,1787314793,30000,560,50,1500,323,356,287,0,0,0,589,580,30,1,100,0,999,0,-1,-1,0,156,21,0,30,30,0,0,4331,-42,-25,203,218,217
31357323,1787314823,30000,580,60,1500,332,370,299,0,0,0,588,580,30,1,100,0,999,0,-1,-1,0,156,21,0,30,30,0,0,4330,-28,-28,203,219,217
31387323,1787314853,30000,553,55,1500,315,352,287,0,0,0,579,570,30,1,100,0,999,0,-1,-1,0,156,40,0,29,30,0,0,4317,-100,-43,203,218,217
31417323,1787314883,30000,578,68,1500,321,371,305,0,0,0,590,570,30,1,100,0,999,0,-1,-1,0,156,21,0,28,30,0,0,4329,14,-12,203,218,217
31447323,1787314913,30000,596,61,1500,325,380,323,0,0,0,582,570,30,1,100,0,999,0,-1,-1,0,156,21,0,30,30,0,0,4330,14,3,203,218,217
31477323,1787314943,30000,471,49,1375,262,318,228,0,0,0,577,570,30,1,100,0,999,0,-1,-1,0,143,40,0,30,30,0,0,4308,-618,-309,203,205,204
31507323,1787314973,30000,598,67,1500,330,390,310,0,0,0,582,580,30,1,100,0,999,0,-1,-1,0,156,21,0,30,30,0,0,4328,35,6,203,218,217
31537323,1787315003,30000,591,62,1500,325,387,306,0,0,0,571,570,29,1,100,0,999,0,-1,-1,0,156,21,0,30,29,0,0,4331,-78,-31,203,217,215
31567323,1787315033,30000,563,57,1500,309,379,278,0,0,0,578,570,30,1,100,0,999,0,-1,-1,0,156,21,0,30,30,0,0,4329,-78,-39,203,218,217
31597323,1787315063,30000,544,54,1500,310,352,274,0,0,0,570,560,30,1,100,0,999,0,-1,-1,0,156,21,0,30,30,0,0,4332,-6,-23,203,219,217
31627323,1787315093,30000,592,60,1500,329,377,315,0,0,0,580,570,30,1,100,0,999,0,-1,-1,0,156,21,0,30,30,0,0,4330,-192,-95,203,218,217
31657323,1787315123,30000,559,56,1500,313,370,279,0,0,0,587,570,30,1,100,0,999,0,-1,-1,0,156,21,0,30,30,0,0,4331,6,-7,203,218,217
31687323,1787315153,30000,576,66,1500,311,379,303,0,0,0,580,570,30,1,100,0,999,0,-1,-1,0,156,40,0,26,30,0,0,4330,-28,-26,203,219,217
31717323,1787315183,30000,601,74,1500,325,395,314,0,0,0,584,580,30,1,100,0,999,0,-1,-1,0,156,21,0,30,30,0,0,4328,-78,-51,203,218,217
31747323,1787315213,30000,591,61,1500,322,378,319,0,0,0,585,570,30,1,100,0,999,0,-1,-1,0,156,21,0,30,30,0,0,4330,35,-10,203,218,217
31777324,1787315243,30001,573,66,1500,311,375,302,0,0,0,590,570,29,1,100,0,1000,0,-1,-1,0,156,21,0,30,29,0,0,4329,-21,1,203,217,216
31807323,1787315273,29999,541,61,1375,289,376,259,0,0,0,578,570,30,1,100,0,1000,0,-1,-1,0,143,21,0,30,30,0,0,4328,50,15,203,206,204
31837323,1787315303,30000,559,58,1500,315,364,283,0,0,0,578,570,30,1,100,0,1000,0,-1,-1,0,156,21,0,30,30,0,0,4329,-21,-18,203,219,217
31867323,1787315333,30000,553,52,1500,306,358,290,0,0,0,576,570,30,1,100,0,1000,0,-1,-1,0,156,21,0,30,30,0,0,4330,-106,-46,203,218,217
31897323,1787315363,30000,570,53,1500,300,399,275,0,0,0,580,570,30,1,100,0,1000,0,-1,-1,0,156,40,0,27,30,0,0,4328,-21,-23,203,218,217
31927323,1787315393,30000,969,935,1500,543,591,544,1,0,0,579,570,29,1,100,0,1000,0,-1,-1,0,156,40,0,30,29,0,0,4330,-56,-26,203,217,216
31957323,1787315423,30000,1770,1592,1500,717,1457,703,0,0,0,612,580,30,1,100,0,1000,0,-1,-1,0,156,40,0,27,30,0,0,4328,-71,-45,203,220,218
31987323,1787315453,30000,463,50,1500,328,205,253,0,0,0,563,560,30,1,100,0,1000,0,-1,-1,0,156,21,0,28,30,0,0,4331,-35,-32,203,218,217
32017323,1787315483,30000,443,50,1375,307,185,260,0,0,0,567,560,30,1,100,0,1000,0,-1,-1,0,143,21,0,24,30,0,0,4330,0,15,203,205,204
32047323,1787315513,30000,475,47,1500,325,212,273,0,0,0,576,570,30,1,100,0,1000,0,-1,-1,0,156,21,0,30,30,0,0,4330,-6,-15,203,218,217
32077323,1787315543,30000,486,50,1500,337,205,284,0,0,0,569,550,30,1,100,0,1000,0,-1,-1,0,156,21,0,29,30,0,0,4329,-21,-31,203,218,217
32107323,1787315573,30000,483,55,1500,329,220,277,0,0,0,584,570,30,1,100,0,999,0,-1,-1,0,156,40,0,30,30,0,0,4330,35,12,203,219,218
32137323,1787315603,30000,506,51,1500,345,215,301,0,0,0,573,560,29,1,100,0,999,0,-1,-1,0,156,21,0,30,29,0,0,4329,-14,-26,203,216,215
32167323,1787315633,30000,516,48,1500,356,225,296,0,0,0,574,560,30,1,100,0,999,0,-1,-1,0,156,21,0,26,30,0,0,4328,0,-17,203,219,217
32197323,1787315663,30000,462,47,1500,318,208,262,0,0,0,580,570,30,1,100,0,999,0,-1,-1,0,156,21,0,26,30,0,0,4326,35,12,203,218,217
32227324,1787315693,30001,490,44,1500,332,210,292,0,0,0,570,560,30,1,100,0,999,0,-1,-1,0,156,21,0,30,30,0,0,4329,-28,-26,203,219,217
32257323,1787315723,29999,501,50,1500,341,226,288,0,0,0,578,560,30,1,100,0,999,0,-1,-1,0,156,21,0,26,30,0,0,4330,0,7,203,218,217
32287323,1787315753,30000,469,43,1500,324,207,268,0,0,0,575,570,30,1,100,0,999,0,-1,-1,0,156,21,0,28,30,0,0,4328,-14,-10,203,218,217
32317324,1787315783,30001,511,48,1500,348,230,294,0,0,0,577,560,29,1,100,0,1000,0,-1,-1,0,156,40,0,30,29,0,0,4328,43,10,203,218,216
32347323,1787315813,29999,467,44,1500,317,212,269,0,0,0,569,560,30,1,100,0,1000,0,-1,-1,0,156,21,0,26,30,0,0,4327,0,-20,203,218,217
32377323,1787315843,30000,489,49,1500,339,217,277,0,0,0,573,560,30,1,100,0,1000,0,-1,-1,0,156,21,0,29,30,0,0,4329,-21,-23,203,219,217
32407323,1787315873,30000,482,47,1500,323,214,287,0,0,0,580,580,30,1,100,0,1000,0,-1,-1,0,156,21,0,28,30,0,0,4331,-56,-26,203,218,217
32437323,1787315903,30000,455,43,1500,302,220,259,0,0,0,566,560,30,1,100,0,1000,0,-1,-1,0,156,21,0,26,30,0,0,4326,-56,-107,203,218,217
32467323,1787315933,30000,445,45,1375,303,191,262,0,0,0,579,560,30,1,100,0,1000,0,-1,-1,0,143,21,0,30,30,0,0,4328,28,4,203,205,204
32497323,1787315963,30000,460,46,1500,312,212,262,0,0,0,567,560,30,1,100,0,1000,0,-1,-1,0,156,21,0,30,30,0,0,4328,6,4,203,218,217
32527323,1787315993,30000,455,47,1500,312,213,253,0,0,0,572,560,30,1,100,0,1000,0,-1,-1,0,156,21,0,28,30,0,0,4328,-6,-10,203,218,217
32557323,1787316023,30000,475,46,1500,325,212,273,0,0,0,573,570,30,1,100,0,1000,0,-1,-1,0,156,21,0,30,30,0,0,4325,-100,-95,203,219,217
32587323,1787316053,30000,481,48,1500,329,221,271,0,0,0,564,560,30,1,100,0,1000,0,-1,-1,0,156,21,0,30,30,0,0,4329,28,7,203,218,217
32617323,1787316083,30000,452,52,1500,311,209,252,0,0,0,578,560,29,1,100,0,1000,0,-1,-1,0,156,21,0,27,29,0,0,4327,14,-6,203,216,215
32647323,1787316113,30000,11579,3678,1375,3962,9119,5934,1,0,0,567,560,30,1,100,0,1000,0,-1,-1,0,143,40,0,22,30,0,0,4327,43,7,203,207,206
32677323,1787316143,30000,618,147,1500,347,292,419,0,0,0,634,550,30,1,100,0,1000,0,-1,-1,0,156,40,0,28,30,0,0,4327,-28,-15,203,219,217
32707323,1787316173,30000,648,88,1500,382,225,472,0,0,0,534,510,30,1,100,0,1000,0,-1,-1,0,156,40,0,30,30,0,0,4327,-21,-31,203,218,217
32737323,1787316203,30000,590,124,1500,366,218,407,0,0,0,550,540,29,1,100,0,1000,0,-1,-1,0,156,21,0,30,29,0,0,4327,-35,-31,203,216,215
32767323,1787316233,30000,531,57,1500,314,218,369,0,0,0,545,540,30,1,100,0,1000,0,-1,-1,0,156,21,0,30,30,0,0,4328,-6,-28,203,218,217
32797323,1787316263,30000,617,59,1500,369,212,446,0,0,0,561,550,30,1,100,0,1000,0,-1,-1,0,156,21,0,30,30,0,0,4328,-92,-35,203,218,217
32827324,1787316293,30001,580,65,1500,338,223,415,0,0,0,554,550,30,1,100,0,1000,0,-1,-1,0,156,21,0,30,30,0,0,4327,-71,-54,203,219,217
32857323,1787316323,29999,604,63,1500,357,213,438,0,0,0,562,550,30,1,100,0,1000,0,-1,-1,0,156,21,0,30,30,0,0,4325,-14,-15,203,218,217
32887323,1787316353,30000,517,53,1500,305,208,362,0,0,0,548,540,30,1,100,0,1000,0,-1,-1,0,156,21,0,30,30,0,0,4325,-14,-12,203,219,217
32917323,1787316383,30000,595,60,1500,347,224,428,0,0,0,559,550,30,1,100,0,1000,0,-1,-1,0,156,21,0,30,30,0,0,4326,-21,-35,203,218,217
32947323,1787316413,30000,547,57,1500,326,195,393,0,0,0,559,550,30,1,100,0,1000,0,-1,-1,0,156,21,0,30,30,0,0,4327,-14,-18,203,218,217
32977323,1787316443,30000,538,76,1500,323,220,369,0,0,0,556,540,30,1,100,0,1000,0,-1,-1,0,156,21,0,30,30,0,0,4326,35,9,203,218,217
33007323,1787316473,30000,528,60,1375,320,186,376,0,0,0,558,540,29,1,100,0,1000,0,-1,-1,0,143,40,0,30,29,0,0,4327,43,-9,203,203,202
33037323,1787316503,30000,561,59,1500,325,216,402,0,0,0,551,530,30,1,100,0,1000,0,-1,-1,0,156,21,0,26,30,0,0,4327,-14,-12,203,219,217
33067323,1787316533,30000,534,53,1500,324,215,365,0,0,0,559,540,30,1,100,0,1000,0,-1,-1,0,156,21,0,30,30,0,0,4324,-92,-48,203,218,217
33097324,1787316563,30001,1423,951,1500,721,621,1058,1,0,0,573,560,30,1,100,0,1000,0,-1,-1,0,156,40,0,29,30,0,0,4328,-42,-26,203,221,219
33127323,1787316593,29999,486,60,1500,322,214,294,0,0,0,596,560,30,1,100,0,1000,0,-1,-1,0,156,21,0,30,30,0,0,4327,6,6,203,218,217
33157323,1787316623,30000,541,61,1500,348,214,354,0,0,0,566,560,30,1,100,0,1000,0,-1,-1,0,156,21,0,28,30,0,0,4327,71,37,203,218,217
33187323,1787316653,30000,481,48,1500,316,199,303,0,0,0,561,540,30,1,100,0,1000,0,-1,-1,0,156,21,0,30,30,0,0,4326,0,1,203,218,217
33217323,1787316683,30000,464,52,1375,307,193,288,0,0,0,557,540,29,1,100,0,1000,0,-1,-1,0,143,21,0,30,29,0,0,4327,-42,-87,203,203,202
33247323,1787316713,30000,477,45,1500,314,220,284,0,0,0,550,540,30,1,100,0,1000,0,-1,-1,0,156,21,0,30,30,0,0,4326,-28,-4,203,218,217
33277323,1787316743,30000,527,74,1500,344,218,334,0,0,0,549,540,30,1,100,0,1000,0,-1,-1,0,156,21,0,30,30,0,0,4327,-35,-20,203,218,217
33307323,1787316773,30000,521,49,1500,351,208,324,0,0,0,546,540,30,1,100,0,1000,0,-1,-1,0,156,40,0,30,30,0,0,4326,14,-60,203,219,217
33337323,1787316803,30000,580,57,1500,398,208,367,0,0,0,556,550,30,1,100,0,1000,0,-1,-1,0,156,21,0,29,30,0,0,4326,-14,-7,203,218,217
33367323,1787316833,30000,496,47,1500,337,210,297,0,0,0,556,550,30,1,100,0,1000,0,-1,-1,0,156,21,0,30,30,0,0,4327,-56,-42,203,218,217
33397323,1787316863,30000,29413,10180,1375,13454,17762,19199,2,1,0,613,550,29,1,100,0,1000,0,-1,-1,0,143,40,0,24,29,0,0,4326,-6,-9,203,207,206
33427323,1787316893,30000,35434,11932,1500,22204,20545,18450,0,0,0,852,740,30,1,100,0,1000,0,-1,-1,0,156,40,0,13,30,0,0,4326,-71,-43,203,219,218
33457324,1787316923,30001,6468,1332,1375,2123,1311,5967,3,0,0,728,660,28,1,100,0,1000,0,-1,-1,0,143,40,0,14,28,0,0,4327,-14,-14,203,208,206
33487323,1787316953,29999,5490,4912,1375,2477,1092,4776,2,0,0,601,550,30,1,100,0,1000,0,-1,-1,0,143,40,0,29,30,0,0,4326,6,7,203,209,207
33517323,1787316983,30000,5591,2154,1500,1867,1729,4978,1,1,0,560,550,28,1,100,0,1000,0,-1,-1,0,156,48,0,18,28,0,0,4326,43,15,203,218,217
33547323,1787317013,30000,25213,8858,1375,7952,15209,18469,1,0,0,614,570,30,1,100,0,1000,0,-1,-1,0,143,40,0,23,30,0,0,4326,-35,-34,203,208,206
33577323,1787317043,30000,14490,5526,1500,11272,5735,7072,1,1,0,599,560,29,1,100,0,999,0,-1,-1,0,156,40,0,27,29,0,0,4325,-84,-56,202,219,218
33607323,1787317073,30000,4780,4214,1375,2211,1756,3856,1,0,0,613,560,29,1,100,0,999,0,-1,-1,0,143,40,0,22,29,0,0,4326,-42,-35,202,206,205
33637323,1787317103,30000,1212,360,1500,582,426,974,1,0,0,568,550,29,1,100,0,999,0,-1,-1,0,156,21,0,24,29,0,0,4323,35,17,202,217,216
33667324,1787317133,30001,26420,10815,1500,13222,18430,13546,1,1,0,619,590,30,1,100,0,999,0,-1,-1,0,156,40,0,21,30,0,0,4313,-393,-217,202,230,228
33697324,1787317163,30000,6658,2473,1375,2622,2327,5660,1,1,0,595,580,28,1,100,0,999,0,-1,-1,0,143,40,0,16,28,0,0,4324,-21,-46,202,205,204
33727323,1787317193,29999,635,349,1500,274,227,525,0,0,0,594,540,30,1,100,0,999,0,-1,-1,0,156,21,0,27,30,0,0,4325,35,6,202,218,217
33757323,1787317223,30000,358,97,1500,209,172,233,0,0,0,573,540,30,1,100,0,999,0,-1,-1,0,156,21,0,30,30,0,0,4324,-64,-37,202,218,217
33787323,1787317253,30000,289,32,1500,159,150,188,0,0,0,583,570,30,1,100,0,999,0,-1,-1,0,156,21,0,30,30,0,0,4327,-28,-17,202,218,217
33817323,1787317283,30000,245,29,1375,129,139,155,0,0,0,578,570,29,1,100,0,999,0,-1,-1,0,143,21,0,30,29,0,0,4327,-6,-17,202,203,202
33847323,1787317313,30000,14180,7221,1500,6985,8303,9129,1,1,0,585,570,30,1,100,0,999,0,-1,-1,0,156,40,0,24,30,0,0,4326,-28,-7,202,221,220
33877323,1787317343,30000,24250,6443,1375,10736,14694,16026,2,1,0,685,600,29,1,100,0,999,0,-1,-1,0,143,44,0,16,29,0,0,4326,14,-3,202,208,207
33907323,1787317373,30000,1408,1244,1375,634,717,1032,2,0,0,613,550,29,1,100,0,999,0,-1,-1,0,143,40,0,18,29,0,0,4326,-14,-10,202,207,206
33937323,1787317403,30000,2721,1169,1500,1284,1320,2003,0,0,0,542,530,29,1,100,0,1000,0,-1,-1,0,156,40,0,15,29,0,0,4327,-50,-21,202,217,216
33967323,1787317433,30000,1117,428,1500,601,481,810,0,0,0,542,530,30,1,100,0,1000,0,-1,-1,0,156,21,0,17,30,0,0,4327,14,-6,202,218,217
33997323,1787317463,30000,669,289,1500,288,359,486,0,0,0,551,540,30,1,100,0,1000,0,-1,-1,0,156,21,0,24,30,0,0,4324,6,7,202,219,217
34027324,1787317493,30001,39117,10488,1500,22829,21236,23621,2,0,0,680,560,30,1,100,0,1000,0,-1,-1,0,156,40,0,18,30,0,0,4325,-93,-57,202,222,220
34057323,1787317523,29999,25923,4453,1375,17371,11914,15109,2,1,26,867,790,29,1,100,0,1000,0,-1,-1,0,143,44,0,9,29,0,0,4326,43,10,202,211,210
34087323,1787317553,30000,37934,8673,1375,20243,16534,27492,1,0,0,927,900,28,1,100,0,1000,0,-1,-1,0,143,40,0,15,28,0,0,4325,-6,7,202,203,202
