seq,cfg,sensor_ts_ms,arrival_ms,batch,x_mg,y_mg,z_mg
0,0,13747,15135,1,239,-706,10008
1,0,13827,15136,1,1024,-2035,9730
2,0,13907,15136,1,-57,-691,9821
3,0,13987,15136,1,-284,-835,9651
4,0,14067,15136,1,9,-450,9522
5,0,14148,15136,1,1237,639,10223
6,0,14228,15136,1,155,1273,10297
7,0,14308,15136,1,976,57,9703
8,0,14388,15136,1,-155,-189,9790
9,0,14469,15136,1,19,-217,9768
10,0,14549,15136,1,-117,-117,9658
11,0,14629,15136,1,-28,-277,9703
12,0,14709,15136,1,88,-114,9814
13,0,14790,16140,1,100,-435,9711
14,0,14870,16140,1,35,-282,9646
15,0,14951,16140,1,38,-323,9828
16,0,15031,16140,1,-40,-316,9636
17,0,15112,16140,1,38,-217,9768
18,0,15192,16140,1,-93,-469,9759
19,0,15273,16140,1,0,-385,9708
20,0,15353,16140,1,4,-387,9785
21,0,15434,16140,1,4,-280,9751
22,0,15514,16140,1,83,-335,9737
23,0,15595,16140,1,26,-205,9699
24,0,15675,16140,1,0,-208,9804
25,0,15756,17175,1,-69,-392,9735
26,0,15837,17175,1,28,-201,9845
27,0,15918,17175,1,234,-11,9888
28,0,16000,17175,1,-493,512,9660
29,0,16081,17175,1,-349,45,9634
30,0,16163,17175,1,-227,332,9646
31,0,16244,17175,1,-191,98,9749
32,0,16326,17175,1,-294,220,9802
33,0,16407,17175,1,-265,284,9720
34,0,16488,17175,1,-184,318,9696
35,0,16570,17175,1,-356,380,9794
36,0,16651,17175,1,-201,392,9708
37,0,16733,17175,1,-177,385,9778
38,0,16813,18169,1,-371,277,9787
39,0,16893,18169,1,-169,213,9773
40,0,16973,18169,1,-52,404,9775
41,0,17052,18169,1,-272,179,9624
42,0,17132,18169,1,-241,572,9845
43,0,17212,18169,1,-174,177,9826
44,0,17291,18169,1,-138,498,9771
45,0,17371,18169,1,-328,323,9713
46,0,17451,18169,1,-184,332,9787
47,0,17530,18169,1,-117,328,9732
48,0,17610,18169,1,-203,237,9730
49,0,17690,18169,1,-98,191,9756
50,0,17770,19072,1,-208,225,9778
51,0,17849,19072,1,-217,179,9823
52,0,17929,19072,1,-126,150,9703
53,0,18009,19072,1,-205,126,9792
54,0,18089,19072,1,-258,179,9696
55,0,18168,19072,1,-177,172,9794
56,0,18248,19072,1,-361,-11,9581
57,0,18328,19072,1,-86,260,9847
58,0,18408,19072,1,-258,52,9663
59,0,18487,19072,1,-210,-57,9797
60,0,18567,19072,1,-251,217,9701
61,0,18647,19072,1,-328,81,9756
62,0,18727,19072,1,-342,-23,9682
63,0,18812,20075,1,-289,112,9754
64,0,18892,20075,1,-225,198,9718
65,0,18972,20076,1,-418,114,9670
66,0,19052,20076,1,-210,67,9864
67,0,19132,20076,1,-356,-146,9598
68,0,19212,20076,1,-50,184,9816
69,0,19292,20076,1,-399,117,9840
70,0,19372,20076,1,-351,-196,9751
71,0,19452,20076,1,-155,-90,9627
72,0,19532,20076,1,-325,-59,9840
73,0,19612,20076,1,-198,-112,9850
74,0,19692,20076,1,-268,11,9715
75,0,19772,21079,1,-158,-167,9842
76,0,19852,21079,1,-320,-272,9682
77,0,19932,21079,1,-95,-162,9718
78,0,20012,21079,1,-227,16,9761
79,0,20092,21079,1,-136,31,9696
80,0,20173,21079,1,-237,50,9744
81,0,20253,21079,1,-241,-148,9814
82,0,20333,21079,1,-126,-356,9675
83,0,20413,21079,1,-136,-313,9794
84,0,20494,21080,1,-169,-220,9792
85,0,20574,21080,1,-184,-110,9785
86,0,20654,21080,1,-165,-81,9780
87,0,20734,21080,1,-136,83,9720
88,0,20815,22083,1,-308,-260,9572
89,0,20895,22083,1,-146,74,9864
90,0,20976,22083,1,-131,-260,9771
91,0,21056,22083,1,-155,-292,9763
92,0,21136,22083,1,-146,-134,9756
93,0,21217,22083,1,-119,-169,9773
94,0,21297,22083,1,-251,-148,9723
95,0,21378,22083,1,-143,-105,9739
96,0,21458,22083,1,-241,-126,9742
97,0,21538,22083,1,-193,-205,9747
98,0,21619,22083,1,-122,-4,9818
99,0,21699,22083,1,-445,-390,9596
100,0,21780,23086,1,-153,23,9902
101,0,21860,23086,1,-258,-23,9653
102,0,21940,23086,1,-323,-117,9732
103,0,22020,23086,1,-390,-43,9783
104,0,22101,23086,1,-323,-79,9744
105,0,22181,23086,1,-373,-64,9682
106,0,22261,23086,1,-383,-172,9680
107,0,22342,23086,1,-335,-158,9826
108,0,22422,23086,1,-320,-189,9754
109,0,22502,23086,1,-225,-95,9763
110,0,22583,23086,1,-351,-215,9601
111,0,22663,23086,1,-64,0,9873
112,0,22743,23086,1,-304,4,9608
113,0,22824,24091,1,-294,-217,9814
114,0,22904,24091,1,-280,14,9761
115,0,22985,24091,1,-282,-155,9823
116,0,23065,24091,1,-268,-165,9723
117,0,23145,24091,1,-239,-23,9730
118,0,23226,24091,1,-213,-14,9799
119,0,23306,24091,1,-277,-90,9672
120,0,23387,24091,1,-100,-165,9823
121,0,23467,24091,1,-304,-186,9718
122,0,23547,24091,1,-74,-79,9773
123,0,23628,24091,1,-239,-177,9730
124,0,23708,24091,1,-184,-177,9713
125,0,23789,25093,1,-191,-81,9794
126,0,23869,25093,1,-225,-98,9802
127,0,23949,25093,1,-258,14,9660
128,0,24029,25093,1,-186,-86,9775
129,0,24110,25093,1,-143,-126,9838
130,0,24190,25093,1,-249,-184,9706
131,0,24270,25093,1,-119,-14,9682
132,0,24351,25093,1,-244,-126,9806
133,0,24431,25093,1,-93,28,9732
134,0,24511,25093,1,-265,-55,9732
135,0,24592,25093,1,-225,-102,9749
136,0,24672,25093,1,-167,-155,9799
137,0,24752,25093,1,-160,-129,9804
138,0,24833,26099,1,-205,-131,9754
139,0,24913,26099,1,-272,-57,9684
140,0,24993,26099,1,-167,-90,9768
141,0,25074,26099,1,-256,-265,9737
142,0,25154,26099,1,-232,-162,9684
143,0,25234,26099,1,-306,-201,9737
144,0,25315,26099,1,-141,-50,9768
145,0,25395,26099,1,-332,-129,9653
146,0,25475,26099,1,-356,-217,9756
147,0,25556,26099,1,-361,-81,9692
148,0,25636,26099,1,-282,-280,9747
149,0,25716,26099,1,-347,-270,9644
150,0,25797,27102,1,-335,-328,9687
151,0,25877,27102,1,-282,-313,9756
152,0,25957,27102,1,-349,-220,9684
153,0,26038,27102,1,-220,-368,9658
154,0,26118,27102,1,-320,-150,9727
155,0,26199,27102,1,-277,-205,9823
156,0,26279,27102,1,-399,-198,9644
157,0,26359,27102,1,-299,-150,9763
158,0,26440,27102,1,-299,-95,9775
159,0,26520,27102,1,-237,-79,9763
160,0,26601,27102,1,-363,-234,9653
161,0,26681,27102,1,-191,-169,9771
162,0,26761,27102,1,-234,-169,9773
163,0,26842,28131,1,-203,-150,9806
164,0,26922,28131,1,-318,-344,9586
165,0,27003,28131,1,-258,-222,9828
166,0,27083,28131,1,-177,-160,9792
167,0,27164,28131,1,-249,-229,9718
168,0,27245,28131,1,-196,-177,9718
169,0,27325,28131,1,-203,-153,9754
170,0,27406,28131,1,-232,-246,9735
171,0,27486,28131,1,-222,-253,9725
172,0,27567,28131,1,-205,-141,9792
173,0,27647,28131,1,-213,-165,9730
174,0,27728,28131,1,-83,-102,9790
175,0,27809,29127,1,-351,-344,9569
176,0,27890,29127,1,-117,-129,9871
177,0,27971,29127,1,-186,-83,9689
178,0,28053,29127,1,-196,-203,9744
179,0,28134,29127,1,-189,-131,9754
180,0,28216,29127,1,-172,-196,9754
181,0,28297,29127,1,-186,-268,9713
182,0,28379,29128,1,-160,-229,9751
183,0,28460,29128,1,-146,-162,9830
184,0,28541,29128,1,-181,-153,9696
185,0,28623,29128,1,-148,-208,9804
186,0,28704,29128,1,-392,-299,9699
187,0,28786,29128,1,-83,16,9926
188,0,28866,30130,1,-186,-354,9653
189,0,28946,30130,1,-222,-418,9694
190,0,29026,30131,1,-258,-253,9790
191,0,29105,30131,1,-227,-320,9706
192,0,29185,30131,1,-272,-222,9682
193,0,29265,30131,1,-335,-251,9751
194,0,29344,30131,1,-270,-335,9775
195,0,29424,30131,1,-244,-356,9682
196,0,29504,30131,1,-287,-404,9759
197,0,29583,30131,1,-366,-531,9677
198,0,29663,30131,1,-184,-385,9778
199,0,29743,30131,1,-383,-304,9696
200,0,29823,31134,1,-265,-483,9816
201,0,29902,31134,1,-289,-311,9790
202,0,29982,31134,1,-318,-316,9703
203,0,30062,31134,1,-323,-373,9692
204,0,30141,31134,1,-328,-347,9785
205,0,30221,31134,1,-320,-447,9739
206,0,30301,31134,1,-177,-117,9792
207,0,30380,31134,1,-476,-390,9584
208,0,30460,31134,1,-208,-203,9866
209,0,30540,31134,1,-282,-184,9701
210,0,30619,31134,1,-311,-225,9720
211,0,30699,31134,1,-311,-229,9754
212,0,30779,31134,1,-251,-189,9797
213,0,30859,32067,1,-268,-239,9670
214,0,30939,32067,1,-289,-232,9713
215,0,31020,32067,1,-263,-249,9699
216,0,31100,32067,1,-217,-172,9668
217,0,31180,32067,1,-146,79,10008
218,0,31261,32067,1,260,1031,10144
219,0,31341,32067,1,-498,1630,9409
220,0,31422,32067,1,-1616,-773,8104
221,0,31502,32067,1,-830,-943,8703
222,0,31582,32067,1,-213,-541,9883
223,0,31663,32067,1,2511,-1197,8164
224,0,31743,32067,1,-469,5427,9948
225,0,31828,33072,1,318,1369,9340
226,0,31908,33072,1,790,1683,9608
227,0,31988,33072,1,311,1587,9395
228,0,32068,33072,1,-79,1436,10154
229,0,32148,33072,1,234,1604,9938
230,0,32228,33072,1,38,1168,9565
231,0,32308,33072,1,-114,1407,9701
232,0,32388,33072,1,-45,1577,9656
233,0,32468,33072,1,105,1474,9706
234,0,32548,33072,1,14,1405,9636
235,0,32628,33072,1,45,1462,9620
236,0,32708,33072,1,14,1441,9737
237,0,32788,33072,1,50,1271,9739
238,0,32868,34077,1,112,1486,9763
239,0,32948,34077,1,-50,1632,9574
240,0,33029,34077,1,-28,1288,9677
241,0,33109,34077,1,28,1304,9780
242,0,33189,34077,1,-81,1091,9715
243,0,33270,34077,1,-16,897,9749
244,0,33350,34077,1,9,1209,9699
245,0,33431,34077,1,-67,802,9751
246,0,33511,34077,1,90,399,9933
247,0,33591,34077,1,-31,256,9785
248,0,33672,34077,1,9,888,9751
249,0,33752,34077,1,-155,579,9720
250,0,33833,35105,1,-31,366,9766
251,0,33913,35105,1,-107,641,9708
252,0,33993,35105,1,-90,328,9761
253,0,34073,35105,1,-126,524,9663
254,0,34153,35105,1,-28,706,9799
255,0,34234,35105,1,-93,464,9675
256,0,34314,35105,1,-19,660,9711
257,0,34394,35105,1,-117,418,9701
258,0,34474,35105,1,76,679,9854
259,0,34555,35105,1,-110,703,9656
260,0,34635,35105,1,-93,507,9816
261,0,34715,35105,1,21,462,9859
262,0,34795,35105,1,-11,313,9768
263,0,34880,36107,1,-19,397,9694
264,0,34960,36107,1,98,450,9754
265,0,35040,36108,1,-71,495,9711
266,0,35120,36108,1,86,277,9864
267,0,35200,36108,1,57,141,9713
268,0,35280,36108,1,57,392,9739
269,0,35360,36108,1,93,361,9766
270,0,35440,36108,1,64,174,9811
271,0,35520,36108,1,102,385,9744
272,0,35600,36108,1,4,438,9759
273,0,35680,36108,1,28,514,9747
274,0,35760,36108,1,45,407,9768
275,0,35840,37111,1,102,328,9806
276,0,35920,37111,1,57,430,9684
277,0,36000,37111,1,23,502,9761
278,0,36080,37111,1,-35,162,9696
279,0,36161,37111,1,122,337,9847
280,0,36241,37111,1,16,426,9701
281,0,36321,37111,1,9,385,9739
282,0,36402,37111,1,76,469,9802
283,0,36482,37111,1,76,363,9730
284,0,36562,37111,1,71,299,9816
285,0,36643,37111,1,71,93,9790
286,0,36723,37111,1,43,270,9806
287,0,36803,37111,1,33,280,9742
288,0,36884,38115,1,40,385,9718
289,0,36964,38115,1,2,169,9727
290,0,37045,38115,1,143,514,9833
291,0,37125,38115,1,-59,294,9720
292,0,37205,38115,1,-45,282,9749
293,0,37286,38115,1,-26,505,9737
294,0,37366,38115,1,-26,385,9814
295,0,37447,38115,1,-38,227,9701
296,0,37527,38115,1,-35,189,9792
297,0,37607,38116,1,-11,246,9790
298,0,37688,38116,1,-93,196,9715
299,0,37768,38116,1,16,131,9838
300,0,37849,39119,1,-129,57,9677
301,0,37929,39119,1,81,320,9783
302,0,38009,39119,1,-95,260,9687
303,0,38089,39119,1,-74,90,9754
304,0,38170,39119,1,-138,337,9720
305,0,38250,39119,1,-23,136,9761
306,0,38330,39119,1,-11,79,9713
307,0,38411,39119,1,-69,260,9773
308,0,38491,39119,1,-43,227,9747
309,0,38571,39119,1,-74,215,9725
310,0,38652,39119,1,-31,232,9723
311,0,38732,39119,1,-55,330,9730
312,0,38812,39119,1,21,174,9797
313,0,38893,40391,1,-105,347,9737
314,0,38973,40391,1,-76,469,9785
315,0,39054,40391,1,-45,244,9727
316,0,39134,40391,1,-55,83,9727
317,0,39215,40391,1,4,450,9759
318,0,39296,40391,1,-23,395,9718
319,0,39376,40391,1,-100,225,9725
320,0,39457,40391,1,28,392,9804
321,0,39537,40391,1,-88,277,9632
322,0,39618,40391,1,11,416,9811
323,0,39698,40391,1,-35,347,9663
324,0,39779,40391,1,-11,299,9761
325,0,39860,41195,1,16,256,9756
326,0,39941,41195,1,14,284,9780
327,0,40023,41195,1,35,249,9711
328,0,40104,41195,1,105,337,9835
329,0,40186,41195,1,69,241,9756
330,0,40267,41195,1,-9,409,9720
331,0,40349,41196,1,19,299,9785
332,0,40430,41196,1,16,241,9783
333,0,40512,41196,1,86,284,9862
334,0,40593,41196,1,-14,193,9641
335,0,40675,41196,1,-26,284,9842
336,0,40756,41196,1,21,308,9701
337,0,40838,41196,1,43,383,9735
338,0,40918,42198,1,-23,292,9804
339,0,40998,42198,1,62,339,9732
340,0,41078,42199,1,50,344,9785
341,0,41157,42199,1,11,196,9747
342,0,41237,42199,1,28,158,9732
343,0,41317,42199,1,-76,237,9818
344,0,41396,42199,1,9,347,9730
345,0,41476,42199,1,-21,119,9768
346,0,41556,42199,1,9,55,9751
347,0,41635,42199,1,23,4,9806
348,0,41715,42199,1,2,-107,9773
349,0,41795,42199,1,-14,-131,9739
350,0,41875,43202,1,9,-59,9773
351,0,41954,43202,1,-74,-23,9749
352,0,42034,43202,1,-43,-69,9840
353,0,42114,43202,1,-38,-296,9749
354,0,42194,43202,1,-81,-167,9878
355,0,42273,43202,1,-124,-21,9689
356,0,42353,43202,1,-11,-122,9787
357,0,42433,43202,1,-79,-177,9785
358,0,42513,43202,1,-117,-186,9720
359,0,42592,43202,1,-40,-47,9749
360,0,42672,43202,1,14,-4,9816
361,0,42752,43202,1,23,-67,9756
362,0,42832,43202,1,-95,-284,9708
363,0,42912,44204,1,26,447,9790
364,0,42992,44204,1,-201,184,9684
365,0,43072,44204,1,31,246,9833
366,0,43152,44205,1,-7,146,9756
367,0,43233,44205,1,-19,83,9756
368,0,43313,44205,1,-62,172,9735
369,0,43393,44205,1,-35,146,9778
370,0,43473,44205,1,-33,162,9703
371,0,43554,44205,1,-45,217,9754
372,0,43634,44205,1,14,241,9763
373,0,43714,44205,1,-43,62,9727
374,0,43794,44205,1,102,213,9768
375,0,43875,45165,1,-81,90,9711
376,0,43955,45165,1,95,313,9792
377,0,44035,45165,1,-19,270,9732
378,0,44115,45165,1,21,201,9713
379,0,44195,45165,1,45,179,9778
380,0,44276,45165,1,7,28,9809
381,0,44356,45165,1,-23,67,9703
382,0,44436,45165,1,47,55,9771
383,0,44516,45165,1,136,167,9703
384,0,44597,45165,1,-19,74,9924
385,0,44677,45165,1,486,794,10369
386,0,44757,45165,1,-31,1173,11559
387,0,44837,45165,1,-169,-677,11643
388,0,44923,46164,1,-2063,-1951,14494
389,0,45003,46164,1,-5121,-1939,10680
390,0,45083,46164,1,-4561,1000,4053
391,0,45163,46164,1,-5861,3213,1505
392,0,45243,46164,1,-7192,5815,1872
393,0,45323,46164,1,-6553,4201,-1474
394,0,45403,46164,1,-7525,912,5731
395,0,45483,46164,1,-9201,1532,6713
396,0,45563,46164,1,-8786,2293,3859
397,0,45643,46164,1,-6158,3689,2633
398,0,45723,46164,1,-9771,1666,7106
399,0,45803,46164,1,-8777,2633,3028
400,0,45883,47166,1,-6881,3802,-612
401,0,45963,47166,1,-8834,4005,5770
402,0,46043,47166,1,-8923,2932,7453
403,0,46124,47166,1,-9287,3033,3023
404,0,46204,47166,1,-6601,3799,7778
405,0,46285,47166,1,-9227,1601,4836
406,0,46365,47166,1,-7841,1951,3009
407,0,46445,47166,1,-6093,5983,5921
408,0,46526,47166,1,-6646,2099,2746
409,0,46606,47167,1,-6715,3198,3124
410,0,46687,47167,1,-6457,9850,5894
411,0,46767,47167,1,-6435,6986,8482
412,0,46847,47167,1,-2827,1314,9024
413,0,46928,48170,1,2276,-6131,10139
414,0,47008,48170,1,1007,-6589,8016
415,0,47088,48170,1,-280,-4132,8657
416,0,47168,48170,1,-766,-1984,9550
417,0,47249,48170,1,-1065,-2176,10017
418,0,47329,48170,1,-2090,-3186,9344
419,0,47409,48170,1,-2138,-3241,9244
420,0,47489,48170,1,-1987,-1242,9476
421,0,47570,48170,1,-562,-804,10929
422,0,47650,48170,1,-1812,-3948,8696
423,0,47730,48170,1,-155,-3660,9148
424,0,47810,48170,1,833,-4326,8147
425,0,47891,49174,1,-660,-17612,10951
426,0,47971,49174,1,126,-715,4752
427,0,48051,49174,1,-2241,-10257,-2731
428,0,48131,49174,1,-2897,-8571,-6821
429,0,48212,49174,1,-3715,-5638,-3395
430,0,48292,49174,1,-2806,-7731,-2566
431,0,48372,49174,1,-3615,-7771,-3055
432,0,48453,49174,1,-3191,-7711,-1759
433,0,48533,49174,1,-3035,-12143,-2444
434,0,48613,49174,1,-2260,-9572,-1577
435,0,48694,49174,1,-1398,-9708,-864
436,0,48774,49174,1,-1369,-10271,79
437,0,48854,49174,1,-1541,-9675,-105
438,0,48935,50178,1,-1668,-8133,-562
439,0,49015,50178,1,-1350,-8923,-703
440,0,49096,50178,1,-1848,-9715,-488
441,0,49176,50178,1,-1812,-9883,23
442,0,49256,50178,1,-1134,-8595,668
443,0,49337,50178,1,-814,-8988,-47
444,0,49417,50179,1,-1592,-8921,229
445,0,49498,50179,1,-1666,-8801,-296
446,0,49578,50179,1,-1177,-9318,687
447,0,49658,50179,1,-1434,-9165,-102
448,0,49739,50179,1,-1438,-9129,222
449,0,49819,50179,1,-1326,-8954,651
450,0,49900,51181,1,-1297,-9651,1113
451,0,49980,51181,1,-1125,-9352,1453
452,0,50060,51181,1,-1070,-9356,1647
453,0,50140,51181,1,-1249,-10491,1762
454,0,50221,51181,1,-1130,-8820,1561
455,0,50301,51181,1,-1405,-8949,1125
456,0,50381,51181,1,-1264,-9969,802
457,0,50462,51181,1,-1386,-8976,794
458,0,50542,51181,1,-1539,-9368,-9
459,0,50622,51181,1,-1441,-9397,222
460,0,50703,51181,1,-1453,-9428,536
461,0,50783,51181,1,-1410,-9435,450
462,0,50863,51181,1,-1448,-9505,351
463,0,50944,52186,1,-1472,-9586,474
464,0,51024,52186,1,-1321,-9146,651
465,0,51105,52186,1,-1405,-9387,533
466,0,51185,52186,1,-1443,-9550,452
467,0,51266,52186,1,-1321,-9308,555
468,0,51347,52186,1,-1359,-9323,435
469,0,51427,52186,1,-1472,-9730,488
470,0,51508,52186,1,-1405,-9361,347
471,0,51588,52186,1,-1702,-9124,591
472,0,51669,52186,1,-1443,-9196,435
473,0,51749,52186,1,-1458,-9433,418
474,0,51830,52186,1,-1398,-9170,651
475,0,51911,53189,1,-1517,-9579,308
476,0,51991,53189,1,-1393,-9419,478
477,0,52071,53189,1,-1520,-9419,457
478,0,52151,53189,1,-1585,-9452,442
479,0,52231,53189,1,-1618,-9493,529
480,0,52311,53189,1,-1403,-9380,644
481,0,52391,53189,1,-1570,-9428,732
482,0,52471,53189,1,-1350,-8988,917
483,0,52551,53189,1,-1371,-9620,1118
484,0,52631,53189,1,-1379,-9332,1211
485,0,52711,53189,1,-1422,-9419,1369
486,0,52791,53189,1,-1417,-9337,1391
487,0,52871,53189,1,-1304,-9325,1520
488,0,52948,54234,1,-1266,-9316,1386
489,0,53028,54234,1,-1283,-9390,1374
490,0,53108,54234,1,-1199,-10000,466
491,0,53188,54234,1,-1426,-9150,138
492,0,53268,54234,1,-1388,-9421,-232
493,0,53348,54234,1,-1412,-9545,-304
494,0,53428,54234,1,-1429,-9203,-215
495,0,53508,54234,1,-1434,-9613,-272
496,0,53588,54234,1,-1386,-9296,-215
497,0,53668,54234,1,-1486,-9280,-306
498,0,53748,54234,1,-1381,-9299,-249
499,0,53828,54234,1,-1403,-9476,-220
500,0,53908,55236,1,-1371,-9464,-337
501,0,53987,55236,1,-1326,-9500,-148
502,0,54067,55236,1,-1371,-9390,-114
503,0,54147,55236,1,-1314,-9421,-148
504,0,54226,55236,1,-1235,-9471,-201
505,0,54306,55236,1,-1256,-9493,-11
506,0,54386,55236,1,-964,-9440,-409
507,0,54465,55236,1,-1412,-9459,-454
508,0,54545,55236,1,-1070,-9447,-241
509,0,54625,55236,1,-1060,-9380,-205
510,0,54704,55236,1,-1132,-9579,-225
511,0,54784,55236,1,-1278,-9311,-143
512,0,54864,55593,1,-1007,-9431,4
513,0,54944,55989,1,-1070,-9392,277
514,0,55024,55989,1,-964,-9320,830
515,0,55104,55989,1,-900,-8928,1108
516,0,55184,55989,1,-928,-9620,1743
517,0,55264,55989,1,-648,-8755,2195
518,0,55344,55990,1,-531,-9038,2432
519,0,55424,55990,1,-766,-8700,1707
520,0,55504,55990,1,-943,-9064,641
521,0,55584,55990,1,-1041,-9428,708
522,0,55664,55990,1,-809,-9593,778
523,0,55744,55990,1,-1005,-9510,639
524,0,55824,55990,1,-1010,-9320,634
525,0,55904,57018,1,-1022,-9605,713
526,0,55984,57018,1,-1007,-9419,928
527,0,56064,57018,1,-924,-9165,969
528,0,56145,57018,1,-837,-9565,998
529,0,56225,57018,1,-847,-9428,928
530,0,56305,57018,1,-845,-9689,1010
531,0,56386,57018,1,-1091,-9945,696
532,0,56466,57018,1,-1034,-9325,1110
533,0,56547,57018,1,-1027,-9622,1577
534,0,56627,57018,1,-675,-8837,2121
535,0,56707,57018,1,-921,-9383,1817
536,0,56788,57018,1,-955,-9165,1707
537,0,56868,57018,1,-933,-9411,1671
538,0,56949,58013,1,-778,-9301,1699
539,0,57029,58013,1,-897,-8988,1999
540,0,57109,58013,1,-747,-9373,2097
541,0,57190,58013,1,-991,-9392,2042
542,0,57270,58013,1,-926,-9967,1807
543,0,57350,58013,1,-708,-9237,1786
544,0,57431,58013,1,-227,-8590,2899
545,0,57511,58013,1,-885,-9689,1273
546,0,57591,58013,1,-725,-9129,931
547,0,57671,58013,1,-1125,-9828,440
548,0,57752,58013,1,-1094,-9438,541
549,0,57832,58013,1,-1084,-9414,773
550,0,57912,58013,1,-1058,-9464,758
551,0,57993,59016,1,-1110,-9488,593
552,0,58073,59016,1,-1233,-9821,-98
553,0,58154,59016,1,-991,-9244,-241
554,0,58234,59016,1,-1283,-9680,98
555,0,58314,59016,1,-1218,-9907,332
556,0,58395,59016,1,-1285,-9955,715
557,0,58475,59017,1,-1357,-9332,304
558,0,58556,59017,1,-1194,-9352,237
559,0,58636,59017,1,-1113,-9404,275
560,0,58716,59017,1,-1137,-9402,217
561,0,58797,59017,1,-1163,-9454,227
562,0,58877,59017,1,-1166,-9399,162
563,0,58958,60020,1,-1163,-9555,198
564,0,59038,60020,1,-1144,-9452,205
565,0,59118,60020,1,-1132,-9557,71
566,0,59199,60020,1,-1197,-9373,9
567,0,59279,60020,1,-1175,-9593,31
568,0,59359,60020,1,-1166,-9433,119
569,0,59440,60020,1,-1077,-9201,134
570,0,59520,60020,1,-1151,-9378,217
571,0,59600,60020,1,-1113,-9352,169
572,0,59680,60020,1,-1177,-9316,47
573,0,59761,60020,1,-1201,-9658,21
574,0,59841,60020,1,-1189,-9648,-134
575,0,59921,60020,1,-1374,-9409,-177
576,0,60002,61024,1,-1204,-9390,-1043
577,0,60082,61024,1,-1218,-8916,-328
578,0,60162,61024,1,-691,-9337,-569
579,0,60243,61024,1,-342,-10360,-646
580,0,60323,61024,1,-359,-10257,-854
581,0,60403,61024,1,-16,-9452,-498
582,0,60484,61024,1,490,-15335,-895
583,0,60564,61024,1,-615,-8291,-1901
584,0,60644,61024,1,158,3107,8190
585,0,60725,61024,1,701,-4711,9103
586,0,60805,61024,1,849,2231,10441
587,0,60885,61024,1,1970,507,9878
588,0,60966,62028,1,1209,754,10082
589,0,61046,62028,1,557,761,10043
590,0,61126,62028,1,445,1283,9739
591,0,61207,62028,1,320,1513,9672
592,0,61287,62028,1,76,1769,8976
593,0,61367,62028,1,-2142,4098,4865
594,0,61448,62028,1,-1142,-936,13922
595,0,61528,62028,1,9890,-13649,883
596,0,61608,62028,1,3368,-5118,3385
597,0,61688,62028,1,2554,-8470,1793
598,0,61769,62028,1,2485,-10937,-816
599,0,61849,62028,1,2114,-8676,2176
600,0,61929,62028,1,3179,-6720,4898
601,0,62010,63030,1,2734,-7597,5892
602,0,62090,63030,1,2212,-8011,5176
603,0,62171,63030,1,2480,-7529,5262
604,0,62251,63030,1,2638,-6598,6866
605,0,62331,63030,1,2770,-4383,7946
606,0,62412,63030,1,4319,-701,11174
607,0,62492,63030,1,974,1752,11356
608,0,62573,63030,1,651,737,9646
609,0,62653,63030,1,-387,301,8954
610,0,62733,63030,1,-1355,493,8142
611,0,62814,63030,1,-1443,1661,7762
612,0,62894,63030,1,-964,2976,8391
613,0,62975,64034,1,-770,2097,9143
614,0,63055,64035,1,-909,1477,9514
615,0,63135,64035,1,-723,993,10012
616,0,63215,64035,1,-785,1836,9565
617,0,63296,64035,1,-964,988,9783
618,0,63376,64035,1,-780,938,9919
619,0,63456,64035,1,-713,835,9658
620,0,63536,64035,1,-603,711,9519
621,0,63616,64035,1,-263,895,9873
622,0,63697,64035,1,-399,739,9768
623,0,63777,64035,1,-524,430,9732
624,0,63857,64035,1,-478,169,9627
625,0,63937,64035,1,-102,-62,9742
626,0,64018,65037,1,-265,-268,9998
627,0,64098,65037,1,-50,-699,9464
628,0,64179,65037,1,-47,-1199,9715
629,0,64260,65037,1,-210,-967,9991
630,0,64340,65037,1,-304,-181,9512
631,0,64421,65037,1,-50,-191,9596
632,0,64501,65037,1,-122,-718,9998
633,0,64582,65037,1,43,-332,9464
634,0,64662,65037,1,-83,28,10570
635,0,64743,65037,1,3126,2382,12239
636,0,64824,65037,1,3907,4893,11700
637,0,64904,65037,1,2674,442,8897
638,0,64985,66249,1,179,-921,5748
639,0,65065,66250,1,-349,-5360,6553
640,0,65145,66250,1,-1407,-7371,7843
641,0,65226,66250,1,-1743,-5830,9352
642,0,65306,66250,1,-2466,-4522,9960
643,0,65386,66250,1,-1245,-3529,9122
644,0,65467,66250,1,-682,-2909,9373
645,0,65547,66250,1,313,-2264,8540
646,0,65627,66250,1,854,-5207,11614
647,0,65707,66250,1,-129,-895,6536
648,0,65788,66250,1,452,-3351,8657
649,0,65868,66250,1,-1556,-4640,9395
650,0,65948,66250,1,-124,-2652,9407
651,0,66029,67278,1,-440,-1769,9514
652,0,66110,67278,1,-660,-4146,8786
653,0,66190,67278,1,-837,-2652,9258
654,0,66271,67278,1,-739,-3706,9038
655,0,66352,67278,1,-483,-3426,8861
656,0,66432,67278,1,-481,-3258,9184
657,0,66513,67278,1,-493,-3708,8858
658,0,66593,67278,1,-600,-3701,8858
659,0,66674,67278,1,-555,-3170,9024
660,0,66755,67278,1,-969,-3869,8820
661,0,66835,67278,1,-462,-3011,9143
662,0,66916,67278,1,-1084,-3605,8985
663,0,67016,68273,1,-471,-3854,8854
664,0,67096,68273,1,-737,-3170,8940
665,0,67176,68273,1,-354,-3495,9016
666,0,67256,68273,1,-687,-3668,8921
667,0,67335,68273,1,-567,-3407,8956
668,0,67415,68273,1,-593,-3342,9059
669,0,67495,68273,1,-519,-3189,9033
670,0,67575,68273,1,-509,-3344,9179
671,0,67654,68273,1,-505,-3062,9043
672,0,67734,68273,1,-656,-3866,8877
673,0,67814,68273,1,-478,-3435,9026
674,0,67894,68273,1,-830,-3742,8916
675,0,67974,69082,1,-536,-3684,8770
676,0,68054,69082,1,-804,-3713,8839
677,0,68134,69082,1,-658,-3656,8909
678,0,68215,69082,1,-617,-3924,8798
679,0,68295,69083,1,-766,-3778,8789
680,0,68376,69083,1,-871,-3761,8906
681,0,68456,69083,1,-766,-3586,8923
682,0,68536,69083,1,-1233,-4137,9074
683,0,68617,69083,1,335,-4223,8765
684,0,68697,69083,1,-612,-4012,8633
685,0,68778,69083,1,184,-3756,8681
686,0,68858,69083,1,-605,-3945,8928
687,0,68938,69083,1,-143,-3701,8806
688,0,69023,70085,1,-471,-3612,9019
689,0,69103,70085,1,-440,-3598,8901
690,0,69183,70085,1,55,-3763,8827
691,0,69263,70085,1,-502,-3754,8995
692,0,69343,70085,1,-160,-3471,8858
693,0,69423,70085,1,-284,-3905,8576
694,0,69503,70085,1,-402,-3761,8892
695,0,69583,70085,1,-289,-3938,8827
696,0,69663,70085,1,-464,-4000,8798
697,0,69743,70085,1,-335,-3605,9007
698,0,69823,70085,1,-304,-4563,8540
699,0,69903,70085,1,-153,-3495,8997
700,0,69983,71088,1,-124,-3849,8777
701,0,70063,71088,1,-198,-4024,8700
702,0,70143,71088,1,-335,-4089,8844
703,0,70224,71088,1,-88,-3885,8794
704,0,70304,71088,1,-138,-4077,8813
705,0,70385,71088,1,-79,-3945,8770
706,0,70465,71088,1,-222,-3926,8681
707,0,70545,71088,1,-380,-3974,8901
708,0,70626,71088,1,16,-3725,8861
709,0,70706,71088,1,-203,-4060,8839
710,0,70787,71088,1,-55,-3943,8894
711,0,70867,71088,1,-7,-4070,8748
712,0,70947,71088,1,64,-3912,8763
713,0,71028,72092,1,86,-4132,8650
714,0,71108,72092,1,-67,-3742,9028
715,0,71188,72092,1,-31,-4003,8949
716,0,71269,72092,1,442,-3986,8676
717,0,71349,72092,1,107,-3945,8662
718,0,71429,72092,1,-83,-4328,8736
719,0,71510,72092,1,124,-3905,8779
720,0,71590,72092,1,-86,-4113,8643
721,0,71670,72092,1,-86,-3864,8856
722,0,71751,72092,1,93,-4000,8684
723,0,71831,72092,1,-181,-4022,8956
724,0,71911,72092,1,280,-4067,8739
725,0,71992,73096,1,-31,-4336,8751
726,0,72072,73096,1,62,-4017,8743
727,0,72152,73096,1,-16,-4120,8710
728,0,72233,73096,1,-146,-4134,8827
729,0,72313,73096,1,23,-3950,8758
730,0,72394,73096,1,-134,-4173,8779
731,0,72474,73096,1,112,-3675,8830
732,0,72555,73096,1,-162,-4199,8820
733,0,72635,73096,1,138,-3960,8760
734,0,72716,73096,1,-7,-4400,8523
735,0,72796,73096,1,-7,-4343,8710
736,0,72877,73096,1,117,-3830,8782
737,0,72957,73096,1,-332,-4118,8674
738,0,73038,74100,1,150,-3699,8820
739,0,73118,74100,1,-198,-4403,8674
740,0,73198,74100,1,71,-3785,8849
741,0,73278,74100,1,-2,-4120,8707
742,0,73358,74100,1,35,-4304,8674
743,0,73438,74100,1,-265,-4333,8681
744,0,73519,74100,1,-153,-4142,8688
745,0,73599,74100,1,-124,-4079,8600
746,0,73679,74100,1,-246,-4295,8820
747,0,73759,74100,1,57,-3706,8784
748,0,73839,74100,1,-4,-4364,8600
749,0,73919,74100,1,177,-3890,8806
750,0,74000,75104,1,-172,-4096,8691
751,0,74080,75105,1,-21,-4125,8782
752,0,74161,75105,1,-186,-4151,8597
753,0,74242,75105,1,-244,-4336,8679
754,0,74322,75105,1,69,-3876,8664
755,0,74403,75105,1,-43,-4154,8849
756,0,74484,75105,1,287,-3905,8861
757,0,74565,75105,1,-93,-4395,8588
758,0,74645,75105,1,134,-4594,8504
759,0,74726,75105,1,-253,-4257,8504
760,0,74807,75105,1,-196,-4482,8739
761,0,74887,75105,1,-102,-4326,8657
762,0,74968,75105,1,-2,-4556,8504
763,0,75049,76109,1,-100,-4577,8506
764,0,75129,76109,1,-169,-4132,8664
765,0,75209,76109,1,-155,-4376,8614
766,0,75289,76109,1,-136,-4345,8552
767,0,75369,76109,1,-155,-4515,8502
768,0,75449,76109,1,-217,-4556,8566
769,0,75529,76109,1,-64,-4118,8631
770,0,75609,76109,1,-100,-4611,8528
771,0,75689,76109,1,-155,-4522,8537
772,0,75769,76109,1,-134,-4264,8511
773,0,75849,76109,1,-246,-4613,8523
774,0,75929,76109,1,-100,-4462,8425
775,0,76009,77040,1,-208,-4656,8514
776,0,76089,77041,1,-191,-4553,8466
777,0,76170,77041,1,-134,-4515,8480
778,0,76250,77041,1,-162,-4692,8444
779,0,76331,77041,1,-208,-4673,8415
780,0,76411,77041,1,-126,-4561,8442
781,0,76492,77041,1,-284,-4676,8432
782,0,76572,77041,1,-210,-4625,8461
783,0,76653,77041,1,-213,-4668,8353
784,0,76734,77041,1,-411,-4759,8387
785,0,76814,77041,1,-177,-4640,8372
786,0,76895,77041,1,-193,-4618,8370
787,0,76975,77041,1,-411,-4690,8439
788,0,77060,78046,1,-227,-4541,8506
789,0,77140,78046,1,-229,-4802,8375
790,0,77220,78046,1,-260,-4652,8399
791,0,77300,78046,1,-268,-4577,8435
792,0,77380,78046,1,-404,-4685,8420
793,0,77460,78046,1,-196,-4585,8363
794,0,77540,78046,1,-363,-4695,8358
795,0,77620,78046,1,-354,-4714,8363
796,0,77700,78046,1,-263,-4573,8394
797,0,77780,78046,1,-323,-4745,8391
798,0,77860,78046,1,-339,-4707,8408
799,0,77940,78046,1,-299,-4664,8341
800,0,78020,79048,1,-373,-4714,8406
801,0,78101,79048,1,-289,-4585,8461
802,0,78182,79048,1,-335,-4608,8411
803,0,78264,79048,1,-359,-4745,8389
804,0,78345,79048,1,-308,-4740,8394
805,0,78427,79048,1,-304,-4726,8418
806,0,78508,79048,1,-493,-4764,8389
807,0,78590,79048,1,-234,-4599,8353
808,0,78671,79048,1,-363,-4755,8372
809,0,78752,79048,1,-469,-4692,8372
810,0,78834,79048,1,-282,-4731,8336
811,0,78915,79048,1,-409,-4735,8341
812,0,78997,79048,1,-423,-4728,8334
813,0,79078,80051,1,-375,-4786,8327
814,0,79158,80051,1,-342,-5078,8315
815,0,79238,80051,1,-428,-4245,8688
816,0,79318,80051,1,-316,-4486,8593
817,0,79398,80051,1,-371,-4438,8468
818,0,79478,80051,1,-493,-4762,8305
819,0,79558,80051,1,-395,-4304,8679
820,0,79638,80051,1,-356,-4573,8408
821,0,79718,80051,1,-591,-4427,8600
822,0,79798,80051,1,-462,-4424,8516
823,0,79878,80051,1,-433,-4233,8487
824,0,79958,80051,1,-711,-4106,8789
825,0,80031,81069,1,-572,-4393,8518
826,0,80111,81069,1,-550,-4395,8528
827,0,80191,81069,1,-725,-4534,8533
828,0,80271,81069,1,-507,-4357,8482
829,0,80351,81069,1,-656,-4585,8504
830,0,80431,81069,1,-560,-4570,8482
831,0,80511,81069,1,-644,-4561,8487
832,0,80591,81069,1,-586,-4549,8377
833,0,80671,81069,1,-624,-4448,8557
834,0,80751,81069,1,-598,-4551,8463
835,0,80831,81069,1,-512,-4558,8332
836,0,80911,81069,1,-679,-4520,8557
837,0,80991,81069,1,-663,-4470,8439
838,0,81071,82073,1,-569,-4608,8418
839,0,81151,82073,1,-756,-4340,8554
840,0,81231,82073,1,-775,-4278,8547
841,0,81312,82073,1,-639,-4424,8537
842,0,81392,82073,1,-691,-4589,8358
843,0,81472,82073,1,-802,-4501,8463
844,0,81553,82073,1,-656,-4477,8427
845,0,81633,82073,1,-742,-4448,8511
846,0,81713,82073,1,-730,-4484,8463
847,0,81794,82073,1,-711,-4556,8478
848,0,81874,82073,1,-773,-4371,8451
849,0,81954,82073,1,-794,-4477,8494
850,0,82038,83080,1,-938,-4345,8394
851,0,82118,83080,1,-782,-3706,8956
852,0,82198,83080,1,-23,-5063,9091
853,0,82278,83080,1,-840,-16463,6184
854,0,82358,83080,1,-2913,-7553,5446
855,0,82438,83080,1,-2849,277,5786
856,0,82518,83080,1,-1302,3749,7108
857,0,82598,83080,1,-529,5751,8442
858,0,82678,83080,1,-217,4704,9294
859,0,82758,83080,1,-296,3519,8760
860,0,82838,83080,1,153,2535,8305
861,0,82918,83080,1,-138,2061,9122
862,0,82998,83080,1,-129,1484,12246
863,0,83078,84112,1,553,124,10393
864,0,83158,84112,1,634,-69,9601
865,0,83238,84112,1,821,-1336,9960
866,0,83318,84112,1,859,-1407,9167
867,0,83399,84112,1,2861,-1472,8882
868,0,83479,84112,1,3706,-2159,10185
869,0,83559,84112,1,2695,-2013,8901
870,0,83639,84112,1,2487,-1671,8777
871,0,83720,84112,1,2909,1766,11140
872,0,83800,84112,1,3648,-933,9941
873,0,83880,84112,1,2662,-668,9852
874,0,83960,84112,1,2123,2358,9969
875,0,84041,85108,1,1881,1635,9447
876,0,84121,85108,1,1678,1884,8945
877,0,84201,85108,1,1608,2097,9083
878,0,84282,85108,1,1649,1786,9407
879,0,84362,85108,1,1901,1702,9433
880,0,84443,85108,1,1865,1477,9610
881,0,84523,85108,1,1522,1872,10355
882,0,84604,85108,1,1731,1922,9953
883,0,84684,85108,1,1872,2511,8758
884,0,84765,85108,1,2554,2755,8557
885,0,84845,85108,1,1173,2094,8715
886,0,84926,85108,1,1110,3227,9038
887,0,85006,85108,1,2250,3007,9107
888,0,85087,86112,1,2487,2705,9059
889,0,85167,86112,1,2346,2925,9301
890,0,85247,86112,1,2640,3988,8870
891,0,85328,86112,1,2106,3668,9062
892,0,85408,86112,1,1939,3694,10065
893,0,85488,86112,1,1144,3205,9438
894,0,85569,86112,1,1122,1276,9553
895,0,85649,86112,1,1187,1822,9687
896,0,85729,86112,1,1209,1568,9510
897,0,85810,86112,1,644,330,10166
898,0,85890,86112,1,325,93,9385
899,0,85970,86112,1,486,-488,9708
900,0,86051,87116,1,782,-533,10139
901,0,86131,87116,1,984,-177,9567
902,0,86211,87116,1,895,-500,9636
903,0,86291,87116,1,2892,-38,9423
904,0,86372,87116,1,1091,-418,10192
905,0,86452,87116,1,1058,780,9536
906,0,86532,87117,1,1364,2104,9601
907,0,86613,87117,1,1027,1259,9490
908,0,86693,87117,1,775,2590,9028
909,0,86773,87117,1,2719,2432,9488
910,0,86854,87117,1,1850,2288,8961
911,0,86934,87117,1,1879,2461,9399
912,0,87014,87117,1,1517,2044,9608
913,0,87095,88120,1,1714,1491,9536
914,0,87175,88120,1,1750,1826,9364
915,0,87256,88120,1,1881,1855,9414
916,0,87336,88120,1,1946,1465,9751
917,0,87416,88120,1,2094,1618,9663
918,0,87497,88120,1,2083,1903,9210
919,0,87577,88120,1,1972,2135,9452
920,0,87658,88120,1,1709,2468,9313
921,0,87738,88120,1,1843,2430,9409
922,0,87818,88120,1,1637,2348,9469
923,0,87899,88120,1,1769,2418,9371
924,0,87979,88120,1,1740,2181,9395
925,1,88060,89132,1,1963,2166,9510
926,1,88140,89132,1,1661,2339,9347
927,1,88220,89132,1,1953,2262,9502
928,1,88301,89132,1,1654,2387,9450
929,1,88381,89132,1,1750,2174,9450
930,1,88462,89132,1,1130,3141,9107
931,1,88542,89132,1,1041,2672,9402
932,1,88623,89132,1,1917,2650,9596
933,1,88703,89132,1,3138,-38,9919
934,1,88784,89132,1,1896,2281,9493
935,1,88864,89132,1,1716,2461,9160
936,1,88945,89132,1,1905,2293,9380
937,1,89025,89132,1,1922,2291,9373
938,1,89106,90137,1,1817,2188,9344
939,1,89188,90137,1,1867,2305,9469
940,1,89269,90137,1,1879,2212,9438
941,1,89351,90137,1,1922,2142,9392
942,1,89432,90137,1,1917,2267,9409
943,1,89514,90137,1,1857,2193,9435
944,1,89595,90137,1,1903,2238,9392
945,1,89677,90137,1,1996,2183,9423
946,1,89758,90137,1,1810,2269,9452
947,1,89840,90137,1,1632,2782,9189
948,1,89921,90137,1,1477,2688,9522
949,1,90003,90137,1,1549,-1273,9890
950,1,90085,91139,1,981,-1436,8760
951,1,90164,91139,1,1063,-1690,9483
952,1,90244,91139,1,818,-2174,10168
953,1,90324,91139,1,1731,-3126,8672
954,1,90404,91139,1,1941,-1623,9656
955,1,90484,91139,1,2011,-2387,9342
956,1,90564,91139,1,3102,-799,9581
957,1,90643,91139,1,1419,-1429,9584
958,1,90723,91139,1,2008,-1391,9196
959,1,90803,91139,1,1738,-1146,9469
960,1,90883,91139,1,1592,-1573,9775
961,1,90963,91139,1,1580,-2061,9399
962,1,91043,91139,1,1108,-1695,9632
963,1,91122,92144,1,1692,-1580,9292
964,1,91202,92144,1,2217,-1350,9828
965,1,91282,92144,1,2341,-1091,9404
966,1,91361,92144,1,1726,-1975,9095
967,1,91441,92144,1,1185,-2968,9478
968,1,91521,92144,1,1537,-1664,9481
969,1,91600,92144,1,1534,-2085,9371
970,1,91680,92144,1,1525,-2157,9316
971,1,91760,92144,1,1934,-1889,9411
972,1,91839,92144,1,2140,-1570,9340
973,1,91919,92144,1,1798,-2109,9289
974,1,91999,92144,1,1589,-2205,9210
975,1,92079,93176,1,1587,-2047,9387
976,1,92159,93176,1,1707,-1996,9498
977,1,92239,93176,1,1575,-2183,9342
978,1,92319,93176,1,1589,-1958,9280
979,1,92399,93176,1,1122,-2157,9809
980,1,92479,93176,1,2102,-2370,9514
981,1,92559,93176,1,2027,-2078,8861
982,1,92639,93176,1,2015,-2360,9349
983,1,92719,93176,1,1699,-2152,9141
984,1,92799,93176,1,2176,-2202,9258
985,1,92879,93176,1,2056,-2303,9215
986,1,92959,93176,1,1769,-3340,9141
987,1,93039,93176,1,2317,-2176,9179
988,1,93120,94170,1,2858,-979,8945
989,1,93200,94170,1,2741,-2595,9897
990,1,93281,94170,1,2207,-543,9443
991,1,93361,94171,1,1996,-3191,8597
992,1,93442,94171,1,2195,-2944,8861
993,1,93522,94171,1,2798,-3773,8662
994,1,93603,94171,1,1790,-3854,9653
995,1,93683,94171,1,1776,-3016,8478
996,1,93764,94171,1,1721,-2626,9277
997,1,93844,94171,1,4319,-878,9835
998,1,93925,94171,1,1889,-2827,10261
999,1,94005,94171,1,2221,-272,9239
1000,1,94086,95174,1,3258,47,9658
1001,1,94166,95174,1,2482,488,9615
1002,1,94246,95174,1,1719,-826,8925
1003,1,94326,95174,1,852,-1067,8324
1004,1,94406,95174,1,-1168,-809,8121
1005,1,94487,95174,1,-2765,-4084,10451
1006,1,94567,95174,1,-701,-2592,8418
1007,1,94647,95174,1,-189,-4989,8607
1008,1,94727,95174,1,-718,-3579,8995
1009,1,94808,95174,1,129,-4137,9579
1010,1,94888,95174,1,579,-4046,8877
1011,1,94968,95174,1,466,-3943,8901
1012,1,95048,95174,1,-337,-2798,10350
1013,1,95129,96178,1,-1381,-1027,10000
1014,1,95209,96178,1,-984,-1288,7898
1015,1,95290,96178,1,-1087,-3318,9778
1016,1,95370,96178,1,124,-2564,10130
1017,1,95450,96178,1,-493,-2473,8758
1018,1,95531,96178,1,629,-2430,10070
1019,1,95611,96179,1,392,-2784,8846
1020,1,95692,96179,1,-181,-4041,9201
1021,1,95772,96179,1,-52,-3201,8928
1022,1,95852,96179,1,222,-3483,8968
1023,1,95933,96179,1,-478,-3917,8930
1024,1,96013,96179,1,155,-3691,9342
1025,1,96094,97183,1,26,-3696,8875
1026,1,96174,97183,1,-117,-3363,9138
1027,1,96254,97183,1,196,-3361,9292
1028,1,96334,97183,1,90,-3208,8880
1029,1,96414,97183,1,-258,-3093,9119
1030,1,96495,97183,1,217,-4029,9071
1031,1,96575,97183,1,-320,-4388,8585
1032,1,96655,97183,1,-304,-3952,8741
1033,1,96735,97183,1,64,-4084,8719
1034,1,96816,97183,1,-383,-4266,8664
1035,1,96896,97183,1,-117,-4017,8873
1036,1,96976,97183,1,-93,-4391,8614
1037,1,97056,97183,1,-81,-3181,8956
1038,1,97137,98187,1,296,-3091,9107
1039,1,97217,98187,1,428,-1465,10072
1040,1,97297,98187,1,-735,-2885,9095
1041,1,97378,98187,1,193,-2209,9732
1042,1,97458,98187,1,-88,-603,9964
1043,1,97538,98187,1,-378,146,8861
1044,1,97619,98187,1,1398,2078,8863
1045,1,97699,98187,1,924,3493,9225
1046,1,97779,98187,1,557,2475,10132
1047,1,97860,98187,1,227,2171,10075
1048,1,97940,98187,1,392,2269,9684
1049,1,98020,98187,1,-588,1948,9165
1050,1,98101,99189,1,-430,2351,9450
1051,1,98181,99189,1,-380,1594,9593
1052,1,98261,99189,1,-316,2075,9471
1053,1,98342,99189,1,-294,2298,9395
1054,1,98422,99189,1,-153,1893,9557
1055,1,98503,99189,1,-244,1616,9675
1056,1,98583,99189,1,-201,1697,9543
1057,1,98664,99189,1,-328,2181,9725
1058,1,98744,99189,1,-31,1999,9845
1059,1,98825,99189,1,50,1905,10063
1060,1,98905,99189,1,1197,2408,11011
1061,1,98986,99189,1,481,1810,9924
1062,1,99066,99189,1,-555,3136,9134
1063,1,99147,100192,1,-1580,1766,8444
1064,1,99227,100192,1,-2185,-1637,7661
1065,1,99307,100192,1,-2655,-3014,7819
1066,1,99387,100192,1,-1539,-3885,10087
1067,1,99468,100192,1,-1944,-3984,10046
1068,1,99548,100192,1,-1422,-2904,9462
1069,1,99628,100192,1,-433,-2305,9481
1070,1,99708,100192,1,-141,-3158,10984
1071,1,99789,100192,1,304,-3644,9572
1072,1,99869,100192,1,-864,-2413,9581
1073,1,99949,100192,1,-658,-3840,9091
1074,1,100029,100192,1,-201,-3447,8645
1075,1,100110,101196,1,-1017,-3416,8978
1076,1,100190,101197,1,11,-3450,8858
1077,1,100270,101197,1,-454,-3945,8940
1078,1,100351,101197,1,-177,-3866,8901
1079,1,100431,101197,1,-81,-4103,8863
1080,1,100512,101197,1,-150,-4343,8595
1081,1,100592,101197,1,-251,-3747,8743
1082,1,100672,101197,1,-814,-3926,8952
1083,1,100753,101197,1,-45,-3878,8681
1084,1,100833,101197,1,-347,-4053,9196
1085,1,100914,101197,1,-282,-3694,8672
1086,1,100994,101197,1,-222,-3732,8877
1087,1,101074,101197,1,-265,-3914,8808
1088,1,101155,102200,1,-500,-3933,8755
1089,1,101235,102200,1,-253,-4015,8789
1090,1,101316,102200,1,-136,-4060,8724
1091,1,101396,102200,1,-347,-4271,8530
1092,1,101477,102200,1,-258,-3924,8763
1093,1,101557,102200,1,-418,-4058,8815
1094,1,101638,102200,1,-294,-4156,8719
1095,1,101718,102200,1,-301,-4379,8578
1096,1,101799,102200,1,-363,-4017,8633
1097,1,101879,102200,1,-519,-3974,8877
1098,1,101960,102200,1,-265,-3969,8753
1099,1,102040,102200,1,-430,-4268,8600
1100,1,102121,103205,1,-258,-4060,8698
1101,1,102202,103206,1,-390,-3962,8739
1102,1,102284,103206,1,-514,-4319,8760
1103,1,102365,103206,1,-241,-4077,8801
1104,1,102447,103206,1,-409,-4290,8499
1105,1,102528,103206,1,-495,-4417,8614
1106,1,102610,103206,1,-67,-4412,8516
1107,1,102691,103206,1,-586,-4321,8820
1108,1,102773,103206,1,-186,-4319,8547
1109,1,102854,103206,1,-414,-4676,8473
1110,1,102936,103206,1,-399,-4314,8609
1111,1,103017,103206,1,-313,-4264,8537
1112,1,103099,103206,1,-533,-4355,8681
1113,1,103181,104589,1,-124,-4673,8348
1114,1,103261,104589,1,-600,-4714,8466
1115,1,103341,104589,1,-569,-4367,8607
1116,1,103421,104589,1,-311,-4314,8600
1117,1,103501,104589,1,-464,-4553,8449
1118,1,103581,104589,1,-387,-4601,8351
1119,1,103661,104589,1,-636,-4398,8607
1120,1,103741,104589,1,-347,-4489,8509
1121,1,103821,104589,1,-474,-4594,8408
1122,1,103901,104589,1,-517,-4422,8492
1123,1,103981,104589,1,-548,-4625,8401
1124,1,104061,104589,1,-447,-4635,8480
1125,1,104141,105593,1,-435,-4431,8437
1126,1,104220,105593,1,-512,-4625,8420
1127,1,104299,105593,1,-672,-4637,8487
1128,1,104378,105593,1,-435,-4628,8399
1129,1,104457,105593,1,-687,-4544,8399
1130,1,104537,105593,1,-612,-4611,8480
1131,1,104616,105593,1,-478,-4541,8413
1132,1,104695,105593,1,-617,-4491,8425
1133,1,104774,105593,1,-600,-4580,8423
1134,1,104853,105593,1,-572,-4604,8401
1135,1,104933,105593,1,-533,-4661,8351
1136,1,105012,105593,1,-706,-4618,8442
1137,1,105091,105593,1,-560,-4673,8327
1138,1,105191,106624,1,-557,-4774,8356
1139,1,105271,106624,1,-668,-4704,8363
1140,1,105351,106624,1,-646,-4719,8341
1141,1,105432,106624,1,-742,-4604,8423
1142,1,105512,106624,1,-651,-4814,8341
1143,1,105592,106624,1,-668,-4620,8458
1144,1,105673,106624,1,-696,-4769,8324
1145,1,105753,106624,1,-751,-4585,8439
1146,1,105833,106624,1,-701,-4687,8298
1147,1,105914,106624,1,-653,-4711,8372
1148,1,105994,106624,1,-603,-4697,8363
1149,1,106074,106624,1,-691,-4695,8379
1150,1,106155,107620,1,-629,-4731,8341
1151,1,106235,107620,1,-687,-4778,8336
1152,1,106315,107620,1,-653,-4690,8391
1153,1,106396,107620,1,-672,-4702,8365
1154,1,106476,107620,1,-708,-4731,8363
1155,1,106556,107620,1,-701,-4652,8387
1156,1,106637,107620,1,-565,-4601,8415
1157,1,106717,107620,1,-701,-4685,8351
1158,1,106797,107620,1,-768,-4683,8408
1159,1,106877,107621,1,-588,-4723,8322
1160,1,106958,107621,1,-679,-4671,8372
1161,1,107038,107621,1,-646,-4585,8389
1162,1,107118,107621,1,-790,-4762,8336
1163,1,107199,108624,1,-610,-4793,8394
1164,1,107279,108624,1,-641,-4678,8341
1165,1,107360,108624,1,-644,-4671,8370
1166,1,107440,108624,1,-701,-4661,8408
1167,1,107520,108624,1,-615,-4721,8308
1168,1,107601,108624,1,-766,-4735,8439
1169,1,107681,108624,1,-708,-4570,8360
1170,1,107762,108624,1,-780,-4728,8375
1171,1,107842,108624,1,-687,-4620,8365
1172,1,107922,108624,1,-761,-4695,8396
1173,1,108003,108624,1,-687,-4623,8427
1174,1,108083,108624,1,-689,-4692,8363
1175,1,108164,109627,1,-684,-4829,8344
1176,1,108244,109627,1,-715,-4707,8348
1177,1,108324,109627,1,-581,-4733,8358
1178,1,108405,109627,1,-806,-4814,8284
1179,1,108485,109627,1,-660,-4690,8360
1180,1,108566,109627,1,-773,-4654,8415
1181,1,108646,109627,1,-770,-4740,8284
1182,1,108726,109627,1,-701,-4721,8339
1183,1,108807,109627,1,-715,-4687,8427
1184,1,108887,109628,1,-761,-4781,8291
1185,1,108968,109628,1,-768,-4793,8300
1186,1,109048,109628,1,-660,-4707,8353
1187,1,109128,109628,1,-787,-4714,8379
1188,1,109209,110631,1,-708,-4740,8356
1189,1,109289,110631,1,-756,-4850,8358
1190,1,109369,110631,1,-605,-4656,8341
1191,1,109449,110631,1,-866,-4776,8353
1192,1,109530,110631,1,-691,-4723,8312
1193,1,109610,110631,1,-742,-4716,8351
1194,1,109690,110631,1,-814,-4826,8284
1195,1,109770,110631,1,-670,-4745,8291
1196,1,109851,110631,1,-754,-4790,8286
1197,1,109931,110631,1,-689,-4745,8317
1198,1,110011,110631,1,-725,-4771,8312
1199,1,110091,110631,1,-732,-4745,8317
1200,1,110172,111635,1,-708,-4719,8300
1201,1,110252,111635,1,-756,-4755,8339
1202,1,110332,111635,1,-715,-4697,8324
1203,1,110413,111635,1,-802,-4728,8322
1204,1,110493,111635,1,-797,-4817,8351
1205,1,110573,111635,1,-624,-4673,8308
1206,1,110654,111635,1,-873,-4795,8341
1207,1,110734,111635,1,-651,-4678,8360
1208,1,110814,111635,1,-749,-4786,8329
1209,1,110894,111635,1,-845,-4831,8315
1210,1,110975,111635,1,-668,-4733,8312
1211,1,111055,111635,1,-766,-4774,8322
1212,1,111135,111635,1,-744,-4757,8320
1213,1,111216,112639,1,-632,-4683,8312
1214,1,111296,112639,1,-766,-4802,8399
1215,1,111376,112639,1,-639,-4671,8279
1216,1,111457,112639,1,-799,-4838,8262
1217,1,111537,112639,1,-699,-4709,8324
1218,1,111617,112639,1,-715,-4774,8346
1219,1,111698,112639,1,-790,-4814,8310
1220,1,111778,112639,1,-651,-4733,8327
1221,1,111858,112639,1,-799,-4740,8341
1222,1,111939,112639,1,-756,-4829,8265
1223,1,112019,112639,1,-737,-4719,8336
1224,1,112099,112639,1,-859,-4776,8310
1225,1,112180,113641,1,-689,-4759,8303
1226,1,112260,113641,1,-660,-4800,8281
1227,1,112340,113641,1,-852,-4759,8344
1228,1,112421,113641,1,-670,-4687,8291
1229,1,112501,113641,1,-849,-4846,8281
1230,1,112582,113641,1,-687,-4704,8291
1231,1,112662,113641,1,-782,-4831,8279
1232,1,112742,113641,1,-706,-4704,8336
1233,1,112823,113641,1,-780,-4759,8267
1234,1,112903,113641,1,-811,-4747,8353
1235,1,112984,113641,1,-725,-4767,8288
1236,1,113064,113641,1,-720,-4798,8277
1237,1,113144,113641,1,-823,-4819,8279
1238,1,113225,114646,1,-658,-4623,8265
1239,1,113305,114646,1,-833,-4812,8334
1240,1,113386,114646,1,-787,-4759,8322
1241,1,113466,114646,1,-720,-4767,8329
1242,1,113546,114646,1,-756,-4735,8317
1243,1,113627,114646,1,-749,-4738,8346
1244,1,113707,114646,1,-888,-4822,8243
1245,1,113788,114646,1,-627,-4707,8327
1246,1,113868,114646,1,-881,-4802,8346
1247,1,113948,114646,1,-768,-4731,8281
1248,1,114029,114646,1,-881,-4836,8284
1249,1,114109,114646,1,-689,-4664,8317
1250,1,114190,115649,1,-720,-4781,8341
1251,1,114271,115649,1,-861,-4743,8267
1252,1,114353,115649,1,-770,-4747,8224
1253,1,114434,115649,1,-811,-5106,8233
1254,1,114515,115649,1,-902,-4953,8265
1255,1,114597,115649,1,-816,-4747,8332
1256,1,114678,115649,1,-802,-4558,8384
1257,1,114759,115649,1,-869,-4781,8305
1258,1,114841,115649,1,-883,-4836,8277
1259,1,114922,115649,1,-826,-3284,8973
1260,1,115003,115649,1,-632,-6545,6553
1261,1,115085,115649,1,-1573,-5111,7934
1262,1,115166,115649,1,-677,-4692,8059
1263,1,115243,116297,1,-1288,-3232,9105
1264,1,115323,116297,1,-847,-4319,8545
1265,1,115403,116298,1,-179,-7640,7802
1266,1,115483,116298,1,-1319,-13527,5782
1267,1,115563,116298,1,-2293,-5851,5961
1268,1,115643,116298,1,-2583,-1455,5825
1269,1,115723,116298,1,124,4122,8291
1270,1,115803,116298,1,1656,6342,9043
1271,1,115883,116298,1,1731,5078,9205
1272,1,115963,116298,1,881,3526,8921
1273,1,116043,116298,1,749,2842,9158
1274,1,116123,116298,1,742,2387,11051
1275,1,116202,117301,1,402,3258,9476
1276,1,116282,117301,1,-124,3421,8928
1277,1,116362,117301,1,-328,3217,9100
1278,1,116442,117301,1,-21,2808,9732
1279,1,116522,117301,1,-117,2652,9277
1280,1,116602,117301,1,-351,2516,9589
1281,1,116682,117301,1,14,2698,9603
1282,1,116761,117301,1,217,2770,9378
1283,1,116841,117301,1,-158,2806,9174
1284,1,116921,117301,1,-55,2408,9342
1285,1,117001,117301,1,423,1752,9347
1286,1,117081,117301,1,306,-325,9170
1287,1,117161,117301,1,1122,2269,8700
1288,1,117241,118304,1,3782,-7587,8389
1289,1,117321,118304,1,3938,-5638,7156
1290,1,117401,118304,1,5044,-6562,5243
1291,1,117482,118304,1,6380,-6797,5595
1292,1,117562,118304,1,6215,-6122,6902
1293,1,117642,118304,1,4405,-5530,6845
1294,1,117723,118305,1,3929,-7436,4465
1295,1,117803,118305,1,3962,-7692,4431
1296,1,117883,118305,1,4491,-8195,3541
1297,1,117964,118305,1,5135,-8004,3165
1298,1,118044,118305,1,4881,-9124,4367
1299,1,118124,119309,1,5344,-5961,3397
1300,1,118205,119309,1,4405,-3730,7798
1301,1,118285,119309,1,3818,-8394,3328
1302,1,118365,119309,1,5152,-8945,3931
1303,1,118445,119309,1,4920,-8097,3440
1304,1,118526,119309,1,5384,-6031,4661
1305,1,118606,119309,1,5145,-5820,4570
1306,1,118686,119309,1,5444,-5415,6026
1307,1,118766,119309,1,4058,-2777,6349
1308,1,118846,119309,1,3768,-8547,3383
1309,1,118927,119309,1,5506,-7778,3282
1310,1,119007,119309,1,5624,-6720,5473
1311,1,119087,119309,1,5229,-5672,4415
1312,1,119167,120312,1,5523,-9390,2169
1313,1,119248,120312,1,5260,-7101,2456
1314,1,119328,120312,1,4853,-8406,2174
1315,1,119409,120312,1,5154,-8205,1470
1316,1,119489,120312,1,5293,-7561,1850
1317,1,119570,120312,1,4872,-7755,2164
1318,1,119650,120312,1,5490,-8470,1675
1319,1,119731,120312,1,5071,-7391,2102
1320,1,119811,120312,1,5039,-7637,2269
1321,1,119892,120312,1,5516,-7980,1922
1322,1,119972,120312,1,5085,-7685,2133
1323,1,120053,120312,1,5063,-7410,2456
1324,1,120133,121316,1,5502,-8075,1865
1325,1,120214,121317,1,4764,-8269,1628
1326,1,120294,121317,1,5446,-7838,2487
1327,1,120374,121317,1,5351,-6912,2197
1328,1,120454,121317,1,4482,-7041,2279
1329,1,120535,121317,1,5933,-8066,1867
1330,1,120615,121317,1,4989,-8286,2035
1331,1,120695,121317,1,5106,-7391,2707
1332,1,120775,121317,1,5418,-8063,2327
1333,1,120855,121317,1,4676,-7774,2015
1334,1,120936,121317,1,5502,-8073,2449
1335,1,121016,121317,1,5241,-7652,2116
1336,1,121096,121317,1,4762,-7221,2348
1337,1,121176,122319,1,5777,-8078,2147
1338,1,121257,122319,1,5095,-7427,2528
1339,1,121337,122319,1,5061,-7247,2624
1340,1,121418,122319,1,5679,-8344,2475
1341,1,121498,122319,1,4939,-7762,2499
1342,1,121578,122319,1,5451,-7740,2583
1343,1,121659,122319,1,5684,-7745,2592
1344,1,121739,122319,1,4939,-7556,2822
1345,1,121820,122319,1,5075,-6565,3656
1346,1,121900,122319,1,5126,-7415,3632
1347,1,121980,122319,1,4577,-7369,3538
1348,1,122061,122319,1,5039,-8018,3184
1349,1,122141,123324,1,5310,-7106,3414
1350,1,122222,123325,1,4618,-7321,3727
1351,1,122302,123325,1,5746,-7788,3158
1352,1,122382,123325,1,5090,-6905,3505
1353,1,122463,123325,1,4869,-7462,3375
1354,1,122543,123325,1,5798,-7834,4276
1355,1,122623,123325,1,4982,-8703,3996
1356,1,122704,123325,1,4843,-7661,8140
1357,1,122784,123325,1,2415,-7005,7597
1358,1,122864,123325,1,794,-3198,5616
1359,1,122944,123325,1,1268,-1685,6244
1360,1,123025,123325,1,4008,-2863,7630
1361,1,123105,123325,1,3414,-1189,9747
1362,1,123185,124353,1,2185,-4077,9047
1363,1,123266,124353,1,1956,-3155,8899
1364,1,123346,124353,1,2758,-3347,9313
1365,1,123426,124353,1,2190,-3371,8719
1366,1,123506,124353,1,2454,-3660,8748
1367,1,123587,124353,1,3550,-3129,8906
1368,1,123667,124353,1,2518,-3632,9021
1369,1,123747,124353,1,2351,-3639,8590
1370,1,123827,124353,1,2109,-3703,8779
1371,1,123908,124353,1,2044,-3869,8585
1372,1,123988,124353,1,2078,-3802,8696
1373,1,124068,124353,1,2226,-4082,8628
1374,1,124148,125350,1,2478,-3890,8684
1375,1,124229,125350,1,2185,-3574,8636
1376,1,124309,125350,1,1946,-3933,8822
1377,1,124389,125350,1,2317,-3270,8458
1378,1,124470,125350,1,2645,-3747,8782
1379,1,124550,125350,1,2825,-3639,8755
1380,1,124630,125350,1,2937,-3550,8597
1381,1,124711,125350,1,4374,-2980,7903
1382,1,124791,125350,1,2935,-3361,9347
1383,1,124871,125350,1,2205,-3423,8588
1384,1,124951,125350,1,2375,-3658,8645
1385,1,125032,125350,1,2341,-3660,8660
1386,1,125112,125350,1,2528,-3383,8801
1387,1,125192,126354,1,2348,-3687,8751
1388,1,125273,126355,1,2221,-3217,8597
1389,1,125353,126355,1,2135,-3234,8887
1390,1,125434,126355,1,2592,-4309,8839
1391,1,125515,126355,1,2758,-2557,8375
1392,1,125595,126355,1,2765,-2980,8712
1393,1,125676,126355,1,2506,-3517,8660
1394,1,125756,126355,1,3069,-3023,8504
1395,1,125837,126355,1,3064,-4075,9021
1396,1,125917,126355,1,2353,-3675,8372
1397,1,125998,126355,1,2420,-3222,8595
1398,1,126079,126355,1,2715,-2976,8861
1399,1,126159,127358,1,2806,-3543,8765
1400,1,126240,127358,1,2645,-3167,8743
1401,1,126322,127358,1,2619,-3550,8717
1402,1,126403,127358,1,2806,-3143,8703
1403,1,126485,127358,1,2336,-3584,8636
1404,1,126566,127358,1,3126,-3246,8849
1405,1,126648,127358,1,2803,-3191,8660
1406,1,126730,127358,1,2396,-3440,8619
1407,1,126811,127358,1,2758,-3421,8727
1408,1,126893,127358,1,2818,-3268,8801
1409,1,126974,127358,1,2808,-3363,8696
1410,1,127056,127358,1,2664,-3225,8672
1411,1,127138,127358,1,2779,-3256,8731
1412,1,127219,128361,1,2693,-3210,8734
1413,1,127279,128361,1,2882,-2616,8990
1414,1,127359,128361,1,2954,-3019,9110
1415,1,127439,128361,1,3945,-2559,9390
1416,1,127519,128361,1,1144,-2133,9069
1417,1,127598,128362,1,2454,-1910,9289
1418,1,127678,128362,1,1668,-2212,9258
1419,1,127758,128362,1,1230,-2346,8923
1420,1,127838,128362,1,1295,-1537,9711
1421,1,127917,128362,1,1187,313,10175
1422,1,127997,128362,1,1374,2183,9397
1423,1,128077,129365,1,1699,2032,9605
1424,1,128157,129365,1,5559,5834,6620
1425,1,128237,129365,1,2073,1735,9112
1426,1,128316,129365,1,-172,2640,9318
1427,1,128396,129365,1,328,3059,9311
1428,1,128475,129365,1,679,2432,9289
1429,1,128555,129365,1,758,2612,9256
1430,1,128635,129365,1,718,2849,9392
1431,1,128714,129365,1,445,3093,8875
1432,1,128794,129365,1,2619,368,9447
1433,1,128873,129365,1,-98,-2844,9172
1434,1,128953,129365,1,924,-5442,8724
1435,1,129033,129365,1,3407,-3117,8147
1436,1,129112,130368,1,3502,-986,9845
1437,1,129192,130730,1,2346,-2813,8779
1438,1,129292,130730,1,2399,-2952,9337
1439,1,129372,130730,1,2853,-2346,8892
1440,1,129452,130730,1,3105,-3076,8930
1441,1,129532,130730,1,3768,-1376,9165
1442,1,129612,130730,1,2384,-3529,9677
1443,1,129692,130730,1,1934,-1822,8537
1444,1,129773,130730,1,2233,-2870,9079
1445,1,129853,130730,1,2219,-2449,9289
1446,1,129933,130730,1,3735,-4261,8784
1447,1,130013,130730,1,3620,-2324,9395
1448,1,130093,130730,1,2054,-699,9517
1449,2,130153,132376,10,2834,842,9129
1450,2,130234,132376,10,2025,-55,9304
1451,2,130314,132376,10,1611,-160,9342
1452,2,130394,132376,10,1556,1144,9560
1453,2,130474,132376,10,141,2310,8499
1454,2,130555,132376,10,-2126,3749,9287
1455,2,130635,132376,10,-684,3265,9756
1456,2,130715,132376,10,1259,2928,9258
1457,2,130796,132376,10,548,2846,9450
1458,2,130876,132376,10,433,3105,9217
1459,2,130956,132376,10,617,2980,9323
1460,2,131037,132376,10,351,3129,9407
1461,2,131117,132376,10,519,2961,9308
1462,2,131197,132376,10,790,2681,9493
1463,2,131278,132376,10,694,2770,9304
1464,2,131358,132376,10,610,2688,9373
1465,2,131438,132376,10,785,2633,9402
1466,2,131518,132376,10,158,2722,8648
1467,2,131599,132376,10,1108,4580,9330
1468,2,131679,132376,10,1489,-529,9696
1469,2,131759,134414,10,1675,-1089,9299
1470,2,131839,134414,10,1680,-2370,8403
1471,2,131920,134414,10,2399,-1403,10067
1472,2,132000,134414,10,2181,-1374,9194
1473,2,132080,134414,10,3440,-2111,9165
1474,2,132160,134414,10,3481,-2377,9143
1475,2,132241,134414,10,2262,-1575,9534
1476,2,132321,134414,10,2315,-1154,9035
1477,2,132401,134414,10,2595,-3146,9021
1478,2,132482,134414,10,4407,64,9519
1479,2,132562,134414,10,2770,-1834,9694
1480,2,132643,134414,10,2178,-1711,8956
1481,2,132723,134414,10,2332,-2171,9155
1482,2,132804,134414,10,2212,-1992,9227
1483,2,132884,134414,10,2288,-1958,9476
1484,2,132965,134414,10,2214,-2123,9057
1485,2,133045,134414,10,1924,-2909,9431
1486,2,133126,134414,10,4484,-409,9648
1487,2,133206,134414,10,2355,-1695,9694
1488,2,133287,134415,10,2087,-646,9459
1489,2,133367,135411,10,1491,538,9443
1490,2,133447,135411,10,1489,1024,9397
1491,2,133527,135411,10,1429,1426,10132
1492,2,133608,135411,10,912,1046,10369
1493,2,133688,135411,10,373,1508,9189
1494,2,133768,135411,10,342,2061,9476
1495,2,133848,135411,10,201,2916,9488
1496,2,133929,135411,10,2,2801,9368
1497,2,134009,135411,10,-4,2583,9399
1498,2,134089,135411,10,-9,2772,9385
1499,2,134169,135411,10,-275,2695,9431
1500,2,134250,135411,10,9,2463,9419
1501,2,134330,135411,10,-71,2569,9330
1502,2,134410,135411,10,31,2581,9443
1503,2,134490,135411,10,165,2444,9696
1504,2,134571,135411,10,179,2612,9526
1505,2,134651,135411,10,263,5121,10953
1506,2,134731,135411,10,4745,5435,7300
1507,2,134812,135411,10,3785,2645,10508
1508,2,134892,135411,10,732,296,9261
1509,2,134972,137414,10,-1453,-1874,8652
1510,2,135053,137414,10,-2497,-3366,7333
1511,2,135133,137414,10,-2662,-5365,6232
1512,2,135213,137414,10,-2229,-7350,6648
1513,2,135294,137414,10,-1869,-5425,8449
1514,2,135374,137414,10,-1819,-2372,9742
1515,2,135454,137414,10,-258,-3584,9850
1516,2,135535,137414,10,-150,-3375,9541
1517,2,135615,137414,10,-52,-3521,10017
1518,2,135695,137414,10,-1992,-2293,9419
1519,2,135776,137414,10,660,-2755,6684
1520,2,135856,137414,10,26,-6356,12450
1521,2,135936,137414,10,-55,-5116,8157
1522,2,136017,137414,10,-440,-2770,9457
1523,2,136097,137414,10,-538,-3220,8873
1524,2,136177,137414,10,-184,-3507,8770
1525,2,136258,137414,10,-555,-3138,9246
1526,2,136338,137414,10,-244,-3344,8992
1527,2,136418,137414,10,-445,-3682,8921
1528,2,136498,137414,10,-351,-3526,8992
1529,2,136579,138416,10,-445,-4407,8542
1530,2,136659,138416,10,-557,-4355,8820
1531,2,136739,138416,10,-445,-3672,8863
1532,2,136820,138416,10,-591,-3500,8937
1533,2,136900,138416,10,-383,-3735,8832
1534,2,136980,138416,10,-586,-3804,8945
1535,2,137061,138416,10,-442,-3809,8806
1536,2,137141,138416,10,-428,-3842,8758
1537,2,137221,138416,10,-577,-3526,8980
1538,2,137302,138416,10,-246,-3603,8882
1539,2,137382,138416,10,-567,-3596,8980
1540,2,137463,138416,10,-203,-3569,9050
1541,2,137543,138416,10,-670,-3675,8897
1542,2,137624,138416,10,-189,-3917,8786
1543,2,137704,138416,10,-665,-3533,8968
1544,2,137785,138416,10,-335,-3636,8897
1545,2,137865,138416,10,-636,-3883,8810
1546,2,137946,138416,10,-122,-3849,8736
1547,2,138026,138416,10,-627,-4089,8899
1548,2,138107,138416,10,-129,-3936,8535
1549,2,138187,140424,10,-521,-3021,9215
1550,2,138268,140424,10,-888,-3510,9119
1551,2,138348,140424,10,-447,-3936,8789
1552,2,138428,140424,10,-720,-3627,8925
1553,2,138508,140424,10,-105,-3651,8983
1554,2,138589,140424,10,-732,-3984,8751
1555,2,138669,140424,10,-581,-3529,9002
1556,2,138749,140424,10,-397,-3859,8712
1557,2,138830,140424,10,-421,-3665,9045
1558,2,138910,140424,10,-217,-3830,8889
1559,2,138990,140424,10,-371,-4070,8679
1560,2,139071,140424,10,-301,-3732,9043
1561,2,139151,140424,10,-505,-3754,8822
1562,2,139231,140424,10,-138,-3893,8772
1563,2,139312,140424,10,-349,-3986,8777
1564,2,139394,140424,10,-366,-3917,8705
1565,2,139475,140424,10,-299,-3828,8834
1566,2,139557,140424,10,-354,-4130,8767
1567,2,139638,140424,10,-363,-3907,8822
1568,2,139719,140424,10,-277,-4130,8719
1569,2,139801,142304,10,-316,-4108,8722
1570,2,139882,142304,10,-304,-4106,8753
1571,2,139964,142304,10,-339,-3998,8739
1572,2,140045,142304,10,-368,-4144,8676
1573,2,140127,142304,10,-249,-3996,8748
1574,2,140208,142304,10,-318,-4161,8676
1575,2,140290,142304,10,-335,-4094,8710
1576,2,140369,142304,10,-337,-4041,8743
1577,2,140449,142304,10,-306,-4058,8719
1578,2,140529,142305,10,-409,-4039,8696
1579,2,140608,142305,10,-378,-4173,8700
1580,2,140688,142305,10,-260,-4194,8652
1581,2,140768,142305,10,-354,-4273,8612
1582,2,140847,142305,10,-354,-4242,8583
1583,2,140927,142305,10,-375,-4235,8650
1584,2,141007,142305,10,-418,-4312,8626
1585,2,141086,142305,10,-404,-4359,8566
1586,2,141166,142305,10,-409,-4304,8643
1587,2,141246,142305,10,-404,-4307,8638
1588,2,141322,142305,10,-493,-4312,8590
1589,2,141402,143308,10,-407,-4288,8631
1590,2,141482,143308,10,-440,-4235,8628
1591,2,141562,143308,10,-452,-4355,8616
1592,2,141642,143308,10,-498,-4309,8628
1593,2,141722,143308,10,-383,-4292,8590
1594,2,141802,143308,10,-531,-4336,8612
1595,2,141882,143308,10,-399,-4257,8581
1596,2,141962,143308,10,-498,-4343,8588
1597,2,142042,143308,10,-371,-4302,8595
1598,2,142122,143308,10,-464,-4441,8619
1599,2,142202,143308,10,-433,-4374,8545
1600,2,142282,143308,10,-457,-4364,8566
1601,2,142362,143308,10,-361,-4295,8616
1602,2,142442,143308,10,-538,-4434,8578
1603,2,142523,143308,10,-371,-4391,8545
1604,2,142603,143308,10,-411,-4400,8554
1605,2,142684,143308,10,-490,-4328,8566
1606,2,142764,143308,10,-517,-4427,8597
1607,2,142845,143308,10,-392,-4393,8566
1608,2,142925,143309,10,-627,-4300,8569
1609,2,143006,145317,10,-565,-4371,8549
1610,2,143086,145317,10,-318,-4127,8583
1611,2,143167,145317,10,-620,-4364,8662
1612,2,143247,145317,10,-409,-4295,8557
1613,2,143328,145317,10,-584,-4472,8545
1614,2,143408,145317,10,-426,-4383,8561
1615,2,143488,145317,10,-481,-4357,8557
1616,2,143568,145317,10,-435,-4316,8583
1617,2,143649,145317,10,-505,-4362,8616
1618,2,143729,145317,10,-452,-4316,8552
1619,2,143809,145317,10,-557,-4324,8526
1620,2,143889,145317,10,-545,-4395,8597
1621,2,143970,145317,10,-423,-4338,8547
1622,2,144050,145317,10,-469,-4364,8540
1623,2,144130,145317,10,-481,-4336,8564
1624,2,144210,145317,10,-421,-4386,8528
1625,2,144291,145317,10,-495,-4450,8540
1626,2,144371,145317,10,-454,-4393,8561
1627,2,144451,145317,10,-598,-4120,8743
1628,2,144531,145317,10,-222,-4412,8413
1629,2,144611,146319,10,-445,-4544,8516
1630,2,144692,146319,10,-567,-4436,8557
1631,2,144772,146319,10,-380,-4300,8583
1632,2,144852,146319,10,-447,-4429,8521
1633,2,144932,146320,10,-498,-4278,8662
1634,2,145013,146320,10,-414,-4192,8605
1635,2,145093,146320,10,-531,-4446,8509
1636,2,145173,146320,10,-495,-4388,8578
1637,2,145253,146320,10,-442,-4415,8545
1638,2,145334,146320,10,-555,-4350,8588
1639,2,145414,146320,10,-471,-4393,8573
1640,2,145495,146320,10,-407,-4460,8516
1641,2,145575,146320,10,-521,-4369,8545
1642,2,145655,146320,10,-426,-4297,8540
1643,2,145736,146320,10,-509,-4470,8540
1644,2,145816,146320,10,-469,-4328,8557
1645,2,145897,146320,10,-469,-4304,8636
1646,2,145977,146320,10,-560,-4343,8549
1647,2,146057,146320,10,-450,-4247,8578
1648,2,146138,146320,10,-596,-4309,8590
1649,2,146218,148330,10,-469,-4443,8540
1650,2,146299,148330,10,-471,-4419,8569
1651,2,146379,148330,10,-548,-4357,8557
1652,2,146459,148330,10,-416,-4412,8569
1653,2,146540,148330,10,-725,-4503,8593
1654,2,146620,148330,10,-351,-4343,8573
1655,2,146701,148330,10,-557,-4388,8528
1656,2,146781,148330,10,-627,-4398,8554
1657,2,146861,148330,10,-356,-4266,8585
1658,2,146942,148330,10,-418,-4259,8571
1659,2,147022,148330,10,-785,-4395,8552
1660,2,147103,148330,10,-423,-4307,8559
1661,2,147183,148330,10,-368,-4357,8497
1662,2,147263,148330,10,-684,-4355,8612
1663,2,147344,148330,10,-411,-4290,8648
1664,2,147424,148330,10,-371,-4271,8506
1665,2,147504,148330,10,-668,-4427,8576
1666,2,147585,148330,10,-502,-4381,8559
1667,2,147665,148330,10,-445,-4383,8554
1668,2,147745,148330,10,-555,-4513,8485
1669,2,147826,150355,10,-366,-4427,8552
1670,2,147906,150355,10,-495,-4336,8571
1671,2,147986,150355,10,-663,-4314,8533
1672,2,148067,150355,10,-735,-4352,8662
1673,2,148147,150355,10,-656,-4122,8590
1674,2,148227,150355,10,-883,-4336,8676
1675,2,148308,150355,10,-682,-4051,8705
1676,2,148388,150355,10,-651,-4331,8518
1677,2,148468,150355,10,-675,-4067,8789
1678,2,148548,150355,10,-414,-4283,8461
1679,2,148629,150355,10,-356,-4460,8456
1680,2,148709,150355,10,-608,-4185,8669
1681,2,148789,150355,10,-428,-4130,8679
1682,2,148870,150355,10,-701,-4472,8528
1683,2,148950,150355,10,-591,-4355,8573
1684,2,149030,150355,10,-555,-4314,8581
1685,2,149111,150355,10,-737,-4482,8545
1686,2,149191,150355,10,-450,-4245,8597
1687,2,149271,150355,10,-663,-4338,8545
1688,2,149352,150355,10,-689,-4285,8585
1689,2,149432,151749,10,-560,-4297,8564
1690,2,149512,151750,10,-629,-4338,8561
1691,2,149593,151750,10,-713,-4340,8564
1692,2,149673,151750,10,-596,-4333,8528
1693,2,149753,151750,10,-699,-4443,8552
1694,2,149834,151750,10,-608,-4415,8600
1695,2,149914,151750,10,-658,-4434,8509
1696,2,149994,151750,10,-711,-4400,8499
1697,2,150075,151750,10,-648,-4400,8542
1698,2,150155,151750,10,-617,-4345,8549
1699,2,150235,151750,10,-713,-4364,8547
1700,2,150323,151750,10,-684,-4345,8530
1701,2,150403,151750,10,-660,-4388,8514
1702,2,150483,151750,10,-651,-4388,8540
1703,2,150563,151750,10,-644,-4343,8492
1704,2,150643,151750,10,-713,-4364,8523
1705,2,150723,151750,10,-605,-4501,8535
1706,2,150803,151750,10,-873,-4915,8667
1707,2,150883,151750,10,6545,-6134,8614
1708,2,150963,151750,10,-1824,-632,7812
1709,2,151043,153755,10,-8298,-4616,4118
1710,2,151123,153755,10,-8877,-13762,124
1711,2,151203,153755,10,-2729,-9670,-1800
1712,2,151283,153755,10,502,-7041,172
1713,2,151363,153755,10,-21,-5480,1122
1714,2,151445,153755,10,1541,-15811,2162
1715,2,151526,153756,10,143,-6553,1790
1716,2,151608,153756,10,1438,-8502,617
1717,2,151689,153756,10,1886,-7984,1192
1718,2,151771,153756,10,1290,-10149,-371
1719,2,151852,153756,10,385,-8456,-3632
1720,2,151934,153756,10,-3263,-8142,-4702
1721,2,152015,153756,10,-2396,-8566,-4517
1722,2,152097,153756,10,-1434,-7060,-6409
1723,2,152178,153756,10,-1515,-10113,-3660
1724,2,152260,153756,10,-339,-9577,-258
1725,2,152342,153756,10,-143,-7477,-1587
1726,2,152421,153756,10,-160,-5332,919
1727,2,152501,153756,10,2377,-9158,-210
1728,2,152580,153756,10,5490,-9974,1680
1729,2,152660,155764,10,5624,-7980,1596
1730,2,152740,155764,10,4867,-8250,1362
1731,2,152819,155764,10,6761,-9756,-50
1732,2,152899,155764,10,6591,-10115,1800
1733,2,152978,155764,10,7034,-8037,-821
1734,2,153058,155764,10,7091,-8367,1228
1735,2,153138,155764,10,5774,-7134,2205
1736,2,153217,155764,10,4755,-7254,2011
1737,2,153297,155764,10,4846,-7934,3225
1738,2,153376,155764,10,4862,-7968,2973
1739,2,153456,155764,10,4122,-7807,2753
1740,2,153536,155764,10,4003,-7678,3179
1741,2,153616,155764,10,3739,-7908,3105
1742,2,153695,155764,10,4125,-8159,3280
1743,2,153775,155764,10,3828,-8401,3356
1744,2,153855,155764,10,3711,-7989,3366
1745,2,153935,155764,10,3955,-8016,3775
1746,2,154014,155764,10,3960,-7747,3988
1747,2,154094,155764,10,3725,-7448,3792
1748,2,154174,155764,10,3828,-8004,3648
1749,2,154254,156826,10,4101,-7953,3653
1750,2,154334,156826,10,3699,-8025,3838
1751,2,154414,156826,10,3996,-8142,3742
1752,2,154494,156826,10,4187,-7786,3938
1753,2,154574,156826,10,4132,-7920,3577
1754,2,154654,156826,10,3972,-7879,3694
1755,2,154734,156826,10,4053,-7879,3720
1756,2,154814,156826,10,3948,-7726,3644
1757,2,154895,156826,10,3974,-7534,3787
1758,2,154975,156826,10,4144,-7810,3579
1759,2,155055,156826,10,4429,-7874,3538
1760,2,155135,156826,10,4692,-8121,3787
1761,2,155215,156826,10,4328,-7934,3541
1762,2,155295,156826,10,4379,-7812,3174
1763,2,155369,156826,10,4419,-7872,3378
1764,2,155449,156826,10,4506,-7788,3318
1765,2,155529,156826,10,4364,-7869,3490
1766,2,155609,156826,10,4376,-7757,3442
1767,2,155689,156826,10,4577,-7728,3296
1768,2,155769,156826,10,4249,-8097,3423
1769,2,155849,157830,10,4307,-7948,3174
1770,2,155929,157830,10,4304,-7893,3390
1771,2,156009,157830,10,4328,-7778,3342
1772,2,156089,157830,10,4537,-8030,3569
1773,2,156169,157830,10,4395,-7881,3447
1774,2,156249,157830,10,4218,-7776,3428
1775,2,156329,157830,10,4395,-7855,3421
1776,2,156408,157830,10,4510,-7881,3383
1777,2,156488,157830,10,4213,-7688,3505
1778,2,156568,157830,10,4142,-7829,3347
1779,2,156647,157830,10,4482,-7891,3234
1780,2,156727,157830,10,4283,-7977,3380
1781,2,156807,157830,10,4312,-7865,3347
1782,2,156887,157830,10,4300,-7922,3208
1783,2,156966,157830,10,4460,-7915,3189
1784,2,157046,157830,10,4381,-8073,3294
1785,2,157126,157830,10,4312,-8097,3251
1786,2,157205,157830,10,4362,-8047,3328
1787,2,157285,157830,10,4376,-7937,3299
1788,2,157365,157830,10,4508,-7946,3287
1789,2,157445,159836,10,4348,-7814,3272
1790,2,157525,159836,10,4211,-7865,3399
1791,2,157606,159836,10,4400,-7889,3373
1792,2,157686,159836,10,4448,-8068,3289
1793,2,157767,159836,10,4175,-7798,3332
1794,2,157847,159836,10,4280,-7767,3330
1795,2,157928,159836,10,4498,-8032,3198
1796,2,158008,159836,10,4424,-7994,3179
1797,2,158089,159836,10,4300,-7951,3438
1798,2,158169,159836,10,4302,-7790,3289
1799,2,158250,159836,10,4477,-7872,3289
1800,2,158330,159836,10,4364,-8032,3263
1801,2,158411,159836,10,4338,-8004,3294
1802,2,158493,159836,10,4477,-7707,3153
1803,2,158575,159836,10,4345,-7898,3342
1804,2,158657,159836,10,4484,-7932,3229
1805,2,158739,159836,10,4285,-7872,3430
1806,2,158821,159836,10,4122,-7929,3361
1807,2,158903,159836,10,4340,-7822,3330
1808,2,158984,159836,10,4321,-7915,3454
1809,2,159066,161843,10,4163,-7977,3524
1810,2,159148,161843,10,4331,-7800,3318
1811,2,159230,161843,10,4290,-7843,3490
1812,2,159312,161843,10,4338,-8001,3270
1813,2,159394,161843,10,4273,-7881,3368
1814,2,159454,161843,10,4367,-7786,3368
1815,2,159534,161843,10,4259,-7673,3330
1816,2,159614,161843,10,4429,-7913,3330
1817,2,159693,161843,10,4350,-7917,3282
1818,2,159773,161843,10,4338,-7767,3416
1819,2,159853,161843,10,4412,-7970,3272
1820,2,159932,161843,10,4292,-8063,3457
1821,2,160012,161843,10,4352,-7776,3414
1822,2,160092,161843,10,4185,-7721,3577
1823,2,160171,161843,10,4319,-7778,3490
1824,2,160251,161843,10,4508,-7903,3502
1825,2,160331,161843,10,4151,-7915,3617
1826,2,160411,161843,10,4168,-7738,3541
1827,2,160490,161843,10,4381,-7637,3591
1828,2,160570,161843,10,4465,-7958,3507
1829,2,160650,162845,10,4237,-7898,3531
1830,2,160729,162845,10,4290,-7802,3498
1831,2,160809,162845,10,4381,-7848,3517
1832,2,160889,162845,10,4462,-7810,3440
1833,2,160968,162845,10,4333,-7932,3459
1834,2,161048,162845,10,4304,-7939,3562
1835,2,161128,162845,10,4247,-7824,3507
1836,2,161207,162845,10,4448,-7795,3416
1837,2,161287,162845,10,4312,-7752,3529
1838,2,161367,162845,10,4422,-7743,3691
1839,2,161446,162845,10,4491,-7829,3387
1840,2,161526,162845,10,4158,-7527,3584
1841,2,161606,162845,10,4501,-7819,3797
1842,2,161686,162845,10,4510,-7664,3565
1843,2,161766,162845,10,4192,-7731,3766
1844,2,161846,162845,10,4338,-7740,3768
1845,2,161926,162845,10,4498,-7544,3608
1846,2,162006,162845,10,4381,-7587,3715
1847,2,162086,162845,10,4343,-7702,3751
1848,2,162166,162845,10,4367,-7771,3490
1849,2,162246,164854,10,4532,-7822,3644
1850,2,162326,164854,10,4484,-7764,3521
1851,2,162406,164854,10,4393,-7695,3438
1852,2,162486,164854,10,4446,-7850,3529
1853,2,162566,164854,10,4419,-7757,3483
1854,2,162646,164854,10,4587,-7829,3375
1855,2,162726,164854,10,4506,-7721,3474
1856,2,162807,164854,10,4302,-7599,3586
1857,2,162887,164854,10,4359,-7812,3596
1858,2,162967,164854,10,4465,-7877,3462
1859,2,163047,164854,10,4405,-7831,3627
1860,2,163128,164854,10,4498,-7877,2217
1861,2,163208,164854,10,4376,-7534,3193
1862,2,163288,164854,10,4498,-7802,3421
1863,2,163368,164854,10,4443,-8162,3577
1864,2,163449,164854,10,4228,-7656,3665
1865,2,163529,164854,10,4209,-7580,3744
1866,2,163609,164854,10,4429,-7649,3711
1867,2,163690,164854,10,4386,-7860,3608
1868,2,163770,164854,10,4338,-7848,3677
1869,2,163850,166887,10,4321,-7537,3648
1870,2,163931,166887,10,4482,-7676,3691
1871,2,164011,166887,10,4359,-7771,3701
1872,2,164091,166887,10,4400,-7738,3672
1873,2,164172,166887,10,4412,-7668,3670
1874,2,164252,166887,10,4283,-7726,3778
1875,2,164332,166887,10,4350,-7618,3632
1876,2,164413,166887,10,4498,-7652,3612
1877,2,164493,166887,10,4415,-7781,3660
1878,2,164573,166887,10,4343,-7647,3658
1879,2,164653,166887,10,4395,-7925,3641
1880,2,164734,166887,10,4297,-7611,3818
1881,2,164814,166887,10,4525,-7762,3699
1882,2,164894,166887,10,4455,-7807,3897
1883,2,164975,166887,10,4374,-7585,3962
1884,2,165055,166887,10,4257,-7472,3881
1885,2,165135,166887,10,4455,-7786,3787
1886,2,165216,166887,10,4391,-7728,3900
1887,2,165296,166887,10,4383,-7522,3993
1888,2,165376,166887,10,4446,-7544,3900
1889,2,165457,167884,10,4359,-7632,3890
1890,2,165537,167884,10,4348,-7541,3869
1891,2,165618,167884,10,4405,-7642,3964
1892,2,165698,167884,10,4388,-7767,3948
1893,2,165778,167884,10,4328,-7544,3878
1894,2,165859,167884,10,4486,-7518,3806
1895,2,165939,167884,10,4443,-7666,3900
1896,2,166020,167884,10,4326,-7455,3955
1897,2,166100,167884,10,4362,-7637,3964
1898,2,166180,167884,10,4367,-7692,3763
1899,2,166261,167884,10,4381,-7597,3972
1900,2,166341,167884,10,4424,-7620,3984
1901,2,166422,167884,10,4424,-7527,3787
1902,2,166502,167884,10,4391,-7642,3869
1903,2,166582,167884,10,4484,-7769,3718
1904,2,166662,167884,10,4364,-7609,3873
1905,2,166743,167884,10,4374,-7472,3823
1906,2,166823,167884,10,4508,-7599,3835
1907,2,166903,167884,10,4419,-7625,3984
1908,2,166984,167884,10,4515,-7740,3713
1909,2,167064,169891,10,4405,-7644,3773
1910,2,167144,169891,10,4359,-7553,3878
1911,2,167225,169891,10,4472,-7644,3893
1912,2,167305,169891,10,4472,-7515,3912
1913,2,167385,169891,10,4477,-7673,3818
1914,2,167466,169891,10,4338,-7427,3986
1915,2,167546,169891,10,4462,-7350,3818
1916,2,167626,169891,10,4448,-7831,3419
1917,2,167707,169891,10,4474,-7862,3835
1918,2,167787,169891,10,4429,-7632,3375
1919,2,167867,169891,10,4558,-7594,3483
1920,2,167948,169891,10,4460,-7800,3603
1921,2,168028,169891,10,4436,-7668,3538
1922,2,168108,169891,10,4570,-7853,3567
1923,2,168189,169891,10,4450,-7984,3340
1924,2,168269,169891,10,4517,-8068,3385
1925,2,168349,169891,10,4434,-7609,3210
1926,2,168430,169891,10,4517,-7862,3512
1927,2,168510,169891,10,4506,-7834,3284
1928,2,168590,169891,10,4616,-8291,3323
1929,2,168670,170895,10,4300,-7872,3596
1930,2,168751,170895,10,3931,-7592,3967
1931,2,168831,170895,10,3826,-7618,3897
1932,2,168911,170895,10,3940,-7848,3960
1933,2,168992,170895,10,4008,-7697,3833
1934,2,169072,170895,10,4015,-7719,3780
1935,2,169152,170895,10,3747,-7831,3675
1936,2,169233,170895,10,3924,-8202,3514
1937,2,169313,170895,10,4125,-8121,3739
1938,2,169393,170895,10,3991,-7939,3675
1939,2,169474,170895,10,3955,-7860,3735
1940,2,169554,170895,10,4019,-7970,3603
1941,2,169634,170895,10,4043,-7968,3620
1942,2,169715,170895,10,4043,-7944,3531
1943,2,169795,170895,10,3943,-8061,3627
1944,2,169875,170895,10,4091,-8073,3593
1945,2,169956,170895,10,4046,-7798,3498
1946,2,170036,170895,10,4022,-8135,3340
1947,2,170116,170895,10,4003,-8071,3313
1948,2,170197,170895,10,4031,-8018,3141
1949,2,170277,172930,10,3912,-8332,2868
1950,2,170357,172930,10,3950,-8226,2621
1951,2,170445,172930,10,4087,-8162,2513
1952,2,170525,172930,10,4187,-8047,2621
1953,2,170605,172930,10,4187,-8717,1795
1954,2,170685,172930,10,4278,-8190,1910
1955,2,170765,172930,10,4671,-8200,1834
1956,2,170845,172930,10,4491,-8257,1089
1957,2,170925,172930,10,4438,-8396,519
1958,2,171005,172930,10,4544,-8887,471
1959,2,171085,172930,10,4410,-8559,684
1960,2,171165,172930,10,4769,-8315,426
1961,2,171245,173300,10,5042,-9026,1261
1962,2,171325,173300,10,4661,-7843,1764
1963,2,171405,173300,10,4857,-8504,1558
1964,2,171485,173300,10,4953,-8346,1398
1965,2,171567,173300,10,4992,-8516,1247
1966,2,171648,173300,10,5047,-8209,1036
1967,2,171729,173300,10,4934,-8114,938
1968,2,171811,173300,10,5044,-8913,605
1969,2,171892,174460,10,4714,-8487,167
1970,2,171973,174460,10,5624,-8707,-320
1971,2,172055,174460,10,5600,-8743,-1752
1972,2,172136,174460,10,5221,-8633,-2755
1973,2,172217,174460,10,6086,-8430,-2592
1974,2,172299,174460,10,5044,-7781,-1386
1975,2,172380,174460,10,4836,-8159,-1300
1976,2,172462,174460,10,4920,-7307,-1573
1977,2,172541,174460,10,4254,-8071,-2657
1978,2,172620,174460,10,2461,-9988,-2540
1979,2,172699,174460,10,1182,-9826,-1774
1980,2,172778,174460,10,150,-9071,-1807
1981,2,172857,174460,10,-1276,-8947,-1738
1982,2,172936,174460,10,-2746,-8178,-2525
1983,2,173015,174460,10,-1276,-8363,-2542
1984,2,173094,174460,10,914,-9862,-2238
1985,2,173173,174460,10,1922,-9991,-2964
1986,2,173252,174460,10,1393,-9986,-2992
1987,2,173331,174460,10,509,-9452,-1874
1988,2,173410,174460,10,1424,-9308,-2511
1989,2,173510,175966,10,1558,-9117,-1616
1990,2,173590,175966,10,1596,-8885,-1606
1991,2,173671,175966,10,4089,-12526,-1843
1992,2,173751,175966,10,1551,-10051,-1347
1993,2,173831,175966,10,1999,-9862,-809
1994,2,173912,175966,10,3117,-8808,-663
1995,2,173992,175966,10,7759,-9131,-2619
1996,2,174073,175966,10,4110,-6976,-8502
1997,2,174153,175966,10,88,-10865,-6337
1998,2,174233,175966,10,-270,-6373,-629
1999,2,174314,175966,10,5597,-8284,6081
2000,2,174394,175966,10,6584,-131,4130
2001,2,174475,175966,10,5770,-9828,8322
2002,2,174555,175966,10,7934,-11648,6524
2003,2,174635,175966,10,6232,-8054,5344
2004,2,174715,175966,10,4951,-2909,7941
2005,2,174796,175966,10,7110,1601,10704
2006,2,174876,175966,10,4213,-383,9296
2007,2,174956,175966,10,2042,-2458,9117
2008,2,175036,175966,10,3823,-6035,8600
2009,2,175116,177973,10,2128,-3823,10058
2010,2,175197,177973,10,399,-5624,3014
2011,2,175277,177973,10,-936,-5688,-354
2012,2,175357,177973,10,-1204,-9610,-5561
2013,2,175437,177973,10,361,-8801,-5966
2014,2,175518,177973,10,2214,-9565,-3725
2015,2,175598,177973,10,6201,-12598,-708
2016,2,175678,177973,10,6823,-7436,3340
2017,2,175758,177973,10,5224,-6215,2217
2018,2,175839,177973,10,6869,-7824,1364
2019,2,175919,177973,10,7642,-7280,-1264
2020,2,175999,177973,10,9857,-7360,-1343
2021,2,176079,177973,10,12656,-11066,-1891
2022,2,176160,177973,10,9392,-7558,-1436
2023,2,176240,177973,10,8430,-5293,-1515
2024,2,176320,177973,10,7091,-3785,-914
2025,2,176400,177973,10,7108,-2717,-816
2026,2,176481,177973,10,6893,-2348,-533
2027,2,176561,177973,10,7711,-1850,-16
2028,2,176641,177973,10,9419,-2152,71
2029,2,176722,178977,10,9534,-2595,969
2030,2,176802,178977,10,8827,-3136,1620
2031,2,176883,178977,10,8145,-4185,1549
2032,2,176963,178977,10,8169,-4719,976
2033,2,177043,178977,10,7759,-5684,1359
2034,2,177124,178977,10,6900,-5997,1867
2035,2,177204,178977,10,7108,-8169,1932
2036,2,177285,178977,10,6929,-8274,1218
2037,2,177365,178977,10,7331,-8693,2205
2038,2,177445,178977,10,5631,-7252,1721
2039,2,177526,178977,10,6617,-8025,2116
2040,2,177606,178977,10,7209,-9941,2145
2041,2,177686,178977,10,6239,-7345,3076
2042,2,177766,178977,10,4467,-8435,3701
2043,2,177847,178977,10,2645,-10357,4065
2044,2,177927,178977,10,1834,-7987,4996
2045,2,178007,178977,10,1704,-5475,4400
2046,2,178087,178977,10,603,-5614,5291
2047,2,178168,178977,10,-770,-7333,6012
2048,2,178248,178977,10,-1750,-8224,6292
2049,2,178328,180984,10,-2135,-7228,5341
2050,2,178408,180984,10,-3653,-7010,6122
2051,2,178489,180984,10,-3914,-6900,6759
2052,2,178569,180984,10,-4012,-5502,6574
2053,2,178649,180984,10,-3909,-4534,7249
2054,2,178730,180984,10,-3311,-4022,5880
2055,2,178810,180984,10,-2389,-5794,5229
2056,2,178891,180984,10,-1922,-6284,5956
2057,2,178971,180984,10,-2885,-5226,6567
2058,2,179051,180984,10,-2449,-5743,7264
2059,2,179132,180984,10,-3514,-4221,8322
2060,2,179212,180984,10,-4189,-4110,8887
2061,2,179293,180984,10,-4175,-4743,8051
2062,2,179373,180984,10,-3806,-4984,6718
2063,2,179453,180984,10,-3883,-4893,7328
2064,2,179534,180984,10,-4328,-4690,7465
2065,2,179614,180984,10,-3737,-3976,7836
2066,2,179694,180984,10,-3057,-3000,8243
2067,2,179775,180984,10,-2988,-3979,7185
2068,2,179855,180984,10,-4855,-2846,7448
2069,2,179935,182049,10,-4601,-1225,7697
2070,2,180016,182049,10,-4628,-1039,7352
2071,2,180096,182049,10,-5339,-1369,8346
2072,2,180176,182049,10,-5162,-1783,8861
2073,2,180257,182049,10,-4939,-3071,7917
2074,2,180337,182049,10,-5135,-2178,8147
2075,2,180417,182049,10,-5454,-1127,8162
2076,2,180498,182049,10,-5221,-1266,8686
2077,2,180578,182049,10,-4857,-2411,8025
2078,2,180659,182049,10,-5401,-1934,8674
2079,2,180740,182049,10,-6684,-1924,8147
2080,2,180821,182049,10,-4494,-1956,7632
2081,2,180901,182049,10,-3478,-1173,8004
2082,2,180982,182049,10,-2988,-1922,8509
2083,2,181063,182049,10,-3759,-1482,8327
2084,2,181144,182049,10,-4218,-1683,8341
2085,2,181224,182049,10,-4415,-2284,8564
2086,2,181305,182049,10,-4197,-1386,8367
2087,2,181386,182049,10,-4441,-1783,8083
2088,2,181467,182049,10,-4896,-1549,8485
2089,2,181547,184057,10,-4886,-1549,8147
2090,2,181627,184057,10,-4812,-1561,8437
2091,2,181707,184057,10,-5068,-1319,8212
2092,2,181787,184057,10,-4982,-1683,8006
2093,2,181867,184057,10,-5382,-1790,8126
2094,2,181947,184057,10,-5095,-1798,8277
2095,2,182027,184057,10,-5423,-1850,8327
2096,2,182106,184057,10,-4831,-1283,8028
2097,2,182186,184057,10,-4213,-593,8530
2098,2,182266,184057,10,-3502,-1551,8509
2099,2,182346,184057,10,-3632,-1278,8822
2100,2,182426,184057,10,-3512,-876,8992
2101,2,182506,184057,10,-3656,-845,8930
2102,2,182586,184057,10,-3392,-802,8945
2103,2,182666,184057,10,-3715,-689,9103
2104,2,182746,184057,10,-2674,-948,8846
2105,2,182827,184057,10,-3454,-148,9648
2106,2,182907,184057,10,-2760,-385,7771
2107,2,182987,184057,10,-4122,-19,9091
2108,2,183068,184057,10,-4699,-294,7482
2109,2,183148,186063,10,-4498,-529,6996
2110,2,183228,186063,10,-5099,-414,8370
2111,2,183309,186063,10,-6189,565,7913
2112,2,183389,186063,10,-6943,2640,8372
2113,2,183469,186063,10,-6114,462,8619
2114,2,183549,186063,10,-5063,-605,6936
2115,2,183630,186063,10,-5585,-76,7254
2116,2,183710,186063,10,-5533,-620,7656
2117,2,183791,186063,10,-6091,26,8346
2118,2,183871,186063,10,-5260,-1163,7874
2119,2,183951,186063,10,-5183,-1302,8054
2120,2,184032,186063,10,-5250,-2011,8073
2121,2,184112,186063,10,-4692,-2731,8063
2122,2,184193,186063,10,-4769,-2602,7927
2123,2,184273,186063,10,-4359,-3031,8166
2124,2,184353,186063,10,-3340,-2973,8564
2125,2,184434,186063,10,-2911,-3091,7963
2126,2,184514,186063,10,-1824,-3354,6766
2127,2,184595,186063,10,-840,-2813,6246
2128,2,184675,186063,10,-1161,-52,3373
2129,2,184755,187066,10,660,-5516,4242
2130,2,184836,187066,10,4714,-6442,1132
2131,2,184916,187066,10,9826,-9847,-1139
2132,2,184996,187066,10,10884,-8976,-2329
2133,2,185077,187066,10,11140,-5770,-3531
2134,2,185157,187066,10,11645,-2935,-2276
2135,2,185237,187066,10,8583,-4996,-4879
2136,2,185318,187066,10,6256,-5502,-3311
2137,2,185398,187066,10,7419,-4467,-2377
2138,2,185478,187066,10,7029,-5765,-2037
2139,2,185558,187066,10,6933,-6397,-1558
2140,2,185639,187066,10,6876,-7668,-2664
2141,2,185719,187066,10,6751,-6438,-1644
2142,2,185799,187066,10,6941,-5815,-1221
2143,2,185880,187066,10,6838,-6201,-799
2144,2,185960,187066,10,7048,-6763,-1280
2145,2,186040,187066,10,6680,-6454,-751
2146,2,186121,187066,10,6780,-7048,-866
2147,2,186201,187066,10,6723,-7027,-1218
2148,2,186281,187066,10,6555,-7362,-1367
2149,2,186362,189099,10,6375,-6385,-225
2150,2,186442,189099,10,6861,-6373,-952
2151,2,186522,189099,10,6897,-8308,-1946
2152,2,186603,189099,10,6167,-7039,-1623
2153,2,186683,189099,10,6093,-7190,-1453
2154,2,186763,189099,10,6122,-6976,-1347
2155,2,186844,189099,10,6330,-7386,-1161
2156,2,186924,189099,10,6160,-7371,-1355
2157,2,187004,189099,10,6165,-7532,-1367
2158,2,187085,189099,10,5976,-7486,-972
2159,2,187165,189100,10,6052,-7587,-1197
2160,2,187245,189100,10,6217,-7405,-1513
2161,2,187326,189100,10,6390,-6627,-1017
2162,2,187406,189100,10,6538,-7161,-1034
2163,2,187486,189100,10,6213,-7331,-950
2164,2,187566,189100,10,6421,-7719,-943
2165,2,187647,189100,10,6495,-7063,-991
2166,2,187728,189100,10,6172,-7498,-1424
2167,2,187808,189100,10,6826,-7343,-926
2168,2,187889,189100,10,6342,-7609,-1031
2169,2,187969,190099,10,6605,-7192,-950
2170,2,188050,190099,10,6584,-6785,-1455
2171,2,188130,190099,10,6462,-6715,-1091
2172,2,188211,190099,10,6680,-7151,-569
2173,2,188292,190099,10,6529,-7556,-1034
2174,2,188372,190099,10,6304,-7276,-1185
2175,2,188453,190099,10,6325,-6943,-921
2176,2,188533,190099,10,6708,-7113,-1161
2177,2,188614,190099,10,6809,-6950,-744
2178,2,188694,190099,10,6634,-6902,-881
2179,2,188774,190099,10,6375,-7343,-1371
2180,2,188854,190099,10,6215,-7395,-1606
2181,2,188934,190099,10,6215,-7676,-1316
2182,2,189014,190099,10,6095,-7008,-1149
2183,2,189094,190099,10,6189,-7077,-1132
2184,2,189175,190099,10,6126,-7321,-1467
2185,2,189255,190099,10,5842,-7580,-1671
2186,2,189335,190099,10,5851,-7537,-1592
2187,2,189415,190099,10,5822,-7872,-1735
2188,2,189495,190099,10,5695,-7479,-1450
2189,2,189575,192107,10,5707,-7685,-505
2190,2,189656,192107,10,6038,-7848,-519
2191,2,189736,192107,10,5698,-7654,-1316
2192,2,189816,192107,10,6270,-8396,-668
2193,2,189896,192107,10,6998,-5068,488
2194,2,189976,192107,10,8727,-11619,1017
2195,2,190056,192107,10,7685,-6265,4257
2196,2,190137,192107,10,7458,-11590,5178
2197,2,190217,192107,10,3945,-10213,5135
2198,2,190297,192107,10,3581,-7802,4185
2199,2,190377,192107,10,3210,-4515,-339
2200,2,190457,192107,10,2109,-5310,-708
2201,2,190537,192107,10,1877,-6356,3493
2202,2,190618,192107,10,3897,-6380,7225
2203,2,190698,192107,10,3203,-9739,9404
2204,2,190778,192107,10,1285,-12316,7106
2205,2,190859,192107,10,-1309,-9177,6584
2206,2,190939,192107,10,-3579,-2358,6538
2207,2,191020,192107,10,-4486,-4922,5686
2208,2,191100,192107,10,-6263,-1697,6428
2209,2,191180,194115,10,-5334,502,7213
2210,2,191261,194115,10,-2640,-1015,7503
2211,2,191341,194115,10,-1946,-2442,7836
2212,2,191422,194115,10,-1776,-1884,7491
2213,2,191502,194115,10,-3524,-1589,7738
2214,2,191582,194115,10,-3193,-1874,8341
2215,2,191663,194115,10,-2384,-3256,8870
2216,2,191743,194115,10,-2434,-3086,6416
2217,2,191823,194115,10,-2652,-1163,6205
2218,2,191904,194115,10,-3929,-5887,2657
2219,2,191984,194115,10,-4855,-6893,268
2220,2,192064,194115,10,-6055,-9459,-1546
2221,2,192145,194115,10,-5672,-7858,-1982
2222,2,192225,194115,10,-5789,-9263,-3091
2223,2,192305,194115,10,-5458,-7989,-859
2224,2,192386,194115,10,-5260,-7860,-354
2225,2,192466,194115,10,-5286,-8609,-960
2226,2,192546,194115,10,-5059,-7944,-897
2227,2,192627,194115,10,-4948,-8035,-1357
2228,2,192707,194115,10,-4846,-8346,-1400
2229,2,192787,195118,10,-4755,-7903,-1051
2230,2,192867,195118,10,-4316,-8669,-81
2231,2,192948,195118,10,-4297,-8344,-1529
2232,2,193028,195118,10,-4106,-8379,-718
2233,2,193108,195118,10,-4431,-8233,-988
2234,2,193189,195118,10,-4273,-8770,-1386
2235,2,193269,195118,10,-4257,-8104,-1419
2236,2,193349,195118,10,-4415,-8391,-1810
2237,2,193430,195118,10,-4410,-8071,-1826
2238,2,193510,195118,10,-4474,-8327,-2147
2239,2,193590,195118,10,-4091,-7915,-1606
2240,2,193671,195118,10,-3363,-8456,-1671
2241,2,193751,195118,10,-2856,-7446,-1731
2242,2,193832,195118,10,-2537,-8947,-2238
2243,2,193912,195118,10,-2061,-8880,-1917
2244,2,193992,195118,10,-1924,-9665,-2818
2245,2,194073,195118,10,-1738,-9653,-2739
2246,2,194153,195118,10,-1750,-9375,-2451
2247,2,194234,195118,10,-1309,-10530,-3067
2248,2,194314,195118,10,-785,-9548,-3141
2249,2,194394,197124,10,-385,-9536,-2932
2250,2,194475,197124,10,-581,-8648,-2114
2251,2,194555,197124,10,-1151,-9136,-2525
2252,2,194636,197124,10,-1328,-8865,-2011
2253,2,194716,197124,10,-1608,-9476,-1819
2254,2,194796,197124,10,-2284,-9136,-2964
2255,2,194876,197124,10,-2667,-9292,-2925
2256,2,194957,197124,10,-2437,-9115,-3335
2257,2,195037,197124,10,-952,-8540,-3763
2258,2,195117,197124,10,-699,-8863,-3842
2259,2,195198,197124,10,-675,-8746,-3727
2260,2,195278,197124,10,-474,-9071,-3775
2261,2,195358,197124,10,-720,-8435,-3553
2262,2,195439,197124,10,-744,-8921,-3498
2263,2,195519,197124,10,-313,-8849,-3691
2264,2,195599,197124,10,-660,-8703,-4079
2265,2,195680,197124,10,-627,-8798,-3756
2266,2,195760,197124,10,-871,-9270,-3955
2267,2,195840,197124,10,-754,-9514,-3883
2268,2,195921,197124,10,-1221,-8406,-3917
2269,3,196563,198215,1,1120,509,9639
2270,3,196583,198215,1,991,897,10125
2271,3,196603,198215,1,871,1175,9598
2272,3,196523,198215,1,1139,1173,8784
2273,3,196543,198215,1,1063,368,8887
2274,3,196623,198215,1,668,826,8968
2275,3,196644,198215,1,644,627,8937
2276,3,196664,198215,1,675,639,9718
2277,3,196684,198215,1,577,411,10072
2278,3,196704,198215,1,268,351,10163
2279,3,196724,198215,1,342,153,9591
2280,3,196744,198215,1,316,-234,9356
2281,3,196764,198215,1,153,421,9797
2282,3,196784,198215,1,198,476,9988
2283,3,196804,198215,1,270,454,9759
2284,3,196824,198215,1,-43,-45,9402
2285,3,196844,198215,1,162,404,9739
2286,3,196864,198215,1,311,256,9902
2287,3,196964,198215,1,416,-517,9459
2288,3,196985,198215,1,119,-519,9476
2289,3,197025,198215,1,778,-299,10067
2290,3,197045,198215,1,996,2,9986
2291,3,197065,198215,1,438,-351,9680
2292,3,197085,198215,1,241,-4,9665
2293,3,197105,198215,1,35,809,10218
2294,3,197125,198215,1,50,495,10290
2295,3,197145,198215,1,-74,31,9979
2296,3,197165,198215,1,193,38,9912
2297,3,197185,198215,1,802,-38,9917
2298,3,197205,198215,1,531,-433,9979
2299,3,197225,198215,1,785,-433,10029
2300,3,197245,198215,1,936,-280,10111
2301,3,197265,198215,1,122,-797,9366
2302,3,197285,198215,1,955,-660,9569
2303,3,197305,198215,1,1101,-311,9512
2304,3,197326,198215,1,1256,-668,9747
2305,3,197346,198215,1,469,-993,9275
2306,3,197366,198215,1,1024,-282,9399
2307,3,197386,198215,1,620,-105,9002
2308,3,197406,198215,1,797,-158,9081
2309,3,197426,198215,1,881,-409,9481
2310,3,197446,198215,1,1063,-682,9454
2311,3,197466,198215,1,684,-519,9395
2312,3,197486,198215,1,246,-330,9574
2313,3,197506,198215,1,354,-83,9730
2314,3,197526,198664,1,1525,418,10032
2315,3,197546,198664,1,1987,-407,9993
2316,3,197566,198664,1,316,-256,9277
2317,3,197586,198664,1,-1139,-330,9672
2318,3,197606,198664,1,359,-308,9783
2319,3,197626,198664,1,227,-126,9560
2320,3,197647,198664,1,-16,818,9881
2321,3,197667,198664,1,-447,1118,10005
2322,3,197687,198664,1,409,1913,10611
2323,3,197707,198664,1,627,2255,10793
2324,3,197727,198664,1,996,1723,10247
2325,3,197747,198664,1,-888,1759,10467
2326,3,197767,198664,1,-86,1233,10264
2327,3,197788,198664,1,418,-936,9502
2328,3,197808,198664,1,2382,-2439,10391
2329,3,197828,198664,1,1249,-1687,8887
2330,3,197848,198664,1,-565,-268,9299
2331,3,197868,198664,1,35,-110,9385
2332,3,197888,198664,1,588,-404,9368
2333,3,197908,198664,1,598,-627,9601
2334,3,197929,198664,1,1151,-830,9443
2335,3,197949,198664,1,-203,-148,10170
2336,3,197969,198664,1,-43,857,10182
2337,3,197989,198664,1,385,737,9905
2338,3,198009,198664,1,328,263,9608
2339,3,198029,198664,1,265,249,9562
2340,3,198049,198664,1,311,124,9739
2341,3,198070,198664,1,289,284,9775
2342,3,198090,198664,1,150,433,9708
2343,3,198110,198664,1,191,179,9548
2344,3,198130,198664,1,227,35,9553
2345,3,198150,198664,1,210,47,9703
2346,3,198170,198664,1,179,-2,9778
2347,3,198190,198664,1,153,196,9766
2348,3,198211,198664,1,28,237,9605
2349,3,198231,198664,1,-28,124,9589
2350,3,198251,198664,1,-23,-47,9778
2351,3,198271,198664,1,-7,301,9864
2352,3,198291,198664,1,21,397,9780
2353,3,198311,198664,1,143,165,9629
2354,3,198331,198664,1,129,246,9806
2355,3,198351,198664,1,129,296,9991
2356,3,198372,198664,1,191,337,9933
2357,3,198392,198664,1,246,141,9610
2358,3,198412,198664,1,251,-81,9651
2359,3,198432,198664,1,208,418,9713
2360,3,198452,198664,1,155,727,9605
2361,3,198472,198664,1,225,418,9395
2362,3,198492,198664,1,265,246,9469
2363,3,198513,198664,1,38,-21,9847
2364,3,198533,199678,1,57,-179,9806
2365,3,198553,199678,1,150,-696,9948
2366,3,198573,199678,1,-81,-481,9974
2367,3,198593,199678,1,-143,-76,9821
2368,3,198613,199678,1,-146,-330,9648
2369,3,198633,199678,1,-2,-102,9802
2370,3,198653,199678,1,-59,-146,9730
2371,3,198674,199678,1,0,-495,9804
2372,3,198694,199678,1,100,-318,9749
2373,3,198714,199678,1,-90,-524,9766
2374,3,198734,199678,1,-43,-74,9845
2375,3,198754,199678,1,-114,79,9586
2376,3,198774,199678,1,33,-52,9589
2377,3,198794,199678,1,16,-119,9670
2378,3,198814,199678,1,-136,208,9725
2379,3,198834,199678,1,-138,38,9622
2380,3,198854,199678,1,-11,-256,9579
2381,3,198874,199678,1,43,-198,9636
2382,3,198894,199678,1,-4,-119,9706
2383,3,198914,199678,1,-52,-205,9737
2384,3,198934,199678,1,50,-256,9766
2385,3,198954,199678,1,98,-344,9773
2386,3,198974,199678,1,162,-165,9792
2387,3,198994,199678,1,162,-232,9766
2388,3,199014,199678,1,129,-45,9809
2389,3,199034,199678,1,158,-203,10036
2390,3,199054,199678,1,287,-2,9948
2391,3,199074,199678,1,289,-488,9629
2392,3,199094,199678,1,234,-646,9797
2393,3,199114,199678,1,165,59,9941
2394,3,199134,199678,1,-14,399,9802
2395,3,199154,199678,1,40,83,9545
2396,3,199175,199678,1,189,-280,9545
2397,3,199195,199678,1,119,-62,9557
2398,3,199215,199678,1,47,-105,9689
2399,3,199235,199678,1,112,318,9591
2400,3,199255,199678,1,141,423,9251
2401,3,199275,199678,1,220,107,8628
2402,3,199295,199678,1,213,141,8590
2403,3,199315,199678,1,-107,390,8777
2404,3,199335,199678,1,-304,213,9201
2405,3,199355,199678,1,-193,-169,9732
2406,3,199375,199678,1,-181,-14,9474
2407,3,199395,199678,1,-272,-816,9122
2408,3,199415,199679,1,81,-239,9402
2409,3,199435,199679,1,-205,380,9589
2410,3,199455,199679,1,-313,95,9833
2411,3,199475,199679,1,-172,-225,9926
2412,3,199495,199679,1,-114,-507,10125
2413,3,199515,199679,1,-205,-536,9945
2414,3,199535,200675,1,-162,-711,9969
2415,3,199555,200675,1,-143,-512,9869
2416,3,199575,200675,1,-220,71,9469
2417,3,199595,200675,1,-191,605,8652
2418,3,199615,200675,1,-316,1446,8092
2419,3,199635,200675,1,-514,1642,7211
2420,3,199655,200675,1,-375,957,6392
2421,3,199676,200675,1,-184,-816,6634
2422,3,199696,200675,1,-122,-3390,6431
2423,3,199716,200675,1,284,-6423,4783
2424,3,199736,200675,1,-268,-8851,2473
2425,3,199756,200675,1,-708,-10221,1666
2426,3,199776,200675,1,-986,-10156,2159
2427,3,199796,200675,1,-1015,-8614,1067
2428,3,199816,200675,1,-1719,-12296,-5116
2429,3,199836,200675,1,-2209,-18866,-5506
2430,3,199856,200675,1,-1668,-14909,-2712
2431,3,199876,200675,1,-1788,-8782,-3268
2432,3,199896,200675,1,-2595,-8190,-3569
2433,3,199916,200675,1,-2130,-10994,-3900
2434,3,199937,200676,1,-1549,-11463,-4029
2435,3,199957,200676,1,-1319,-9273,-3926
2436,3,199977,200676,1,-1268,-8181,-3648
2437,3,199997,200676,1,-1505,-8837,-3749
2438,3,200017,200676,1,-1728,-9126,-4048
2439,3,200037,200676,1,-1484,-8600,-4158
2440,3,200057,200676,1,-1209,-8748,-4288
2441,3,200077,200676,1,-1158,-9158,-4295
2442,3,200097,200676,1,-1388,-8856,-4094
2443,3,200117,200676,1,-1565,-8449,-4041
2444,3,200137,200676,1,-1549,-8322,-4122
2445,3,200157,200676,1,-1486,-8444,-4257
2446,3,200178,200676,1,-1352,-8468,-4137
2447,3,200198,200676,1,-1364,-8523,-3974
2448,3,200218,200676,1,-1357,-8557,-4101
2449,3,200238,200676,1,-1398,-8844,-4103
2450,3,200258,200676,1,-1316,-8899,-3984
2451,3,200278,200676,1,-1187,-8846,-4019
2452,3,200298,200676,1,-1113,-8652,-4017
2453,3,200318,200676,1,-1302,-8813,-4053
2454,3,200338,200676,1,-1379,-8877,-4022
2455,3,200358,200676,1,-1319,-8822,-3747
2456,3,200378,200676,1,-1110,-8930,-3926
2457,3,200398,200676,1,-1060,-9074,-3775
2458,3,200418,200676,1,-1070,-8779,-3708
2459,3,200439,200676,1,-1118,-8530,-3550
2460,3,200459,200676,1,-1273,-8559,-3316
2461,3,200479,200676,1,-1326,-8537,-3402
2462,3,200499,200676,1,-1156,-8782,-3603
2463,3,200519,200676,1,-1055,-8949,-3593
2464,3,200539,201691,1,-1170,-8770,-3593
2465,3,200559,201691,1,-1144,-8729,-3541
2466,3,200579,201691,1,-1053,-8818,-3589
2467,3,200599,201691,1,-1108,-8693,-3641
2468,3,200619,201691,1,-1096,-8786,-3651
2469,3,200639,201691,1,-907,-8956,-3672
2470,3,200659,201691,1,-878,-8889,-3529
2471,3,200680,201691,1,-936,-8854,-3378
2472,3,200700,201691,1,-782,-8746,-3521
2473,3,200720,201691,1,-665,-8731,-3510
2474,3,200740,201691,1,-608,-8770,-3555
2475,3,200760,201691,1,-476,-8973,-3648
2476,3,200780,201691,1,-325,-9115,-3541
2477,3,200800,201691,1,-256,-9241,-3469
2478,3,200820,201691,1,-124,-9387,-3706
2479,3,200840,201691,1,119,-9603,-3689
2480,3,200860,201691,1,304,-9699,-3711
2481,3,200881,201691,1,284,-9543,-3421
2482,3,200901,201691,1,55,-9170,-2921
2483,3,200921,201691,1,-67,-8830,-2861
2484,3,200941,201691,1,74,-8772,-2894
2485,3,200961,201691,1,203,-8877,-3002
2486,3,200981,201691,1,193,-9136,-3098
2487,3,201001,201691,1,55,-9364,-3059
2488,3,201021,201691,1,208,-9035,-2985
2489,3,201041,201691,1,306,-8909,-2863
2490,3,201061,201691,1,210,-9237,-2810
2491,3,201082,201691,1,100,-9431,-3062
2492,3,201102,201691,1,244,-9246,-3110
2493,3,201122,201691,1,208,-9110,-2846
2494,3,201142,201691,1,71,-8937,-2652
2495,3,201162,201691,1,-11,-9035,-2597
2496,3,201182,201691,1,-83,-9107,-2652
2497,3,201202,201691,1,-59,-8916,-2590
2498,3,201222,201691,1,-148,-8964,-2664
2499,3,201242,201691,1,-361,-9007,-2600
2500,3,201262,201691,1,-373,-9124,-2559
2501,3,201283,201691,1,-347,-9318,-2739
2502,3,201303,201691,1,-392,-9246,-2695
2503,3,201323,201691,1,-550,-9033,-2619
2504,3,201343,201691,1,-703,-8648,-2600
2505,3,201363,201691,1,-756,-8430,-2490
2506,3,201383,201691,1,-794,-8475,-2578
2507,3,201403,201691,1,-1053,-8882,-2846
2508,3,201423,201691,1,-1110,-8964,-2834
2509,3,201443,201691,1,-1019,-8854,-2751
2510,3,201463,201692,1,-1000,-8633,-2830
2511,3,201484,201692,1,-952,-8798,-3162
2512,3,201504,201692,1,-775,-8892,-3052
2513,3,201524,201692,1,-730,-8533,-2652
2514,3,201544,202687,1,-694,-8526,-2672
2515,3,201564,202687,1,-538,-8803,-2839
2516,3,201584,202687,1,-555,-9045,-2604
2517,3,201604,202687,1,-517,-8839,-2928
2518,3,201624,202687,1,-380,-8413,-2834
2519,3,201644,202687,1,-79,-9234,-2956
2520,3,201664,202687,1,-251,-10063,-2621
2521,3,201685,202687,1,-35,-9287,-1927
2522,3,201705,202687,1,-421,-10130,-2710
2523,3,201725,202687,1,-466,-9615,-1721
2524,3,201745,202687,1,-330,-8509,-1812
2525,3,201765,202687,1,-306,-8107,-2164
2526,3,201785,202687,1,-375,-8854,-2707
2527,3,201805,202687,1,-452,-10063,-2700
2528,3,201825,202687,1,-545,-9445,-2027
2529,3,201845,202687,1,-735,-8877,-1843
2530,3,201865,202687,1,-572,-9306,-2169
2531,3,201885,202687,1,-399,-9598,-2722
2532,3,201905,202687,1,-306,-9608,-3117
2533,3,201925,202687,1,-409,-9591,-3059
2534,3,201945,202687,1,-325,-9153,-2837
2535,3,201965,202687,1,-423,-8717,-2774
2536,3,201985,202687,1,-493,-8590,-2983
2537,3,202005,202687,1,-567,-8605,-3409
2538,3,202026,202687,1,-742,-8655,-3720
2539,3,202046,202687,1,-893,-8818,-3885
2540,3,202066,202687,1,-976,-8775,-4077
2541,3,202086,202687,1,-773,-8571,-4137
2542,3,202106,202687,1,-723,-8231,-4067
2543,3,202126,202687,1,-917,-8372,-4173
2544,3,202146,202687,1,-945,-8186,-4517
2545,3,202166,202687,1,-1075,-8300,-4676
2546,3,202186,202687,1,-1084,-8336,-4716
2547,3,202206,202687,1,-1180,-8509,-4680
2548,3,202226,202687,1,-1197,-8566,-4846
2549,3,202246,202687,1,-1101,-8652,-4867
2550,3,202266,202687,1,-948,-8842,-5171
2551,3,202286,202687,1,-845,-9184,-5442
2552,3,202306,202687,1,-814,-9349,-5315
2553,3,202326,202687,1,-723,-9253,-5183
2554,3,202346,202687,1,-672,-9143,-5336
2555,3,202367,202687,1,-713,-8796,-4989
2556,3,202387,202687,1,-864,-8432,-4728
2557,3,202407,202687,1,-996,-8487,-4632
2558,3,202427,202687,1,-816,-8408,-4352
2559,3,202447,202687,1,-905,-8095,-4082
2560,3,202467,202688,1,-1115,-8080,-4336
2561,3,202487,202688,1,-1297,-8468,-4649
2562,3,202507,202688,1,-1256,-8485,-4613
2563,3,202527,202688,1,-1185,-8367,-4357
2564,3,202547,203684,1,-1127,-8277,-4249
2565,3,202567,203684,1,-768,-8248,-4355
2566,3,202587,203684,1,-447,-8437,-3878
2567,3,202607,203684,1,-399,-8605,-4065
2568,3,202627,203684,1,-656,-8827,-4517
2569,3,202647,203684,1,-1043,-9258,-4561
2570,3,202667,203684,1,-984,-9186,-4400
2571,3,202688,203684,1,-574,-8633,-3917
2572,3,202708,203684,1,-579,-8600,-4221
2573,3,202728,203684,1,-639,-8875,-4453
2574,3,202748,203684,1,-421,-9083,-4096
2575,3,202768,203684,1,-155,-8832,-4015
2576,3,202788,203684,1,-251,-8755,-3538
2577,3,202808,203684,1,-136,-8813,-3557
2578,3,202828,203684,1,359,-8988,-4340
2579,3,202848,203684,1,756,-8892,-4850
2580,3,202868,203684,1,500,-8803,-4549
2581,3,202888,203684,1,325,-8475,-4491
2582,3,202908,203684,1,658,-8753,-4242
2583,3,202928,203684,1,1089,-8925,-3718
2584,3,202949,203684,1,1223,-8435,-3471
2585,3,202969,203684,1,1362,-8679,-3383
2586,3,202989,203684,1,1489,-9335,-3538
2587,3,203009,203684,1,1386,-9431,-3193
2588,3,203029,203684,1,1204,-8600,-2490
2589,3,203049,203684,1,928,-8044,-2434
2590,3,203069,203684,1,804,-8873,-2985
2591,3,203089,203684,1,593,-9220,-3330
2592,3,203109,203684,1,402,-8966,-3402
2593,3,203129,203684,1,306,-9172,-2985
2594,3,203149,203684,1,387,-9158,-2650
2595,3,203169,203684,1,586,-8988,-2612
2596,3,203190,203684,1,902,-8621,-2140
2597,3,203210,203684,1,1319,-7946,-852
2598,3,203230,203684,1,1422,-8059,-1652
2599,3,203250,203684,1,1125,-9141,-1850
2600,3,203270,203684,1,1070,-9579,-1996
2601,3,203290,203684,1,928,-9653,-2439
2602,3,203310,203684,1,792,-9737,-2133
2603,3,203330,203684,1,395,-9538,-1819
2604,3,203350,203684,1,213,-9296,-2049
2605,3,203370,203684,1,129,-9399,-2159
2606,3,203390,203684,1,126,-9411,-2288
2607,3,203410,203684,1,47,-9438,-2221
2608,3,203430,203684,1,62,-8949,-2317
2609,3,203451,203684,1,52,-8676,-2241
2610,3,203471,203684,1,102,-8796,-1913
2611,3,203491,203684,1,114,-9313,-2461
2612,3,203511,203684,1,-150,-9438,-2379
2613,3,203531,203684,1,-95,-8748,-2253
2614,3,203551,204700,1,-184,-8662,-2317
2615,3,203571,204700,1,-296,-8585,-2454
2616,3,203591,204700,1,-363,-8731,-2674
2617,3,203611,204700,1,-335,-9122,-2719
2618,3,203631,204700,1,-210,-9280,-2964
2619,3,203651,204700,1,-165,-9361,-2942
2620,3,203671,204700,1,-181,-9330,-2801
2621,3,203692,204700,1,-270,-9016,-3004
2622,3,203712,204700,1,-294,-9249,-3110
2623,3,203732,204700,1,-146,-9265,-3174
2624,3,203752,204700,1,-40,-8796,-3301
2625,3,203772,204700,1,-14,-8834,-3433
2626,3,203792,204700,1,-232,-8964,-3584
2627,3,203812,204700,1,-292,-8918,-3148
2628,3,203832,204700,1,-229,-8370,-2856
2629,3,203852,204700,1,-756,-8885,-3160
2630,3,203872,204700,1,-905,-10427,-4142
2631,3,203892,204700,1,124,-11377,-3732
2632,3,203912,204700,1,1944,-9356,-2387
2633,3,203932,204700,1,744,-8583,-2609
2634,3,203953,204701,1,-215,-8595,-2475
2635,3,203973,204701,1,-16,-8334,-3215
2636,3,203993,204701,1,-59,-8865,-3342
2637,3,204013,204701,1,-725,-9502,-3502
2638,3,204033,204701,1,-1024,-9670,-3670
2639,3,204053,204701,1,-586,-9375,-3699
2640,3,204073,204701,1,-203,-9136,-3773
2641,3,204093,204701,1,-203,-9622,-3962
2642,3,204113,204701,1,-148,-9984,-4149
2643,3,204133,204701,1,67,-9730,-4304
2644,3,204153,204701,1,50,-9155,-4197
2645,3,204173,204701,1,-9,-8557,-3668
2646,3,204194,204701,1,-277,-8135,-3069
2647,3,204214,204701,1,-462,-7783,-2810
2648,3,204234,204701,1,-495,-7858,-2818
2649,3,204254,204701,1,-404,-8193,-2949
2650,3,204274,204701,1,-509,-8494,-2794
2651,3,204294,204701,1,-553,-8466,-2846
2652,3,204314,204701,1,-560,-8377,-2858
2653,3,204334,204701,1,-581,-8482,-3098
2654,3,204354,204701,1,-562,-8631,-3023
2655,3,204374,204701,1,-308,-8945,-3014
2656,3,204394,204701,1,160,-9364,-2839
2657,3,204414,204701,1,869,-9452,-2870
2658,3,204434,204701,1,1216,-9134,-2188
2659,3,204455,204701,1,1608,-9268,-1601
2660,3,204475,204701,1,1829,-9897,-1350
2661,3,204495,204701,1,2023,-10027,-926
2662,3,204515,204701,1,2456,-9948,-708
2663,3,204535,204701,1,2662,-10496,-988
2664,3,204555,205697,1,3110,-10905,-1845
2665,3,204575,205697,1,3107,-10719,-1853
2666,3,204595,205697,1,2480,-10137,-1563
2667,3,204615,205697,1,1975,-10010,-895
2668,3,204635,205697,1,1709,-10371,-1041
2669,3,204655,205697,1,1498,-10441,-1494
2670,3,204675,205697,1,1637,-10498,-1872
2671,3,204696,205697,1,2042,-10664,-2329
2672,3,204716,205697,1,2276,-10398,-2073
2673,3,204736,205697,1,2123,-9610,-2365
2674,3,204756,205697,1,1917,-9045,-2408
2675,3,204776,205697,1,1783,-8806,-2157
2676,3,204796,205697,1,1848,-8858,-2190
2677,3,204816,205697,1,1905,-8810,-2269
2678,3,204836,205697,1,2037,-8605,-2269
2679,3,204856,205697,1,2049,-8621,-2291
2680,3,204876,205697,1,1910,-8482,-2066
2681,3,204896,205697,1,1778,-8281,-1824
2682,3,204916,205697,1,1695,-8243,-1738
2683,3,204936,205697,1,1422,-8384,-1759
2684,3,204957,205697,1,1376,-8715,-1537
2685,3,204977,205697,1,1625,-8870,-1407
2686,3,204997,205697,1,1654,-8803,-1127
2687,3,205017,205697,1,1611,-8779,-835
2688,3,205037,205697,1,1762,-8861,-495
2689,3,205057,205697,1,1668,-8870,-433
2690,3,205077,205697,1,1438,-8901,-368
2691,3,205097,205697,1,1415,-9083,-275
2692,3,205117,205697,1,1484,-9146,-433
2693,3,205137,205697,1,1549,-9186,-423
2694,3,205157,205697,1,1649,-9253,-440
2695,3,205177,205698,1,1802,-9277,-356
2696,3,205198,205698,1,1963,-9493,-356
2697,3,205218,205698,1,2121,-9830,-239
2698,3,205238,205698,1,2078,-9890,-102
2699,3,205258,205698,1,2047,-9744,-129
2700,3,205278,205698,1,2217,-9785,-263
2701,3,205298,205698,1,2260,-9636,-454
2702,3,205318,205698,1,2300,-9613,-430
2703,3,205338,205698,1,2387,-9586,-356
2704,3,205358,205698,1,2320,-9665,-102
2705,3,205378,205698,1,2106,-9462,-167
2706,3,205398,205698,1,1927,-9253,-407
2707,3,205418,205698,1,1920,-9045,-553
2708,3,205438,205698,1,1960,-9016,-600
2709,3,205459,205698,1,2059,-9182,-474
2710,3,205479,205698,1,2128,-9471,-378
2711,3,205499,205698,1,1963,-9375,-656
2712,3,205519,205698,1,1817,-9167,-967
2713,3,205539,205698,1,1800,-9158,-940
2714,3,205559,206692,1,2008,-9237,-596
2715,3,205579,206692,1,2233,-9471,-375
2716,3,205599,206692,1,2360,-9857,-498
2717,3,205619,206692,1,2382,-9598,-361
2718,3,205639,206692,1,2355,-9205,-265
2719,3,205659,206692,1,2396,-8995,-253
2720,3,205679,206692,1,2353,-9093,-124
2721,3,205700,206692,1,2312,-9100,-189
2722,3,205720,206692,1,2535,-9086,-117
2723,3,205740,206692,1,2676,-8815,-59
2724,3,205760,206692,1,2552,-8676,-21
2725,3,205780,206692,1,2351,-8590,-26
2726,3,205800,206692,1,2389,-8547,47
2727,3,205820,206692,1,2549,-8619,-86
2728,3,205840,206692,1,2604,-8626,26
2729,3,205860,206692,1,2542,-8411,88
2730,3,205880,206693,1,2530,-8169,90
2731,3,205900,206693,1,2667,-8071,62
2732,3,205920,206693,1,2801,-8384,-40
2733,3,205940,206693,1,2921,-8736,-258
2734,3,205961,206693,1,3198,-8842,-428
2735,3,205981,206693,1,3368,-8739,-423
2736,3,206001,206693,1,3380,-8406,-249
2737,3,206021,206693,1,3512,-8339,-225
2738,3,206041,206693,1,3541,-8741,-416
2739,3,206061,206693,1,3608,-9217,-622
2740,3,206081,206693,1,3739,-9409,-727
2741,3,206101,206693,1,3976,-9313,-869
2742,3,206121,206693,1,4070,-9165,-955
2743,3,206141,206693,1,4079,-9155,-1087
2744,3,206161,206693,1,4477,-9395,-1065
2745,3,206181,206693,1,4733,-9663,-1529
2746,3,206202,206693,1,4479,-9383,-1757
2747,3,206222,206693,1,3871,-8734,-1819
2748,3,206242,206693,1,3270,-8432,-1757
2749,3,206262,206693,1,2930,-8719,-1726
2750,3,206282,206693,1,3502,-8933,-1956
2751,3,206302,206693,1,3759,-8971,-2298
2752,3,206322,206693,1,3069,-8719,-2511
2753,3,206342,206693,1,2636,-8499,-2466
2754,3,206362,206693,1,2853,-8595,-2365
2755,3,206382,206693,1,3000,-8870,-2413
2756,3,206402,206693,1,3043,-9105,-2626
2757,3,206422,206693,1,3124,-9091,-2655
2758,3,206442,206693,1,3296,-8856,-2739
2759,3,206463,206693,1,3026,-8746,-2638
2760,3,206483,206693,1,2748,-8760,-2633
2761,3,206503,206693,1,2832,-8964,-2794
2762,3,206523,206693,1,2873,-9182,-2887
2763,3,206543,206693,1,2796,-9172,-2796
2764,3,206563,207727,1,2789,-8997,-2667
2765,3,206583,207727,1,2925,-8803,-2822
2766,3,206603,207727,1,2961,-8794,-2887
2767,3,206623,207727,1,2944,-8691,-2925
2768,3,206643,207727,1,2983,-8696,-2832
2769,3,206663,207727,1,3043,-8719,-2901
2770,3,206688,207727,1,2976,-8743,-2889
2771,3,206708,207727,1,2966,-8827,-2818
2772,3,206728,207727,1,3102,-8911,-2717
2773,3,206748,207727,1,3323,-8832,-2710
2774,3,206768,207727,1,3351,-8712,-2674
2775,3,206788,207727,1,3280,-8674,-2715
2776,3,206808,207727,1,3110,-8715,-2616
2777,3,206828,207727,1,2988,-8856,-2509
2778,3,206848,207727,1,2983,-9213,-2569
2779,3,206868,207727,1,3174,-9124,-2425
2780,3,206888,207727,1,3299,-9095,-2298
2781,3,206908,208110,1,3404,-8968,-2367
2782,3,206928,208110,1,3430,-8868,-2389
2783,3,206948,208110,1,3435,-9019,-2482
2784,3,206968,208110,1,3677,-9057,-2581
2785,3,206988,208110,1,3727,-8798,-2485
2786,3,207008,208110,1,3737,-8581,-2478
2787,3,207028,208110,1,3713,-8526,-2545
2788,3,207048,208110,1,3641,-8485,-2523
2789,3,207068,208110,1,3598,-8401,-2458
2790,3,207088,208110,1,3529,-8391,-2456
2791,3,207108,208110,1,3483,-8502,-2320
2792,3,207128,208110,1,3560,-8432,-2367
2793,3,207148,208110,1,3510,-8451,-2394
2794,3,207168,208110,1,3385,-8547,-2509
2795,3,207188,208110,1,3284,-8664,-2492
2796,3,207208,208110,1,3289,-8564,-2420
2797,3,207228,208110,1,3203,-8430,-2360
2798,3,207248,208110,1,3033,-8458,-2408
2799,3,207268,208110,1,3062,-8387,-2487
2800,3,207288,208110,1,2925,-8408,-2473
2801,3,207568,208723,1,3292,-8779,-2468
2802,3,207588,208723,1,3237,-8705,-2492
2803,3,207608,208723,1,3193,-8607,-2523
2804,3,207628,208723,1,3289,-8626,-2612
2805,3,207648,208723,1,3335,-8729,-2609
2806,3,207668,208723,1,3383,-8667,-2571
2807,3,207688,208723,1,3306,-8506,-2537
2808,3,207708,208723,1,3342,-8583,-2604
2809,3,207728,208723,1,3263,-8631,-2679
2810,3,207748,208723,1,3261,-8684,-2633
2811,3,207768,208723,1,3225,-8588,-2767
2812,3,207788,208723,1,3217,-8638,-2698
2813,3,207808,208723,1,3284,-8684,-2681
2814,3,207828,208723,1,3351,-8624,-2729
2815,3,207849,208723,1,3311,-8609,-2592
2816,3,207869,208723,1,3124,-8643,-2626
2817,3,207889,208723,1,3210,-8650,-2621
2818,3,207909,208723,1,3318,-8667,-2638
2819,3,207929,208723,1,3268,-8707,-2645
2820,3,207949,208723,1,3275,-8609,-2609
2821,3,207969,208724,1,3313,-8600,-2559
2822,3,207990,208724,1,3306,-8705,-2652
2823,3,208010,208724,1,3282,-8760,-2549
2824,3,208030,208724,1,3189,-8662,-2485
2825,3,208050,208724,1,3318,-8616,-2497
2826,3,208070,208724,1,3275,-8710,-2518
2827,3,208090,208724,1,3263,-8688,-2571
2828,3,208110,208724,1,3237,-8566,-2525
2829,3,208131,208724,1,3237,-8480,-2480
2830,3,208151,208724,1,3251,-8564,-2509
2831,3,208171,208724,1,3237,-8786,-2454
2832,3,208191,208724,1,3320,-8662,-2547
2833,3,208211,208724,1,3280,-8626,-2516
2834,3,208231,208724,1,3155,-8672,-2559
2835,3,208251,208724,1,3110,-8693,-2545
2836,3,208272,208724,1,3162,-8657,-2585
2837,3,208292,208724,1,3138,-8727,-2578
2838,3,208312,208724,1,3158,-8798,-2614
2839,3,208332,208724,1,3124,-8767,-2607
2840,3,208352,208724,1,3069,-8753,-2643
2841,3,208372,208724,1,2992,-8791,-2600
2842,3,208392,208724,1,2983,-8825,-2597
2843,3,208413,208724,1,3088,-8765,-2633
2844,3,208433,208724,1,3102,-8777,-2604
2845,3,208453,208724,1,3076,-8693,-2626
2846,3,208473,208724,1,3043,-8707,-2616
2847,3,208493,208724,1,3059,-8722,-2600
2848,3,208513,208724,1,3057,-8746,-2597
2849,3,208533,208724,1,3107,-8684,-2554
2850,3,208554,208724,1,3107,-8643,-2578
2851,3,208574,209739,1,3119,-8660,-2619
2852,3,208594,209739,1,3201,-8739,-2609
2853,3,208614,209739,1,3215,-8664,-2592
2854,3,208634,209739,1,3155,-8684,-2542
2855,3,208654,209739,1,3105,-8672,-2588
2856,3,208674,209739,1,3222,-8681,-2595
2857,3,208695,209739,1,3117,-8640,-2523
2858,3,208715,209739,1,3059,-8770,-2533
2859,3,208735,209739,1,3124,-8810,-2564
2860,3,208755,209739,1,3229,-8722,-2581
2861,3,208775,209739,1,3263,-8717,-2523
2862,3,208795,209739,1,3330,-8681,-2585
2863,3,208815,209739,1,3316,-8652,-2648
2864,3,208835,209739,1,3239,-8664,-2542
2865,3,208855,209739,1,3244,-8765,-2499
2866,3,208875,209739,1,3222,-8707,-2518
2867,3,208895,209739,1,3208,-8731,-2525
2868,3,208915,209739,1,3234,-8674,-2506
2869,3,208935,209739,1,3246,-8657,-2533
2870,3,208955,209739,1,3186,-8602,-2530
2871,3,208975,209739,1,3110,-8614,-2487
2872,3,208995,209739,1,3112,-8607,-2470
2873,3,209015,209739,1,3095,-8633,-2533
2874,3,209035,209739,1,3114,-8676,-2588
2875,3,209055,209739,1,3150,-8748,-2600
2876,3,209075,209739,1,3244,-8801,-2581
2877,3,209095,209739,1,3342,-8727,-2569
2878,3,209115,209739,1,3411,-8667,-2561
2879,3,209135,209739,1,3409,-8741,-2614
2880,3,209155,209739,1,3428,-8786,-2569
2881,3,209175,209739,1,3435,-8722,-2516
2882,3,209195,209739,1,3500,-8825,-2561
2883,3,209215,209739,1,3648,-8794,-2583
2884,3,209235,209739,1,3751,-8688,-2521
2885,3,209255,209739,1,3701,-8564,-2434
2886,3,209275,209739,1,3653,-8636,-2497
2887,3,209295,209739,1,3682,-8619,-2482
2888,3,209315,209739,1,3691,-8705,-2446
2889,3,209335,209739,1,3696,-8588,-2384
2890,3,209355,209739,1,3696,-8506,-2387
2891,3,209375,209739,1,3826,-8729,-2475
2892,3,209395,209739,1,3955,-8770,-2533
2893,3,209415,209739,1,3955,-8715,-2602
2894,3,209435,209739,1,3940,-8810,-2573
2895,3,209455,209740,1,3854,-8973,-2571
2896,3,209475,209740,1,3821,-8875,-2446
2897,3,209495,209740,1,3823,-8648,-2303
2898,3,209515,209740,1,3701,-8540,-2183
2899,3,209535,209740,1,3756,-8775,-2293
2900,3,209555,209740,1,3988,-8834,-2521
2901,3,209575,210735,1,4017,-8964,-2626
2902,3,209595,210735,1,3936,-8739,-2506
2903,3,209615,210735,1,3816,-7970,-2241
2904,3,209635,210735,1,3723,-7271,-2164
2905,3,209655,210735,1,3591,-7139,-1953
2906,3,209675,210735,1,3435,-7518,-2066
2907,3,209695,210735,1,3478,-7925,-2152
2908,3,209720,210735,1,3610,-7810,-2166
2909,3,209740,210735,1,3751,-7896,-2298
2910,3,209760,210735,1,3821,-8248,-2312
2911,3,209780,210735,1,4142,-8432,-2449
2912,3,209800,210735,1,4328,-8533,-2511
2913,3,209820,210735,1,4331,-8552,-2581
2914,3,209840,210735,1,4501,-8506,-2423
2915,3,209860,210735,1,4666,-8403,-2523
2916,3,209880,210735,1,4781,-8439,-2655
2917,3,209900,210735,1,4855,-8415,-2743
2918,3,209920,210735,1,4855,-8042,-2758
2919,3,209940,210735,1,4755,-7843,-2710
2920,3,209960,210735,1,4592,-7848,-2624
2921,3,209980,210735,1,4482,-7735,-2655
2922,3,210000,210735,1,4321,-7874,-2712
2923,3,210020,210735,1,4290,-8071,-2863
2924,3,210040,210735,1,4304,-8209,-2928
2925,3,210060,210735,1,4309,-8300,-2873
2926,3,210080,210735,1,4434,-8154,-2909
2927,3,210100,210735,1,4503,-8054,-2901
2928,3,210120,210735,1,4379,-8032,-3021
2929,3,210140,210736,1,4278,-8032,-3007
2930,3,210160,210736,1,4216,-8090,-3023
2931,3,210180,210736,1,4012,-7951,-3076
2932,3,210200,210736,1,4055,-7970,-3016
2933,3,210220,210736,1,4000,-8016,-3081
2934,3,210240,210736,1,3883,-8178,-3263
2935,3,210260,210736,1,3754,-8322,-3677
2936,3,210280,210736,1,3759,-8406,-3845
2937,3,210300,210736,1,3703,-8518,-3766
2938,3,210320,210736,1,3481,-8466,-3399
2939,3,210340,210736,1,3435,-8317,-3663
2940,3,210360,210736,1,3493,-8360,-3847
2941,3,210380,210736,1,3337,-8760,-4403
2942,3,210400,210736,1,3354,-8681,-4027
2943,3,210420,210736,1,3435,-8482,-3940
2944,3,210440,210736,1,3378,-7630,-3991
2945,3,210460,210736,1,3380,-7616,-3952
2946,3,210480,210736,1,3284,-8042,-3600
2947,3,210500,210736,1,3179,-8475,-4120
2948,3,210520,210736,1,3213,-8664,-4060
2949,3,210540,210736,1,3213,-8468,-3658
2950,3,210560,210736,1,3100,-8324,-3469
2951,3,210580,211751,1,2923,-8636,-3665
2952,3,210600,211751,1,2949,-8636,-3706
2953,3,210620,211751,1,3016,-8425,-3629
2954,3,210640,211751,1,3000,-8300,-3569
2955,3,210660,211751,1,3129,-8152,-2727
2956,3,210680,211751,1,3189,-7331,-3069
2957,3,210700,211751,1,2547,-8253,-2770
2958,3,210720,211751,1,2906,-8861,-3828
2959,3,210740,211751,1,3419,-8447,-3454
2960,3,210760,211751,1,3354,-7831,-3694
2961,3,210780,211751,1,2724,-8308,-3627
2962,3,210800,211751,1,2379,-8851,-4134
2963,3,210820,211751,1,2485,-8985,-4223
2964,3,210840,211751,1,2865,-8083,-3967
2965,3,210860,211751,1,2851,-7692,-3948
2966,3,210880,211751,1,2389,-7546,-3840
2967,3,210900,211751,1,2516,-8008,-3960
2968,3,210921,211751,1,2559,-8906,-4486
2969,3,210941,211751,1,2317,-8526,-5348
2970,3,210961,211751,1,2308,-7977,-4992
2971,3,210981,211751,1,2595,-7580,-4613
2972,3,211001,211751,1,2559,-8102,-4721
2973,3,211021,211752,1,2530,-8463,-4704
2974,3,211041,211752,1,2554,-8348,-4695
2975,3,211061,211752,1,2628,-8432,-4948
2976,3,211081,211752,1,2439,-8207,-4848
2977,3,211101,211752,1,2296,-7939,-5020
2978,3,211122,211752,1,2276,-7671,-4664
2979,3,211142,211752,1,2303,-7683,-4450
2980,3,211162,211752,1,2336,-7901,-4470
2981,3,211182,211752,1,2497,-7776,-4585
2982,3,211202,211752,1,2650,-7518,-4733
2983,3,211222,211752,1,2513,-7630,-4460
2984,3,211242,211752,1,2308,-8382,-4427
2985,3,211262,211752,1,2078,-8578,-4233
2986,3,211282,211752,1,2188,-8633,-4857
2987,3,211302,211752,1,2739,-8885,-4067
2988,3,211323,211752,1,3342,-8030,-3680
2989,3,211343,211752,1,2899,-7441,-4336
2990,3,211363,211752,1,2688,-7719,-3909
2991,3,211383,211752,1,2442,-8363,-4743
2992,3,211403,211752,1,2703,-9014,-4781
2993,3,211423,211752,1,2767,-9095,-4336
2994,3,211443,211752,1,2710,-8662,-4046
2995,3,211463,211752,1,2595,-8286,-3821
2996,3,211483,211752,1,2490,-7884,-3914
2997,3,211503,211752,1,2545,-7817,-3960
2998,3,211524,211752,1,2475,-7874,-4151
2999,3,211544,211752,1,2370,-7965,-4137
3000,3,211564,211752,1,2511,-8092,-4166
3001,3,211584,212748,1,2734,-8593,-4261
3002,3,211604,212748,1,2961,-8561,-4395
3003,3,211624,212748,1,3136,-8123,-4415
3004,3,211644,212748,1,2925,-8461,-4652
3005,3,211664,212748,1,2930,-8605,-4601
3006,3,211684,212748,1,3237,-8312,-4393
3007,3,211704,212748,1,3299,-8324,-4570
3008,3,211725,212748,1,3442,-8454,-4664
3009,3,211745,212748,1,3512,-8202,-4671
3010,3,211765,212748,1,3464,-7965,-4470
3011,3,211785,212748,1,3402,-7695,-4245
3012,3,211805,212748,1,3402,-7822,-4189
3013,3,211825,212748,1,3304,-7745,-4168
3014,3,211845,212748,1,3201,-7585,-4070
3015,3,211865,212748,1,3205,-7707,-4163
3016,3,211885,212748,1,3261,-7807,-4108
3017,3,211905,212748,1,3294,-7757,-4039
3018,3,211925,212748,1,3438,-7719,-4046
3019,3,211945,212748,1,3517,-7750,-4072
3020,3,211965,212748,1,3459,-7666,-4249
3021,3,211986,212748,1,3445,-7448,-4312
3022,3,212006,212748,1,3490,-7508,-4252
3023,3,212026,212748,1,3452,-7587,-4240
3024,3,212046,212748,1,3464,-7692,-4364
3025,3,212066,212748,1,3471,-7838,-4486
3026,3,212086,212748,1,3454,-7817,-4525
3027,3,212106,212748,1,3438,-7695,-4343
3028,3,212126,212748,1,3433,-7527,-4271
3029,3,212146,212748,1,3474,-7465,-4316
3030,3,212166,212748,1,3416,-7609,-4242
3031,3,212186,212748,1,3359,-7846,-4304
3032,3,212206,212748,1,3452,-7972,-4359
3033,3,212227,212748,1,3510,-7937,-4434
3034,3,212247,212748,1,3555,-7901,-4520
3035,3,212267,212748,1,3644,-8075,-4527
3036,3,212287,212748,1,3816,-8056,-4539
3037,3,212307,212748,1,3902,-8023,-4743
3038,3,212327,212748,1,3759,-8238,-4786
3039,3,212347,212748,1,3557,-8169,-4407
3040,3,212367,212748,1,3577,-7795,-4216
3041,3,212387,212748,1,3452,-7594,-4041
3042,3,212407,212748,1,2995,-7254,-3998
3043,3,212427,212748,1,3311,-7345,-4139
3044,3,212447,212748,1,3019,-7316,-4024
3045,3,212467,212748,1,2911,-7283,-4039
3046,3,212488,212748,1,3129,-7290,-4166
3047,3,212508,212749,1,3294,-7101,-4087
3048,3,212528,212749,1,3222,-7180,-4173
3049,3,212548,212749,1,3320,-7266,-4383
3050,3,212568,212749,1,3433,-7283,-4594
3051,3,212588,213744,1,3589,-7328,-4788
3052,3,212608,213744,1,3778,-7379,-5039
3053,3,212628,213744,1,3864,-7489,-5157
3054,3,212648,213744,1,3931,-7565,-5087
3055,3,212668,213744,1,3766,-7161,-4903
3056,3,212688,213744,1,3615,-6644,-4984
3057,3,212708,213744,1,3608,-6665,-4867
3058,3,212729,213744,1,3567,-6747,-4929
3059,3,212749,213744,1,3718,-7132,-5217
3060,3,212769,213744,1,3921,-7434,-5504
3061,3,212789,213744,1,4182,-7288,-5463
3062,3,212809,213744,1,4027,-6830,-5269
3063,3,212829,213744,1,3766,-6622,-5078
3064,3,212849,213744,1,3617,-6488,-5020
3065,3,212869,213744,1,3505,-6581,-5123
3066,3,212889,213744,1,3680,-6912,-5296
3067,3,212909,213744,1,3806,-6653,-5336
3068,3,212929,213744,1,3440,-6363,-5085
3069,3,212949,213744,1,3373,-6304,-5336
3070,3,212969,213744,1,3490,-6917,-5537
3071,3,212990,213744,1,3318,-6696,-5099
3072,3,213010,213744,1,3287,-6502,-4551
3073,3,213030,213744,1,3387,-6943,-4838
3074,3,213050,213744,1,3620,-6766,-5174
3075,3,213070,213744,1,3328,-6799,-5262
3076,3,213090,213744,1,2932,-6804,-5248
3077,3,213110,213744,1,3040,-6720,-5080
3078,3,213130,213744,1,3478,-7427,-5032
3079,3,213150,213744,1,3816,-7850,-5099
3080,3,213170,213744,1,3596,-8104,-4723
3081,3,213190,213744,1,3632,-7362,-4642
3082,3,213210,213744,1,3849,-7630,-4470
3083,3,213231,213744,1,3842,-7692,-4091
3084,3,213251,213744,1,3871,-7017,-4034
3085,3,213271,213744,1,3763,-7946,-4460
3086,3,213291,213744,1,3361,-8049,-4673
3087,3,213311,213744,1,3337,-7778,-4496
3088,3,213331,213744,1,3521,-7676,-4137
3089,3,213351,213744,1,3493,-7795,-4156
3090,3,213371,213744,1,3404,-7676,-3438
3091,3,213391,213744,1,3217,-8578,-3328
3092,3,213411,213745,1,3510,-7913,-3677
3093,3,213431,213745,1,4168,-7518,-4862
3094,3,213451,213745,1,2638,-8303,-5020
3095,3,213471,213745,1,3378,-9313,-4666
3096,3,213492,213745,1,3124,-10125,-4843
3097,3,213512,213745,1,3007,-10247,-4996
3098,3,213532,213745,1,3148,-10290,-5322
3099,3,213552,213745,1,3086,-9979,-5288
3100,3,213572,213745,1,2478,-8794,-5442
3101,3,213592,214761,1,2178,-8810,-5423
3102,3,213612,214761,1,2221,-9131,-5090
3103,3,213632,214761,1,2106,-9553,-4676
3104,3,213652,214761,1,1685,-9514,-4812
3105,3,213672,214761,1,1601,-9368,-4719
3106,3,213692,214761,1,1568,-9318,-4869
3107,3,213712,214761,1,1300,-9215,-4805
3108,3,213733,214761,1,1139,-9076,-4920
3109,3,213753,214761,1,936,-9057,-4659
3110,3,213773,214761,1,749,-9495,-4427
3111,3,213793,214761,1,660,-9742,-4328
3112,3,213813,214761,1,402,-9660,-4225
3113,3,213833,214761,1,210,-10055,-4070
3114,3,213853,214761,1,-21,-9725,-4180
3115,3,213873,214761,1,-385,-9557,-4247
3116,3,213893,214761,1,-502,-10163,-4065
3117,3,213913,214761,1,-905,-10247,-4070
3118,3,213933,214761,1,-1793,-9826,-3998
3119,3,213953,214762,1,-2391,-9823,-3670
3120,3,213973,214762,1,-2724,-9514,-3330
3121,3,213994,214762,1,-2834,-9095,-3011
3122,3,214014,214762,1,-2324,-8777,-3481
3123,3,214034,214762,1,-1857,-9126,-3945
3124,3,214054,214762,1,-2219,-8602,-3735
3125,3,214074,214762,1,-2686,-7814,-3636
3126,3,214094,214762,1,-2832,-7678,-3102
3127,3,214114,214762,1,-2940,-7829,-2672
3128,3,214134,214762,1,-2511,-7817,-2255
3129,3,214154,214762,1,-2966,-7079,-1209
3130,3,214174,214762,1,-2758,-8597,-1070
3131,3,214194,214762,1,-2183,-8693,-1709
3132,3,214214,214762,1,-3179,-8411,-1817
3133,3,214235,214762,1,-3052,-8494,-2552
3134,3,214255,214762,1,-3189,-8588,-1901
3135,3,214275,214762,1,-3373,-9038,-1498
3136,3,214295,214762,1,-3026,-9182,-1458
3137,3,214315,214762,1,-2703,-9794,-1728
3138,3,214335,214762,1,-3356,-8825,-1817
3139,3,214355,214762,1,-3603,-8109,-2162
3140,3,214375,214762,1,-3385,-7556,-2018
3141,3,214395,214762,1,-3680,-7501,-1879
3142,3,214415,214762,1,-3481,-7932,-1740
3143,3,214435,214762,1,-3332,-8044,-1965
3144,3,214455,214762,1,-3469,-8209,-2267
3145,3,214475,214762,1,-3330,-8126,-2360
3146,3,214496,214762,1,-3318,-7881,-2518
3147,3,214516,214762,1,-3225,-7824,-2686
3148,3,214536,214762,1,-3143,-7934,-2533
3149,3,214556,214762,1,-3110,-8032,-2585
3150,3,214576,214762,1,-3181,-8209,-2765
3151,3,214596,215757,1,-3301,-8365,-2832
3152,3,214616,215757,1,-3284,-8298,-2772
3153,3,214636,215757,1,-3344,-8178,-2650
3154,3,214656,215757,1,-3270,-8415,-2547
3155,3,214676,215757,1,-3390,-8435,-2547
3156,3,214696,215757,1,-3380,-8542,-2451
3157,3,214716,215757,1,-3457,-8430,-2406
3158,3,214737,215757,1,-3617,-8499,-2444
3159,3,214757,215757,1,-3651,-8566,-2202
3160,3,214777,215757,1,-3677,-8621,-2245
3161,3,214797,215757,1,-3782,-8585,-2219
3162,3,214817,215758,1,-3804,-8458,-2286
3163,3,214837,215758,1,-3854,-8367,-2310
3164,3,214857,215758,1,-3778,-8310,-2530
3165,3,214877,215758,1,-3833,-8435,-2602
3166,3,214897,215758,1,-3802,-8269,-2722
3167,3,214917,215758,1,-3770,-8310,-2569
3168,3,214937,215758,1,-3706,-8274,-2475
3169,3,214957,215758,1,-3703,-8253,-2602
3170,3,214977,215758,1,-3687,-8231,-2652
3171,3,214998,215758,1,-3715,-8197,-2576
3172,3,215018,215758,1,-3737,-8205,-2569
3173,3,215038,215758,1,-3632,-8056,-2664
3174,3,215058,215758,1,-3584,-8195,-2722
3175,3,215078,215758,1,-3340,-8387,-2683
3176,3,215098,215758,1,-3299,-8245,-2798
3177,3,215118,215758,1,-3258,-8322,-2664
3178,3,215138,215758,1,-3222,-8291,-2643
3179,3,215158,215758,1,-3213,-8126,-2528
3180,3,215178,215758,1,-3292,-7891,-2731
3181,3,215198,215758,1,-3368,-8154,-3052
3182,3,215218,215758,1,-3316,-8296,-3404
3183,3,215239,215758,1,-3241,-8600,-3794
3184,3,215259,215758,1,-3399,-8686,-3998
3185,3,215279,215758,1,-3275,-8497,-4249
3186,3,215299,215758,1,-3435,-8351,-4503
3187,3,215319,215758,1,-3375,-8245,-4419
3188,3,215339,215758,1,-3541,-8367,-4570
3189,3,215359,215758,1,-3663,-8794,-4556
3190,3,215379,215758,1,-3725,-8372,-4424
3191,3,215399,215758,1,-3706,-8423,-4144
3192,3,215419,215758,1,-3735,-8365,-4146
3193,3,215439,215758,1,-3826,-8104,-4192
3194,3,215459,215758,1,-3924,-8123,-4010
3195,3,215479,215758,1,-3912,-7989,-3948
3196,3,215500,215758,1,-3881,-8150,-3773
3197,3,215520,215758,1,-3766,-7640,-3699
3198,3,215540,215758,1,-3861,-7723,-3500
3199,3,215560,215758,1,-3842,-7881,-3481
3200,3,215580,215758,1,-3759,-7793,-3565
3201,3,215600,216753,1,-3770,-7927,-3550
3202,3,215620,216753,1,-3687,-7874,-3419
3203,3,215640,216753,1,-3615,-7994,-3287
3204,3,215660,216753,1,-3641,-8229,-3272
3205,3,215680,216753,1,-3639,-8171,-3129
3206,3,215700,216753,1,-3591,-8207,-2940
3207,3,215720,216753,1,-3538,-8205,-3105
3208,3,215741,216753,1,-3610,-7944,-3270
3209,3,215761,216753,1,-3809,-7963,-3351
3210,3,215781,216753,1,-3732,-7972,-3287
3211,3,215801,216753,1,-3656,-8011,-3170
3212,3,215821,216753,1,-3684,-8245,-3158
3213,3,215841,216753,1,-3581,-8080,-3222
3214,3,215861,216753,1,-3581,-8087,-3268
3215,3,215881,216753,1,-3524,-8226,-3375
3216,3,215901,216753,1,-3442,-8308,-3505
3217,3,215921,216753,1,-3459,-8157,-3366
3218,3,215941,216753,1,-3397,-8152,-3320
3219,3,215961,216753,1,-3162,-8186,-3296
3220,3,215981,216753,1,-3253,-8262,-3330
3221,3,216002,216754,1,-3122,-8296,-3402
3222,3,216022,216754,1,-3232,-8447,-3459
3223,3,216042,216754,1,-3354,-8305,-3232
3224,3,216062,216754,1,-3469,-8202,-3043
3225,3,216082,216754,1,-3330,-8272,-3021
3226,3,216102,216754,1,-3318,-8243,-3091
3227,3,216122,216754,1,-3304,-8186,-3270
3228,3,216142,216754,1,-3222,-8288,-3292
3229,3,216162,216754,1,-3040,-8389,-3280
3230,3,216182,216754,1,-2952,-8238,-3071
3231,3,216202,216754,1,-2916,-8281,-3000
3232,3,216222,216754,1,-2851,-8281,-2942
3233,3,216243,216754,1,-2813,-8111,-2798
3234,3,216263,216754,1,-2887,-7994,-2547
3235,3,216283,216754,1,-2988,-7905,-2557
3236,3,216303,216754,1,-2880,-7769,-2667
3237,3,216323,216754,1,-2707,-8147,-3131
3238,3,216343,216754,1,-2545,-7901,-3840
3239,3,216363,216754,1,-2865,-7798,-4759
3240,3,216383,216754,1,-2774,-8195,-5554
3241,3,216403,216754,1,-2724,-8810,-6356
3242,3,216423,216754,1,-3040,-9684,-6421
3243,3,216443,216754,1,-3229,-9835,-6160
3244,3,216463,216754,1,-3296,-9507,-6093
3245,3,216483,216754,1,-3426,-8763,-6275
3246,3,216504,216754,1,-3450,-8339,-6404
3247,3,216524,216754,1,-3208,-7723,-6045
3248,3,216544,216754,1,-2980,-7489,-5873
3249,3,216564,216754,1,-2810,-8224,-5662
3250,3,216584,216754,1,-2286,-9443,-4946
3251,3,216604,217789,1,-2530,-8813,-4422
3252,3,216624,217789,1,-2152,-7855,-4570
3253,3,216644,217789,1,-2320,-9205,-4970
3254,3,216664,217789,1,-1666,-9091,-5006
3255,3,216684,217789,1,-1599,-8846,-4539
3256,3,216704,217789,1,-1436,-8248,-4300
3257,3,216724,217789,1,-1209,-8341,-4017
3258,3,216745,217789,1,-1429,-8511,-3114
3259,3,216765,217789,1,-2102,-8102,-2497
3260,3,216785,217789,1,-2169,-8341,-2037
3261,3,216805,217789,1,-1972,-9148,-2104
3262,3,216825,217789,1,-1709,-9244,-1889
3263,3,216845,217789,1,-1951,-9823,-1446
3264,3,216865,217789,1,-1903,-9562,-617
3265,3,216885,217789,1,-1438,-9392,351
3266,3,216905,217789,1,-2851,-11561,1874
3267,3,216925,217789,1,-2308,-10755,1206
3268,3,216945,217789,1,-1980,-7348,2291
3269,3,216965,217789,1,-2408,-6340,3663
3270,3,216985,217789,1,-1537,-6996,2906
3271,3,217006,217790,1,-1268,-8528,3105
3272,3,217026,217790,1,-969,-9921,3656
3273,3,217046,217790,1,-490,-10338,4048
3274,3,217066,217790,1,-169,-10192,3615
3275,3,217086,217790,1,11,-10398,2537
3276,3,217106,217790,1,162,-9943,2049
3277,3,217126,217790,1,517,-9012,1805
3278,3,217146,217790,1,354,-8238,1381
3279,3,217166,217790,1,241,-7379,996
3280,3,217186,217790,1,150,-7058,986
3281,3,217206,217790,1,-9,-7460,957
3282,3,217226,217790,1,52,-7369,598
3283,3,217247,217790,1,-100,-7824,495
3284,3,217267,217790,1,-378,-8818,351
3285,3,217287,217790,1,-591,-8858,83
3286,3,217307,217790,1,-1094,-8966,325
3287,3,217327,217790,1,-1484,-8873,498
3288,3,217347,217790,1,-1415,-8616,634
3289,3,217367,217790,1,-1340,-8806,629
3290,3,217387,217790,1,-1623,-9481,988
3291,3,217407,217790,1,-1970,-9732,1438
3292,3,217427,217790,1,-1743,-9308,1405
3293,3,217447,218171,1,-1860,-9411,1771
3294,3,217467,218171,1,-2221,-9684,1877
3295,3,217487,218171,1,-2205,-9316,1869
3296,3,217508,218171,1,-2094,-9012,1970
3297,3,217528,218171,1,-1929,-9098,2487
3298,3,217548,218171,1,-1905,-8595,2312
3299,3,217568,218171,1,-1838,-8049,2688
3300,3,217588,218171,1,-1956,-7398,2183
3301,3,217608,218784,1,-1826,-7786,1110
3302,3,217628,218784,1,-1166,-9562,-565
3303,3,217648,218784,1,-782,-10628,-1022
3304,3,217668,218784,1,-629,-11032,-435
3305,3,217688,218784,1,-677,-11485,-641
3306,3,217708,218784,1,-883,-10467,-531
3307,3,217728,218784,1,-1036,-9328,-952
3308,3,217749,218784,1,-1273,-9536,-938
3309,3,217769,218784,1,-1288,-9909,-931
3310,3,217789,218784,1,-1249,-9711,-335
3311,3,217809,218784,1,-1393,-9964,74
3312,3,217829,218784,1,-1793,-10173,225
3313,3,217849,218784,1,-2090,-9993,433
3314,3,217869,218784,1,-2243,-9727,744
3315,3,217889,218784,1,-2425,-9596,1185
3316,3,217909,218784,1,-2545,-9129,1668
3317,3,217930,218784,1,-2777,-8724,2272
3318,3,217950,218784,1,-2897,-8047,2355
3319,3,217970,218784,1,-2834,-7055,2360
3320,3,217990,218784,1,-2868,-6701,2092
3321,3,218010,218784,1,-3028,-7498,1359
3322,3,218030,218784,1,-2803,-9138,531
3323,3,218050,218784,1,-2858,-9909,141
3324,3,218070,218784,1,-2913,-9167,351
3325,3,218091,218784,1,-3438,-8150,593
3326,3,218111,218784,1,-3785,-8645,459
3327,3,218131,218784,1,-4721,-9835,136
3328,3,218151,218784,1,-5506,-9900,155
3329,3,218171,218784,1,-5604,-8870,-541
3330,3,218191,218784,1,-5037,-8961,-1343
3331,3,218211,218784,1,-4508,-9517,-2387
3332,3,218231,218784,1,-4357,-9397,-2743
3333,3,218252,218784,1,-4192,-9074,-2566
3334,3,218272,218784,1,-3897,-8880,-2609
3335,3,218292,218784,1,-3938,-9194,-2054
3336,3,218312,218784,1,-3924,-9320,-1575
3337,3,218332,218784,1,-3780,-9083,-1242
3338,3,218352,218784,1,-3799,-8724,-1125
3339,3,218372,218784,1,-3775,-8628,-1266
3340,3,218392,218784,1,-3541,-8691,-1240
3341,3,218412,218785,1,-3318,-8454,-1034
3342,3,218433,218785,1,-3100,-8600,-1007
3343,3,218453,218785,1,-2990,-8842,-936
3344,3,218473,218785,1,-2901,-8990,-1125
3345,3,218493,218785,1,-2827,-9426,-854
3346,3,218513,218785,1,-2631,-9773,-809
3347,3,218533,218785,1,-2535,-9668,-466
3348,3,218553,218785,1,-2672,-9402,-318
3349,3,218573,218785,1,-2561,-9117,-347
3350,3,218594,218785,1,-2253,-8739,-74
3351,3,218614,219800,1,-2150,-8353,158
3352,3,218634,219800,1,-2542,-8652,217
3353,3,218654,219800,1,-2727,-9174,162
3354,3,218674,219800,1,-2652,-9364,246
3355,3,218694,219800,1,-2624,-8997,299
3356,3,218714,219800,1,-2892,-8767,574
3357,3,218734,219800,1,-2719,-8703,799
3358,3,218755,219800,1,-2231,-8808,1091
3359,3,218775,219800,1,-1975,-9170,588
3360,3,218795,219800,1,-2169,-9950,241
3361,3,218815,219800,1,-2343,-10048,217
3362,3,218835,219800,1,-2272,-9387,423
3363,3,218855,219800,1,-2300,-9136,-7
3364,3,218875,219800,1,-2485,-9617,-402
3365,3,218895,219800,1,-2533,-9864,-124
3366,3,218915,219800,1,-2401,-9289,160
3367,3,218935,219800,1,-2171,-8971,208
3368,3,218955,219800,1,-2190,-9129,122
3369,3,218975,219800,1,-2255,-9081,-167
3370,3,218995,219800,1,-2068,-9024,-79
3371,3,219015,219800,1,-1913,-9093,-263
3372,3,219035,219800,1,-2073,-9232,-141
3373,3,219055,219800,1,-1946,-9232,-88
3374,3,219075,219800,1,-1822,-9347,-143
3375,3,219095,219800,1,-1836,-9320,-67
3376,3,219115,219800,1,-1889,-9502,-4
3377,3,219135,219800,1,-1889,-9672,26
3378,3,219155,219800,1,-1989,-9445,33
3379,3,219175,219800,1,-1956,-9366,2
3380,3,219195,219800,1,-1987,-9562,-31
3381,3,219215,219800,1,-2075,-9423,0
3382,3,219235,219800,1,-2183,-9495,167
3383,3,219255,219800,1,-2274,-9512,90
3384,3,219276,219800,1,-2322,-9045,76
3385,3,219296,219800,1,-2411,-8561,-83
3386,3,219316,219800,1,-2468,-8743,-43
3387,3,219336,219800,1,-2427,-9086,35
3388,3,219356,219800,1,-2463,-9081,-43
3389,3,219376,219800,1,-2248,-8856,23
3390,3,219396,219800,1,-2080,-8906,88
3391,3,219416,219800,1,-1939,-9294,31
3392,3,219436,219800,1,-1805,-9457,-81
3393,3,219456,219800,1,-1695,-9409,-193
3394,3,219476,219800,1,-1692,-9653,-153
3395,3,219496,219800,1,-1759,-9790,-31
3396,3,219516,219800,1,-1886,-9483,2
3397,3,219536,219800,1,-1932,-9375,9
3398,3,219556,219800,1,-1970,-9744,-105
3399,3,219576,219800,1,-2013,-9747,-112
3400,3,219596,219800,1,-1968,-9308,-38
3401,3,219616,220795,1,-1886,-9095,31
3402,3,219636,220795,1,-1881,-9277,71
3403,3,219656,220795,1,-1910,-9261,23
3404,3,219676,220795,1,-1920,-9076,19
3405,3,219696,220796,1,-1996,-9201,43
3406,3,219716,220796,1,-2030,-9150,-16
3407,3,219736,220796,1,-2164,-9217,9
3408,3,219756,220796,1,-2140,-9141,-52
3409,3,219776,220796,1,-2083,-9392,-21
3410,3,219797,220796,1,-2030,-9426,-59
3411,3,219817,220796,1,-2094,-9462,-40
3412,3,219837,220796,1,-2051,-9411,-35
3413,3,219857,220796,1,-1965,-9347,-33
3414,3,219877,220796,1,-1968,-9332,-52
3415,3,219897,220796,1,-1869,-9320,-107
3416,3,219917,220796,1,-1824,-9411,-67
3417,3,219937,220796,1,-1838,-9385,-93
3418,3,219957,220796,1,-1829,-9397,-11
3419,3,219977,220796,1,-1901,-9428,-69
3420,3,219998,220796,1,-1862,-9155,-9
3421,3,220018,220796,1,-1793,-8947,100
3422,3,220038,220796,1,-1762,-9136,186
3423,3,220058,220796,1,-1850,-9275,294
3424,3,220078,220796,1,-1927,-9213,385
3425,3,220098,220796,1,-1800,-9275,483
3426,3,220118,220796,1,-1750,-9373,483
3427,3,220138,220796,1,-1843,-9541,462
3428,3,220158,220796,1,-1822,-9421,555
3429,3,220178,220796,1,-1829,-9184,627
3430,3,220199,220796,1,-1929,-8968,555
3431,3,220219,220796,1,-2015,-9033,577
3432,3,220239,220796,1,-2109,-9103,572
3433,3,220259,220796,1,-2229,-9019,617
3434,3,220279,220796,1,-2298,-9035,639
3435,3,220299,220796,1,-2262,-9265,569
3436,3,220319,220796,1,-2090,-9387,440
3437,3,220339,220796,1,-1893,-9352,361
3438,3,220359,220796,1,-1848,-9404,296
3439,3,220379,220796,1,-1714,-9368,191
3440,3,220400,220796,1,-1654,-9512,105
3441,3,220420,220796,1,-1637,-9512,16
3442,3,220440,220796,1,-1709,-9574,55
3443,3,220460,220796,1,-1711,-9464,-23
3444,3,220480,220796,1,-1692,-9411,74
3445,3,220500,220796,1,-1750,-9371,62
3446,3,220520,220796,1,-1855,-9383,105
3447,3,220540,220796,1,-1903,-9323,158
3448,3,220560,220796,1,-1891,-9359,179
3449,3,220580,220796,1,-1944,-9385,282
3450,3,220601,220796,1,-1924,-9380,258
3451,3,220621,221812,1,-1850,-9340,366
3452,3,220641,221812,1,-1819,-9263,411
3453,3,220661,221812,1,-1721,-9282,517
3454,3,220681,221812,1,-1726,-9275,598
3455,3,220701,221812,1,-1690,-9261,574
3456,3,220721,221812,1,-1656,-9306,612
3457,3,220741,221812,1,-1719,-9299,600
3458,3,220761,221812,1,-1884,-9256,620
3459,3,220786,221812,1,-1924,-9232,648
3460,3,220806,221812,1,-1951,-9296,636
3461,3,220826,221812,1,-1922,-9258,617
3462,3,220846,221812,1,-1867,-9306,550
3463,3,220866,221812,1,-1800,-9273,509
3464,3,220886,221812,1,-1735,-9316,533
3465,3,220906,221812,1,-1709,-9277,493
3466,3,220926,221812,1,-1685,-9273,486
3467,3,220946,221812,1,-1666,-9246,440
3468,3,220966,221812,1,-1556,-9373,521
3469,3,220986,221812,1,-1508,-9457,526
3470,3,221006,221812,1,-1517,-9464,500
3471,3,221026,221812,1,-1460,-9452,608
3472,3,221046,221812,1,-1474,-9440,620
3473,3,221066,221812,1,-1443,-9435,687
3474,3,221086,221812,1,-1415,-9443,742
3475,3,221106,221812,1,-1407,-9462,715
3476,3,221126,221812,1,-1405,-9445,742
3477,3,221146,221812,1,-1498,-9304,785
3478,3,221166,221812,1,-1510,-9361,720
3479,3,221186,221812,1,-1501,-9304,780
3480,3,221206,221812,1,-1522,-9265,802
3481,3,221226,221812,1,-1577,-9361,684
3482,3,221246,221812,1,-1678,-9313,646
3483,3,221266,221812,1,-1733,-9263,730
3484,3,221286,221812,1,-1747,-9256,694
3485,3,221306,221812,1,-1766,-9246,644
3486,3,221326,221812,1,-1733,-9359,648
3487,3,221346,221812,1,-1685,-9383,653
3488,3,221366,221812,1,-1644,-9340,620
3489,3,221386,221812,1,-1592,-9342,632
3490,3,221406,221812,1,-1599,-9387,679
3491,3,221426,221812,1,-1630,-9347,687
3492,3,221446,221812,1,-1580,-9311,646
3493,3,221466,221812,1,-1525,-9332,624
3494,3,221486,221812,1,-1539,-9356,622
3495,3,221506,221812,1,-1537,-9340,608
3496,3,221526,221812,1,-1515,-9366,507
3497,3,221546,221812,1,-1611,-9198,531
3498,3,221566,221812,1,-1656,-9203,651
3499,3,221586,221812,1,-1683,-9299,684
3500,3,221606,221813,1,-1759,-9196,565
3501,3,221626,222809,1,-1738,-9349,610
3502,3,221646,222809,1,-1685,-9560,660
3503,3,221666,222809,1,-1608,-9373,761
3504,3,221686,222809,1,-1517,-9335,665
3505,3,221706,222809,1,-1371,-9481,790
3506,3,221726,222809,1,-1276,-9519,701
3507,3,221746,222809,1,-1324,-9354,735
3508,3,221766,222809,1,-1261,-9402,835
3509,3,221786,222809,1,-1249,-9435,756
3510,3,221806,222809,1,-1247,-9306,787
3511,3,221826,222809,1,-1223,-9325,864
3512,3,221846,222809,1,-1218,-9471,794
3513,3,221866,222809,1,-1312,-9416,787
3514,3,221886,222809,1,-1398,-9476,770
3515,3,221906,222809,1,-1422,-9495,806
3516,3,221926,222809,1,-1517,-9323,821
3517,3,221946,222809,1,-1553,-9100,658
3518,3,221966,222809,1,-1577,-9208,706
3519,3,221986,222809,1,-1558,-9337,624
3520,3,222006,222809,1,-1635,-9328,591
3521,3,222026,222809,1,-1561,-9347,531
3522,3,222047,222809,1,-1513,-9320,418
3523,3,222067,222809,1,-1513,-9270,299
3524,3,222087,222809,1,-1517,-9380,270
3525,3,222107,222809,1,-1503,-9380,229
3526,3,222127,222809,1,-1462,-9409,114
3527,3,222147,222809,1,-1381,-9581,-19
3528,3,222167,222809,1,-1517,-9653,86
3529,3,222187,222809,1,-1498,-9514,129
3530,3,222207,222809,1,-1383,-9502,74
3531,3,222227,222809,1,-1424,-9572,131
3532,3,222247,222809,1,-1508,-9411,59
3533,3,222267,222809,1,-1532,-9203,50
3534,3,222288,222809,1,-1470,-9328,141
3535,3,222308,222809,1,-1436,-9356,237
3536,3,222328,222809,1,-1450,-9210,292
3537,3,222348,222809,1,-1465,-9301,260
3538,3,222368,222809,1,-1474,-9507,210
3539,3,222388,222809,1,-1482,-9464,181
3540,3,222408,222809,1,-1489,-9438,282
3541,3,222428,222809,1,-1496,-9416,251
3542,3,222448,222809,1,-1424,-9457,205
3543,3,222468,222809,1,-1400,-9519,186
3544,3,222488,222809,1,-1429,-9488,270
3545,3,222508,222809,1,-1527,-9452,316
3546,3,222528,222809,1,-1604,-9311,138
3547,3,222549,222809,1,-1678,-9196,222
3548,3,222569,222809,1,-1728,-9146,201
3549,3,222589,222809,1,-1728,-9261,217
3550,3,222609,222809,1,-1733,-9234,148
3551,3,222629,223812,1,-1692,-9284,193
3552,3,222649,223813,1,-1573,-9328,186
3553,3,222669,223813,1,-1460,-9450,162
3554,3,222689,223813,1,-1426,-9459,150
3555,3,222709,223813,1,-1369,-9522,208
3556,3,222729,223813,1,-1319,-9538,143
3557,3,222749,223813,1,-1350,-9524,201
3558,3,222769,223813,1,-1405,-9464,177
3559,3,222790,223813,1,-1474,-9462,225
3560,3,222810,223813,1,-1544,-9495,272
3561,3,222830,223813,1,-1520,-9421,344
3562,3,222850,223813,1,-1568,-9249,390
3563,3,222870,223813,1,-1656,-9174,378
3564,3,222890,223813,1,-1671,-9232,349
3565,3,222910,223813,1,-1711,-9313,351
3566,3,222930,223813,1,-1649,-9356,282
3567,3,222950,223813,1,-1647,-9445,244
3568,3,222970,223813,1,-1532,-9433,191
3569,3,222990,223813,1,-1551,-9378,150
3570,3,223010,223813,1,-1446,-9380,119
3571,3,223030,223813,1,-1465,-9354,162
3572,3,223050,223813,1,-1460,-9402,208
3573,3,223070,223813,1,-1388,-9466,229
3574,3,223090,223813,1,-1460,-9344,205
3575,3,223110,223813,1,-1494,-9332,342
3576,3,223131,223813,1,-1525,-9356,399
3577,3,223151,223813,1,-1608,-9256,368
3578,3,223171,223813,1,-1601,-9239,280
3579,3,223191,223813,1,-1517,-9476,392
3580,3,223211,223813,1,-1510,-9421,292
3581,3,223231,223813,1,-1508,-9349,306
3582,3,223251,223813,1,-1453,-9493,330
3583,3,223271,223813,1,-1410,-9557,328
3584,3,223291,223813,1,-1403,-9459,296
3585,3,223311,223813,1,-1393,-9387,335
3586,3,223331,223813,1,-1417,-9311,349
3587,3,223351,223813,1,-1405,-9354,349
3588,3,223371,223813,1,-1450,-9356,344
3589,3,223391,223813,1,-1477,-9311,438
3590,3,223411,223813,1,-1503,-9316,339
3591,3,223431,223813,1,-1513,-9354,349
3592,3,223451,223813,1,-1539,-9308,313
3593,3,223472,223813,1,-1537,-9431,335
3594,3,223492,223813,1,-1517,-9440,337
3595,3,223512,223813,1,-1462,-9411,337
3596,3,223532,223813,1,-1467,-9399,344
3597,3,223552,223813,1,-1467,-9416,339
3598,3,223572,223814,1,-1455,-9378,316
3599,3,223592,223814,1,-1453,-9347,311
3600,3,223612,223814,1,-1436,-9399,339
3601,3,223632,224823,1,-1505,-9340,318
3602,3,223652,224823,1,-1501,-9313,320
3603,3,223672,224823,1,-1462,-9407,332
3604,3,223692,224823,1,-1467,-9392,378
3605,3,223712,224823,1,-1419,-9368,349
3606,3,223732,224823,1,-1448,-9411,306
3607,3,223752,224823,1,-1494,-9440,356
3608,3,223772,224823,1,-1491,-9407,311
3609,3,223793,224823,1,-1508,-9402,332
3610,3,223813,224823,1,-1517,-9383,347
3611,3,223833,224823,1,-1501,-9440,308
3612,3,223853,224823,1,-1484,-9440,337
3613,3,223873,224823,1,-1494,-9385,375
3614,3,223893,224823,1,-1467,-9402,289
3615,3,223913,224823,1,-1491,-9450,363
3616,3,223933,224823,1,-1438,-9450,368
3617,3,223953,224823,1,-1400,-9500,442
3618,3,223973,224823,1,-1395,-9443,363
3619,3,223993,224823,1,-1395,-9244,296
3620,3,224013,224823,1,-1285,-9177,265
3621,3,224033,224823,1,-1206,-9196,244
3622,3,224054,224823,1,-1312,-9244,335
3623,3,224074,224823,1,-1405,-9457,371
3624,3,224094,224823,1,-1570,-9538,316
3625,3,224114,224823,1,-1735,-9438,476
3626,3,224134,224823,1,-1778,-9529,493
3627,3,224154,224823,1,-1824,-9591,471
3628,3,224174,224823,1,-1800,-9237,409
3629,3,224194,224823,1,-1683,-9217,402
3630,3,224214,224823,1,-1637,-9354,452
3631,3,224234,224823,1,-1618,-9608,560
3632,3,224254,224823,1,-1618,-9306,363
3633,3,224274,224823,1,-1551,-9038,311
3634,3,224295,224823,1,-1573,-9155,316
3635,3,224315,224823,1,-1733,-9270,189
3636,3,224335,224823,1,-1743,-9138,249
3637,3,224355,224823,1,-1553,-9328,232
3638,3,224375,224823,1,-1625,-9493,260
3639,3,224395,224824,1,-1628,-9311,33
3640,3,224415,224824,1,-1431,-9282,45
3641,3,224435,224824,1,-1405,-9584,208
3642,3,224455,224824,1,-1417,-9519,260
3643,3,224475,224824,1,-1532,-9524,349
3644,3,224495,224824,1,-1417,-9632,213
3645,3,224515,224824,1,-1381,-9555,129
3646,3,224535,224824,1,-1494,-9318,153
3647,3,224556,224824,1,-1501,-9122,136
3648,3,224576,224824,1,-1556,-9299,131
3649,3,224596,224824,1,-1661,-9426,220
3650,3,224616,224824,1,-1695,-9354,256
3651,3,224636,225817,1,-1620,-9347,198
3652,3,224656,225817,1,-1592,-9371,186
3653,3,224676,225817,1,-1637,-9342,244
3654,3,224696,225817,1,-1620,-9287,241
3655,3,224716,225817,1,-1608,-9294,179
3656,3,224736,225817,1,-1613,-9318,196
3657,3,224756,225817,1,-1640,-9397,172
3658,3,224776,225817,1,-1649,-9299,136
3659,3,224797,225817,1,-1735,-9347,81
3660,3,224817,225817,1,-1759,-9428,67
3661,3,224837,225817,1,-1714,-9498,107
3662,3,224857,225818,1,-1623,-9481,95
3663,3,224877,225818,1,-1556,-9512,79
3664,3,224897,225818,1,-1510,-9471,129
3665,3,224917,225818,1,-1429,-9438,150
3666,3,224937,225818,1,-1443,-9450,284
3667,3,224957,225818,1,-1474,-9390,256
3668,3,224977,225818,1,-1482,-9378,287
3669,3,224998,225818,1,-1592,-9335,311
3670,3,225018,225818,1,-1604,-9318,356
3671,3,225038,225818,1,-1632,-9332,306
3672,3,225058,225818,1,-1640,-9273,277
3673,3,225078,225818,1,-1659,-9320,268
3674,3,225098,225818,1,-1719,-9378,249
3675,3,225118,225818,1,-1642,-9371,203
3676,3,225138,225818,1,-1549,-9344,155
3677,3,225158,225818,1,-1561,-9390,143
3678,3,225178,225818,1,-1635,-9397,172
3679,3,225199,225818,1,-1623,-9428,76
3680,3,225219,225818,1,-1640,-9328,67
3681,3,225239,225818,1,-1707,-9359,150
3682,3,225259,225818,1,-1690,-9313,52
3683,3,225279,225818,1,-1673,-9340,11
3684,3,225299,225818,1,-1699,-9371,19
3685,3,225319,225818,1,-1759,-9383,-64
3686,3,225339,225818,1,-1745,-9440,-196
3687,3,225359,225818,1,-1755,-9529,-79
3688,3,225379,225818,1,-1769,-9304,-119
3689,3,225400,225818,1,-1810,-9378,-155
3690,3,225420,225818,1,-1762,-9407,-593
3691,3,225440,225818,1,-1901,-9514,-1084
3692,3,225460,225818,1,-1984,-9771,-586
3693,3,225480,225818,1,-2226,-9862,-253
3694,3,225500,225818,1,-2231,-9232,-138
3695,3,225520,225818,1,-2375,-9155,-179
3696,3,225540,225818,1,-2133,-9301,-402
3697,3,225560,225818,1,-2183,-9062,220
3698,3,225580,225818,1,-1992,-9205,605
3699,3,225601,225818,1,-2042,-9352,811
3700,3,225621,225818,1,-2080,-9074,668
3701,3,225641,226812,1,-1810,-9024,754
3702,3,225661,226812,1,-1800,-9201,816
3703,3,225681,226812,1,-1989,-8930,972
3704,3,225701,226812,1,-2166,-8839,895
3705,3,225721,226812,1,-2066,-9035,814
3706,3,225741,226812,1,-1970,-9038,988
3707,3,225761,226812,1,-1884,-9232,1225
3708,3,225781,226812,1,-1771,-9366,1417
3709,3,225802,226813,1,-1814,-9047,1680
3710,3,225822,226813,1,-1740,-8662,1510
3711,3,225842,226813,1,-1620,-9201,1235
3712,3,225862,226813,1,-1527,-9682,1197
3713,3,225882,226813,1,-1675,-9495,1438
3714,3,225902,226813,1,-1585,-9012,2059
3715,3,225922,226813,1,-1292,-8743,1743
3716,3,225942,226813,1,-1228,-9421,1664
3717,3,225962,226813,1,-1290,-9847,1577
3718,3,225982,226813,1,-1300,-9476,1735
3719,3,226002,226813,1,-1206,-9318,1922
3720,3,226022,226813,1,-1280,-9526,1963
3721,3,226042,226813,1,-1479,-9498,1656
3722,3,226063,226813,1,-1455,-9313,1446
3723,3,226083,226813,1,-1292,-9474,1491
3724,3,226103,226813,1,-1388,-9474,1424
3725,3,226123,226813,1,-1675,-9325,1829
3726,3,226143,226813,1,-1908,-9454,1783
3727,3,226163,226813,1,-1817,-9316,1532
3728,3,226183,226813,1,-1618,-8861,1594
3729,3,226203,226813,1,-1551,-8660,1295
3730,3,226223,226813,1,-1814,-9167,1630
3731,3,226243,226813,1,-2140,-9004,1611
3732,3,226263,226813,1,-2193,-8624,1412
3733,3,226283,226813,1,-1898,-8724,1218
3734,3,226304,226813,1,-1881,-9191,849
3735,3,226324,226813,1,-2202,-9584,653
3736,3,226344,226813,1,-2451,-9421,445
3737,3,226364,226813,1,-2372,-9404,40
3738,3,226384,226813,1,-2147,-9581,-251
3739,3,226404,226813,1,-2181,-9323,-71
3740,3,226424,226813,1,-2480,-9201,-124
3741,3,226444,226813,1,-2669,-9694,-107
3742,3,226464,226813,1,-2451,-9620,-67
3743,3,226484,226813,1,-2276,-9349,-320
3744,3,226504,226813,1,-2312,-9043,-359
3745,3,226524,226813,1,-2535,-8861,-747
3746,3,226544,226813,1,-2609,-9330,-464
3747,3,226565,226813,1,-2545,-9256,-83
3748,3,226585,226813,1,-2425,-8978,306
3749,3,226605,226813,1,-2470,-9105,380
3750,3,226625,226813,1,-2573,-9249,651
3751,3,226645,227848,1,-2367,-9344,718
3752,3,226665,227848,1,-2250,-9129,735
3753,3,226685,227848,1,-2205,-8858,565
3754,3,226705,227848,1,-2343,-8988,651
3755,3,226725,227848,1,-2506,-9299,715
3756,3,226745,227848,1,-2425,-9210,945
3757,3,226765,227848,1,-2229,-9055,1082
3758,3,226785,227848,1,-2298,-9366,1106
3759,3,226810,227848,1,-2293,-9340,1166
3760,3,226830,227848,1,-2042,-9155,1084
3761,3,226850,227848,1,-1977,-9076,1034
3762,3,226870,227848,1,-2267,-8719,1393
3763,3,226890,227848,1,-2298,-8827,1431
3764,3,226910,227848,1,-2324,-8782,1357
3765,3,226930,227848,1,-2305,-9227,1285
3766,3,226950,227848,1,-2241,-9263,1252
3767,3,226970,227848,1,-2413,-8983,1089
3768,3,226990,227848,1,-2221,-9431,1058
3769,3,227010,227848,1,-2245,-8909,1166
3770,3,227030,227848,1,-2334,-9459,1103
3771,3,227050,227849,1,-2418,-9447,852
3772,3,227070,227849,1,-2315,-9483,1031
3773,3,227090,227849,1,-2497,-9009,1039
3774,3,227110,227849,1,-2612,-8794,1022
3775,3,227130,227849,1,-2583,-9000,1070
3776,3,227150,227849,1,-2446,-8952,957
3777,3,227170,227849,1,-2332,-8971,754
3778,3,227190,227849,1,-2389,-8956,670
3779,3,227210,227849,1,-2490,-8933,701
3780,3,227230,227849,1,-2482,-9031,567
3781,3,227250,227849,1,-2667,-8600,395
3782,3,227270,227849,1,-2830,-8478,356
3783,3,227290,227849,1,-2930,-8748,512
3784,3,227310,227849,1,-2798,-9081,21
3785,3,227330,227849,1,-2815,-9162,-316
3786,3,227350,227849,1,-2830,-8887,-632
3787,3,227370,227849,1,-2789,-8691,-914
3788,3,227390,227849,1,-2925,-8087,-1003
3789,3,227410,227849,1,-3021,-7031,-1479
3790,3,227430,227849,1,-2978,-7340,-2011
3791,3,227450,227849,1,-3071,-8202,-2200
3792,3,227470,227850,1,-3136,-8430,-2339
3793,3,227490,227850,1,-2947,-9203,-2150
3794,3,227510,227850,1,-2806,-9335,-2336
3795,3,227530,227850,1,-2377,-10257,-2801
3796,3,227550,227850,1,-2533,-9792,-2901
3797,3,227570,227850,1,-2075,-9076,-2956
3798,3,227590,227850,1,-1994,-8600,-3342
3799,3,227610,227850,1,-2262,-8473,-3761
3800,3,227630,227850,1,-2564,-8667,-4053
3801,3,227650,228844,1,-2564,-9038,-4144
3802,3,227670,228844,1,-2415,-9081,-4257
3803,3,227690,228844,1,-2324,-8844,-4400
3804,3,227710,228844,1,-2183,-8882,-4427
3805,3,227730,229224,1,-1984,-9352,-4613
3806,3,227750,229224,1,-1965,-9586,-4632
3807,3,227770,229224,1,-2042,-9462,-4381
3808,3,227790,229224,1,-2257,-8648,-4039
3809,3,227810,229224,1,-2178,-8166,-3912
3810,3,227830,229224,1,-2018,-8439,-3620
3811,3,227850,229224,1,-2415,-8233,-3464
3812,3,227870,229224,1,-2150,-8549,-3237
3813,3,227890,229224,1,-2343,-7992,-3009
3814,3,227910,229224,1,-2351,-8710,-2827
3815,3,227930,229225,1,-2351,-8827,-2937
3816,3,227950,229225,1,-2384,-8293,-3294
3817,3,227971,229225,1,-2391,-8360,-3340
3818,3,227991,229225,1,-2437,-8739,-3402
3819,3,228011,229225,1,-2502,-8935,-3114
3820,3,228031,229225,1,-2324,-8767,-2729
3821,3,228051,229225,1,-1948,-8968,-2588
3822,3,228071,229225,1,-1853,-9110,-2686
3823,3,228091,229225,1,-1917,-9093,-2672
3824,3,228112,229225,1,-1857,-9031,-2569
3825,3,228655,229859,1,-1934,-9110,-2377
3826,3,228676,229860,1,-1999,-9012,-2384
3827,3,228696,229860,1,-2001,-8861,-2355
3828,3,228716,229860,1,-2025,-8949,-2348
3829,3,228736,229860,1,-2073,-9308,-2478
3830,3,228756,229860,1,-2061,-9390,-2425
3831,3,228776,229860,1,-1944,-9210,-2329
3832,3,228796,229860,1,-1759,-9117,-2324
3833,3,228817,229860,1,-1733,-8971,-2353
3834,3,228837,229860,1,-1790,-8930,-2432
3835,3,228857,229860,1,-1786,-8964,-2415
3836,3,228878,229860,1,-1889,-8949,-2288
3837,3,228898,229860,1,-1992,-9103,-2039
3838,3,228919,229860,1,-2085,-9134,-2059
3839,3,228939,229860,1,-2044,-8952,-2154
3840,3,228959,229860,1,-2004,-8897,-2183
3841,3,228980,229860,1,-2042,-9074,-2133
3842,3,229000,229860,1,-2130,-8973,-2183
3843,3,229021,229860,1,-2037,-8980,-2248
3844,3,229041,229860,1,-1946,-8921,-2281
3845,3,229061,229860,1,-1910,-8990,-2286
3846,3,229082,229860,1,-1889,-9134,-2336
3847,3,229102,229860,1,-1829,-9064,-2360
3848,3,229123,229860,1,-1843,-9110,-2312
3849,3,229143,229860,1,-1848,-9150,-2310
3850,3,229163,229860,1,-1805,-9251,-2334
3851,3,229184,229860,1,-1769,-9189,-2387
3852,3,229204,229860,1,-1857,-9033,-2413
3853,3,229225,229860,1,-1857,-8964,-2341
3854,3,229245,229860,1,-1939,-9115,-2332
3855,3,229265,229860,1,-1965,-9103,-2324
3856,3,229286,229860,1,-1941,-9148,-2327
3857,3,229306,229860,1,-1939,-9167,-2336
3858,3,229327,229860,1,-1893,-9088,-2379
3859,3,229347,229860,1,-1845,-9047,-2420
3860,3,229367,229860,1,-1872,-9143,-2427
3861,3,229388,229860,1,-1939,-9012,-2396
3862,3,229408,229860,1,-1917,-9024,-2418
3863,3,229429,229860,1,-1814,-8971,-2434
3864,3,229449,229860,1,-1857,-8899,-2394
3865,3,229469,229860,1,-2011,-8909,-2248
3866,3,229490,229860,1,-2121,-8976,-2185
3867,3,229510,229860,1,-2162,-8913,-2214
3868,3,229531,229860,1,-2248,-8751,-2193
3869,3,229551,229860,1,-2322,-8849,-2279
3870,3,229571,229860,1,-2365,-8978,-2284
3871,3,229592,229861,1,-2418,-8904,-2293
3872,3,229612,229861,1,-2327,-8791,-2317
3873,3,229633,229861,1,-2197,-9047,-2499
3874,3,229653,229861,1,-2171,-9273,-2561
3875,3,229673,230861,1,-2106,-9064,-2595
3876,3,229694,230861,1,-2008,-9040,-2516
3877,3,229714,230861,1,-1963,-9055,-2482
3878,3,229735,230861,1,-1989,-8952,-2485
3879,3,229755,230861,1,-1975,-9215,-2502
3880,3,229775,230861,1,-1872,-9103,-2530
3881,3,229796,230861,1,-1812,-8959,-2497
3882,3,229816,230861,1,-1891,-9091,-2451
3883,3,229837,230861,1,-2068,-9007,-2348
3884,3,229856,230861,1,-2138,-8791,-2434
3885,3,229876,230861,1,-2138,-8638,-2470
3886,3,229896,230861,1,-2097,-8880,-2336
3887,3,229916,230861,1,-2188,-9004,-2174
3888,3,229936,230861,1,-2293,-9112,-2157
3889,3,229956,230862,1,-2102,-8889,-2219
3890,3,229976,230862,1,-1946,-8648,-2229
3891,3,229996,230862,1,-1963,-8921,-2174
3892,3,230016,230862,1,-2111,-9225,-2164
3893,3,230036,230862,1,-2015,-9189,-2174
3894,3,230056,230862,1,-1977,-9016,-2090
3895,3,230076,230862,1,-2157,-8968,-2078
3896,3,230095,230862,1,-2238,-9131,-2217
3897,3,230115,230862,1,-2159,-8937,-2298
3898,3,230135,230862,1,-2099,-8688,-2293
3899,3,230155,230862,1,-2078,-8842,-2434
3900,3,230175,230862,1,-2116,-9038,-2585
3901,3,230195,230862,1,-2090,-9019,-2844
3902,3,230215,230862,1,-2047,-9093,-2837
3903,3,230235,230862,1,-2004,-9256,-2834
3904,3,230255,230862,1,-1989,-8985,-2779
3905,3,230275,230862,1,-1939,-8945,-2660
3906,3,230295,230862,1,-1790,-9002,-2662
3907,3,230315,230862,1,-1671,-9124,-2566
3908,3,230335,230862,1,-1678,-9124,-2540
3909,3,230354,230862,1,-1728,-9107,-2547
3910,3,230374,230862,1,-1798,-8978,-2499
3911,3,230394,230862,1,-1802,-9067,-2418
3912,3,230414,230862,1,-1958,-8995,-2401
3913,3,230434,230862,1,-1953,-9122,-2281
3914,3,230454,230862,1,-1927,-9332,-2250
3915,3,230474,230862,1,-1968,-9196,-2145
3916,3,230494,230862,1,-2027,-9012,-2080
3917,3,230514,230862,1,-2066,-9050,-2054
3918,3,230534,230862,1,-2236,-8832,-1948
3919,3,230554,230862,1,-2363,-8861,-1824
3920,3,230574,230862,1,-2365,-8921,-1790
3921,3,230593,230862,1,-2305,-8904,-1814
3922,3,230613,230862,1,-2262,-8798,-1924
3923,3,230633,230862,1,-2190,-8911,-2078
3924,3,230653,230862,1,-2152,-8964,-2078
3925,3,230673,231852,1,-2094,-8918,-2152
3926,3,230693,231852,1,-2035,-8961,-2212
3927,3,230713,231852,1,-2035,-9167,-2370
3928,3,230733,231852,1,-1996,-9189,-2430
3929,3,230753,231852,1,-2020,-9028,-2379
3930,3,230773,231852,1,-2071,-9098,-2296
3931,3,230793,231852,1,-1958,-9186,-2233
3932,3,230813,231852,1,-1929,-9091,-2257
3933,3,230830,231852,1,-1905,-9126,-2300
3934,3,230850,231852,1,-1869,-9115,-2145
3935,3,230870,231852,1,-1874,-8964,-2130
3936,3,230890,231852,1,-1826,-9064,-2135
3937,3,230910,231852,1,-1843,-9237,-2260
3938,3,230930,231852,1,-1877,-9110,-2264
3939,3,230950,231852,1,-1848,-9031,-2267
3940,3,230970,231852,1,-1855,-9122,-2205
3941,3,230990,231852,1,-1884,-9222,-2166
3942,3,231010,231852,1,-1927,-9158,-2094
3943,3,231030,231852,1,-1908,-9134,-2221
3944,3,231050,231852,1,-1841,-9249,-2138
3945,3,231070,231852,1,-1886,-8947,-1968
3946,3,231090,231852,1,-1903,-9069,-1889
3947,3,231110,231852,1,-1738,-9088,-2001
3948,3,231130,231852,1,-1716,-9024,-2013
3949,3,231150,231852,1,-1752,-8983,-1860
3950,3,231170,231852,1,-1788,-8865,-2035
3951,3,231190,231852,1,-1843,-9098,-1819
3952,3,231210,231852,1,-1939,-9194,-1616
3953,3,231230,231852,1,-1850,-9323,-1654
3954,3,231250,231852,1,-1675,-9000,-1659
3955,3,231270,231852,1,-1704,-9110,-1869
3956,3,231290,231852,1,-1812,-9308,-1968
3957,3,231310,231852,1,-1956,-9222,-1649
3958,3,231330,231852,1,-2238,-9490,-1611
3959,3,231350,231852,1,-2236,-9680,-2171
3960,3,231370,231852,1,-1889,-9347,-2343
3961,3,231390,231852,1,-1563,-7913,-2504
3962,3,231410,231852,1,-1096,-8157,-2834
3963,3,231430,231852,1,-1486,-8169,-2609
3964,3,231450,231852,1,-1556,-8645,-2425
3965,3,231470,231852,1,-1151,-9079,-2444
3966,3,231490,231852,1,-1166,-8480,-2777
3967,3,231510,231852,1,-1398,-8262,-3167
3968,3,231530,231852,1,-1517,-8600,-3071
3969,3,231550,231853,1,-1046,-7778,-2145
3970,3,231570,231853,1,-787,-6787,-1704
3971,3,231590,231853,1,-622,-7187,-2815
3972,3,231610,231853,1,-1204,-7242,-3742
3973,3,231630,231853,1,-1467,-7898,-4474
3974,3,231650,231853,1,-1328,-8643,-4422
3975,3,231670,232848,1,-1470,-9888,-3316
3976,3,231690,232848,1,-521,-11949,-4070
3977,3,231710,232848,1,-469,-11636,-5042
3978,3,231730,232848,1,-1288,-9526,-5475
3979,3,231750,232848,1,-1819,-8628,-5885
3980,3,231770,232848,1,-1922,-8758,-5918
3981,3,231790,232848,1,-1697,-5976,-6395
3982,3,231810,232848,1,-1546,-5353,-6325
3983,3,231831,232848,1,-727,-7925,-5966
3984,3,231851,232848,1,-732,-10522,-5339
3985,3,231871,232848,1,-498,-9613,-5367
3986,3,231891,232848,1,-426,-8880,-5322
3987,3,231911,232848,1,-43,-9038,-5509
3988,3,231931,232849,1,-375,-8736,-4865
3989,3,231951,232849,1,-1395,-7024,-4872
3990,3,231971,232849,1,-1415,-6507,-4723
3991,3,231991,232849,1,-763,-6823,-3861
3992,3,232011,232849,1,-476,-7115,-4517
3993,3,232031,232849,1,-636,-7987,-4841
3994,3,232051,232849,1,-476,-7841,-4817
3995,3,232071,232849,1,-462,-7376,-6134
3996,3,232091,232849,1,-1127,-8212,-7254
3997,3,232111,232849,1,-1098,-7776,-7800
3998,3,232131,232849,1,-1139,-7925,-8114
3999,3,232151,232849,1,-1003,-7534,-7364
4000,3,232171,232849,1,-799,-6895,-6522
4001,3,232191,232849,1,-651,-7161,-6502
4002,3,232211,232849,1,-126,-7498,-5937
4003,3,232231,232849,1,141,-8394,-6083
4004,3,232251,232849,1,222,-8873,-5966
4005,3,232271,232849,1,387,-8602,-5097
4006,3,232291,232849,1,612,-7635,-3806
4007,3,232311,232849,1,445,-8370,-3608
4008,3,232331,232849,1,603,-8844,-3711
4009,3,232351,232849,1,948,-9019,-3996
4010,3,232371,232849,1,1072,-8389,-3160
4011,3,232391,232849,1,1036,-8197,-2906
4012,3,232411,232849,1,895,-8595,-3344
4013,3,232431,232849,1,993,-8868,-3320
4014,3,232451,232849,1,914,-9043,-3385
4015,3,232471,232849,1,905,-9059,-3579
4016,3,232491,232849,1,912,-8707,-3811
4017,3,232511,232849,1,732,-8789,-3854
4018,3,232531,232849,1,658,-8935,-3821
4019,3,232551,232849,1,574,-9019,-3998
4020,3,232571,232849,1,421,-9122,-3979
4021,3,232591,232849,1,328,-8956,-3864
4022,3,232611,232849,1,430,-8928,-3986
4023,3,232631,232849,1,440,-8748,-4031
4024,3,232651,232849,1,531,-8770,-3792
4025,3,232671,233845,1,533,-8569,-3976
4026,3,232691,233845,1,526,-8430,-3873
4027,3,232711,233845,1,593,-8473,-3718
4028,3,232731,233845,1,560,-8844,-3713
4029,3,232751,233845,1,512,-8746,-3340
4030,3,232771,233845,1,548,-8791,-3002
4031,3,232791,233845,1,459,-8549,-2877
4032,3,232811,233845,1,390,-9088,-3043
4033,3,232831,233845,1,483,-9062,-2990
4034,3,232851,233845,1,486,-9179,-3126
4035,3,232871,233845,1,435,-9205,-3110
4036,3,232891,233845,1,404,-8918,-3347
4037,3,232911,233845,1,387,-8877,-3557
4038,3,232931,233845,1,409,-8712,-3553
4039,3,232951,233845,1,524,-8602,-3668
4040,3,232971,233845,1,447,-8949,-3749
4041,3,232991,233845,1,660,-8899,-3433
4042,3,233011,233845,1,586,-8846,-3656
4043,3,233031,233845,1,596,-8873,-3493
4044,3,233051,233845,1,660,-9038,-3495
4045,3,233071,233845,1,691,-8985,-3505
4046,3,233091,233845,1,682,-9045,-3557
4047,3,233111,233845,1,687,-8897,-3727
4048,3,233131,233845,1,598,-8834,-3802
4049,3,233151,233845,1,557,-8798,-3553
4050,3,233172,233845,1,632,-8882,-3359
4051,3,233192,233845,1,648,-9021,-3102
4052,3,233212,233845,1,756,-8990,-3170
4053,3,233232,233845,1,751,-9016,-3351
4054,3,233252,233845,1,794,-8990,-3402
4055,3,233272,233845,1,761,-8913,-3402
4056,3,233292,233845,1,742,-8865,-3378
4057,3,233312,233845,1,747,-8923,-3203
4058,3,233332,233845,1,749,-8959,-3253
4059,3,233352,233845,1,761,-9052,-3347
4060,3,233372,233845,1,737,-9016,-3452
4061,3,233392,233845,1,584,-9033,-3428
4062,3,233412,233845,1,524,-8916,-3270
4063,3,233432,233845,1,524,-8887,-3320
4064,3,233452,233845,1,557,-8803,-3268
4065,3,233472,233846,1,560,-8844,-3368
4066,3,233492,233846,1,569,-8921,-3359
4067,3,233513,233846,1,588,-8885,-3330
4068,3,233533,233846,1,512,-8889,-3368
4069,3,233553,233846,1,469,-8935,-3495
4070,3,233573,233846,1,521,-8911,-3524
4071,3,233593,233846,1,502,-8945,-3574
4072,3,233613,233846,1,521,-8923,-3486
4073,3,233633,233846,1,514,-8911,-3430
4074,3,233653,233846,1,567,-8956,-3411
4075,3,233673,234862,1,572,-8942,-3572
4076,3,233693,234862,1,521,-8952,-3507
4077,3,233713,234862,1,514,-8882,-3502
4078,3,233733,234862,1,529,-8837,-3567
4079,3,233753,234862,1,505,-8921,-3498
4080,3,233773,234862,1,488,-8892,-3462
4081,3,233793,234862,1,486,-8870,-3481
4082,3,233813,234862,1,486,-8887,-3600
4083,3,233834,234862,1,450,-8830,-3658
4084,3,233854,234862,1,469,-8808,-3615
4085,3,233874,234862,1,493,-8839,-3603
4086,3,233894,234862,1,481,-8875,-3608
4087,3,233914,234862,1,483,-8889,-3562
4088,3,233934,234862,1,507,-8880,-3512
4089,3,233954,234862,1,533,-8925,-3600
4090,3,233974,234862,1,481,-8851,-3593
4091,3,233994,234862,1,476,-8830,-3596
4092,3,234014,234862,1,500,-8837,-3517
4093,3,234034,234862,1,557,-8856,-3512
4094,3,234054,234862,1,536,-8856,-3505
4095,3,234074,234862,1,498,-8889,-3495
4096,3,234095,234862,1,495,-8918,-3572
4097,3,234115,234862,1,464,-8937,-3596
4098,3,234135,234862,1,466,-8892,-3553
4099,3,234155,234862,1,457,-8786,-3526
4100,3,234175,234862,1,471,-8806,-3557
4101,3,234195,234862,1,498,-8830,-3586
4102,3,234215,234862,1,507,-8885,-3557
4103,3,234235,234862,1,498,-8861,-3536
4104,3,234255,234862,1,490,-8892,-3538
4105,3,234275,234862,1,502,-8918,-3567
4106,3,234295,234862,1,553,-8906,-3557
4107,3,234315,234862,1,519,-8873,-3521
4108,3,234336,234862,1,560,-8899,-3572
4109,3,234356,234862,1,543,-8911,-3593
4110,3,234376,234862,1,533,-8861,-3569
4111,3,234396,234862,1,509,-8822,-3553
4112,3,234416,234862,1,466,-8899,-3574
4113,3,234436,234862,1,529,-8870,-3600
4114,3,234456,234862,1,476,-8928,-3658
4115,3,234476,234862,1,509,-8863,-3507
4116,3,234496,234862,1,533,-8921,-3395
4117,3,234516,234862,1,521,-8870,-3368
4118,3,234536,234862,1,569,-8844,-3402
4119,3,234556,234862,1,531,-8832,-3639
4120,3,234576,234862,1,541,-8873,-3639
4121,3,234597,234862,1,581,-8935,-3658
4122,3,234617,234862,1,572,-8861,-3529
4123,3,234637,234862,1,577,-8851,-3538
4124,3,234657,234862,1,622,-8820,-3682
4125,3,234677,235856,1,529,-8875,-3648
4126,3,234697,235857,1,505,-8913,-3644
4127,3,234717,235857,1,512,-8897,-3445
4128,3,234737,235857,1,531,-8901,-3490
4129,3,234757,235857,1,488,-8870,-3524
4130,3,234777,235857,1,524,-8827,-3584
4131,3,234797,235857,1,495,-8875,-3622
4132,3,234817,235857,1,529,-8894,-3560
4133,3,234843,235857,1,502,-8880,-3541
4134,3,234863,235857,1,543,-8858,-3517
4135,3,234883,235857,1,555,-8844,-3600
4136,3,234903,235857,1,498,-8837,-3600
4137,3,234923,235857,1,529,-8834,-3634
4138,3,234943,235857,1,490,-8882,-3526
4139,3,234963,235857,1,469,-8875,-3579
4140,3,234983,235857,1,469,-8892,-3658
4141,3,235003,235857,1,471,-8913,-3775
4142,3,235023,235857,1,423,-8858,-3684
4143,3,235043,235857,1,438,-8830,-3512
4144,3,235063,235857,1,433,-8818,-3466
4145,3,235083,235857,1,519,-8844,-3569
4146,3,235103,235857,1,478,-8839,-3648
4147,3,235123,235857,1,442,-8863,-3648
4148,3,235143,235857,1,464,-8856,-3524
4149,3,235163,235857,1,478,-8909,-3402
4150,3,235183,235857,1,469,-8897,-3636
4151,3,235203,235857,1,488,-8827,-3759
4152,3,235223,235857,1,445,-8870,-3701
4153,3,235243,235857,1,442,-8875,-3660
4154,3,235263,235857,1,459,-8842,-3569
4155,3,235283,235857,1,500,-8906,-3651
4156,3,235303,235857,1,478,-8839,-3656
4157,3,235323,235857,1,407,-8849,-3787
4158,3,235343,235857,1,435,-8909,-3797
4159,3,235363,235857,1,440,-8904,-3507
4160,3,235383,235857,1,505,-8925,-3433
4161,3,235403,235857,1,560,-8880,-3517
4162,3,235423,235857,1,584,-8798,-3548
4163,3,235443,235857,1,557,-8760,-3471
4164,3,235463,235857,1,536,-8865,-3543
4165,3,235483,235857,1,450,-8904,-3447
4166,3,235503,235857,1,392,-8887,-3553
4167,3,235523,235857,1,306,-8942,-3627
4168,3,235543,235857,1,260,-8973,-3725
4169,3,235563,235857,1,253,-8985,-3524
4170,3,235583,235857,1,272,-8842,-3399
4171,3,235603,235857,1,270,-8861,-3332
4172,3,235623,235858,1,332,-8918,-3359
4173,3,235643,235858,1,304,-8973,-3414
4174,3,235663,235858,1,356,-8834,-3435
4175,3,235683,236873,1,392,-8992,-3562
4176,3,235703,236874,1,476,-8724,-4034
4177,3,235723,236874,1,526,-9093,-3440
4178,3,235743,236874,1,608,-8767,-2762
4179,3,235763,236874,1,598,-8877,-3289
4180,3,235783,236874,1,531,-9098,-3493
4181,3,235803,236874,1,577,-8870,-3701
4182,3,235823,236874,1,435,-8746,-3620
4183,3,235847,236874,1,471,-8521,-3081
4184,3,235867,236874,1,373,-8557,-2712
4185,3,235887,236874,1,668,-8581,-3749
4186,3,235907,236874,1,758,-9122,-5571
4187,3,235927,236874,1,495,-9471,-5109
4188,3,235947,236874,1,26,-7932,-4144
4189,3,235967,236874,1,603,-8016,-4168
4190,3,235987,236874,1,160,-8044,-4000
4191,3,236007,236874,1,191,-8643,-4489
4192,3,236027,236874,1,387,-8861,-4697
4193,3,236047,236874,1,311,-8257,-5585
4194,3,236067,236874,1,289,-8107,-6007
4195,3,236087,236874,1,55,-8090,-5880
4196,3,236107,236874,1,146,-8399,-5320
4197,3,236127,236874,1,299,-8363,-4702
4198,3,236147,236874,1,397,-7858,-4249
4199,3,236167,236874,1,270,-7788,-5126
4200,3,236187,236874,1,500,-8159,-6311
4201,3,236207,236874,1,411,-8011,-6117
4202,3,236227,236874,1,260,-8080,-4934
4203,3,236247,236874,1,268,-8133,-4460
4204,3,236267,236874,1,538,-7987,-4951
4205,3,236287,236874,1,430,-8138,-5248
4206,3,236307,236874,1,150,-7908,-5250
4207,3,236327,236874,1,239,-7714,-5336
4208,3,236347,236874,1,203,-7450,-5087
4209,3,236367,236874,1,263,-7685,-5310
4210,3,236387,236874,1,354,-8013,-5913
4211,3,236407,236874,1,318,-8032,-5901
4212,3,236427,236874,1,328,-7989,-5715
4213,3,236447,236874,1,256,-7790,-5703
4214,3,236467,236874,1,330,-7759,-5741
4215,3,236487,236874,1,189,-7755,-5803
4216,3,236507,236874,1,320,-7453,-5684
4217,3,236527,236874,1,404,-7800,-6136
4218,3,236547,236874,1,359,-8102,-5621
4219,3,236567,236874,1,318,-7506,-5150
4220,3,236587,236874,1,268,-7616,-5633
4221,3,236607,236874,1,423,-7604,-5791
4222,3,236627,236875,1,814,-8332,-6299
4223,3,236647,236875,1,275,-7300,-5607
4224,3,236667,236875,1,751,-7932,-5988
4225,3,236687,237872,1,600,-7989,-5844
4226,3,236707,237872,1,498,-8169,-6186
4227,3,236727,237872,1,234,-8389,-7443
4228,3,236747,237872,1,74,-9112,-8277
4229,3,236767,237872,1,-545,-9617,-8162
4230,3,236787,237872,1,-656,-10599,-6517
4231,3,236807,237872,1,-1903,-13616,-4422
4232,3,236827,237872,1,-778,-14423,-6091
4233,3,236847,237872,1,-1221,-14006,-3452
4234,3,236867,237872,1,-1951,-12399,-2406
4235,3,236887,237872,1,-2370,-11782,-632
4236,3,236907,237872,1,-1312,-9335,4098
4237,3,236927,237872,1,-2762,-12059,1829
4238,3,236947,237872,1,-2516,-10553,3112
4239,3,236967,237872,1,-2442,-7656,3581
4240,3,236987,237872,1,-1671,-3462,4529
4241,3,237007,237872,1,-2224,-1247,7125
4242,3,237027,237872,1,-2020,-363,8949
4243,3,237047,237872,1,-1450,584,8511
4244,3,237067,237872,1,-1819,1333,5734
4245,3,237087,237872,1,-996,1898,4999
4246,3,237108,237872,1,-260,2202,7115
4247,3,237128,237872,1,-418,3407,9332
4248,3,237148,237873,1,-1273,4551,9711
4249,3,237168,237873,1,-1245,3600,8710
4250,3,237188,237873,1,-548,3517,6627
4251,3,237208,237873,1,-505,3002,7182
4252,3,237228,237873,1,205,3794,6502
4253,3,237248,237873,1,-677,4424,9098
4254,3,237268,237873,1,-76,6454,7024
4255,3,237288,237873,1,64,3098,9002
4256,3,237308,237873,1,-253,1326,7850
4257,3,237328,237873,1,110,2877,8145
4258,3,237349,237873,1,335,2542,8145
4259,3,237369,237873,1,-1319,4381,8921
4260,3,237389,237873,1,-790,4340,9165
4261,3,237409,237873,1,-596,4247,9040
4262,3,237429,237873,1,-380,4180,8593
4263,3,237449,237873,1,581,3301,7829
4264,3,237469,237873,1,-1345,3198,8818
4265,3,237489,237873,1,-1637,5351,8880
4266,3,237509,237873,1,-1077,4403,8643
4267,3,237529,237873,1,-1185,4252,8277
4268,3,237549,237873,1,-1771,3917,7841
4269,3,237569,237873,1,-828,5281,8801
4270,3,237589,237873,1,-1187,4319,7982
4271,3,237610,237873,1,-1087,4922,8221
4272,3,237630,237873,1,-993,4654,8334
4273,3,237650,237873,1,-3155,6093,8193
4274,3,237670,237873,1,-2104,5226,8255
4275,0,237690,238448,1,-1769,4412,8174
4276,0,237770,238448,1,-1908,5193,8530
4277,0,237650,238448,1,-3155,6093,8193
4278,0,237851,238931,1,-909,5135,8190
4279,0,237931,238931,1,-1070,4580,8236
4280,0,238011,238931,1,-1273,5083,8391
4281,0,238091,238931,1,-1230,4996,8224
4282,0,238172,238931,1,-955,4805,8442
4283,0,238252,238931,1,-1161,5004,8509
4284,0,238332,238931,1,-1118,4956,8394
4285,0,238413,238931,1,-1192,5111,8480
4286,0,238493,238931,1,-943,4896,8581
4287,0,238573,238931,1,-952,4865,8494
4288,0,238654,238931,1,-847,4786,8602
4289,0,238734,238931,1,-854,4771,8693
4290,0,238814,238931,1,-948,4776,8612
4291,0,238895,239935,1,-720,4790,8638
4292,0,238975,239935,1,-715,4640,8600
4293,0,239055,239935,1,-706,4738,8636
4294,0,239136,239935,1,-648,4632,8573
4295,0,239216,239935,1,-689,4551,8700
4296,0,239296,239935,1,-672,4403,8645
4297,0,239377,239935,1,-849,4632,8394
4298,0,239457,239935,1,-251,4939,8827
4299,0,239537,239935,1,-512,4608,8614
4300,0,239618,239935,1,-656,4687,8887
4301,0,239698,239935,1,-246,4642,8937
4302,0,239778,239935,1,409,4364,8928
4303,0,239859,240938,1,-162,4623,8710
4304,0,239939,240939,1,-337,4728,8557
4305,0,240019,240939,1,-241,4666,8600
4306,0,240100,240939,1,-186,4582,8652
4307,0,240180,240939,1,-205,4649,8770
4308,0,240261,240939,1,-117,4525,8614
4309,0,240341,240939,1,-294,4755,8664
4310,0,240421,240939,1,-241,4525,8775
4311,0,240502,240939,1,-86,4522,8688
4312,0,240582,240939,1,-141,4472,8741
4313,0,240663,240939,1,-45,4513,8849
4314,0,240743,240939,1,-122,4434,8763
4315,0,240823,240939,1,-229,4484,8849
